supplier_key,supplier_name,product_name,price,stock,warehouse_stocks,source_file,row_number
ib,unknown supplier 12 05 бакси иммергаз аристон дражице навьен термекс бош эван дакор,"Автоматический сливной клапан для скважины 1"" АКЦИЯ",316.407,1.0,"{""КРД"": 1.0}",2026-05-15_13-05-59_unknown_supplier_12_05_бакси_иммергаз_аристон_дражице_навьен_термекс_бош_эван_дакор.xls,3
ib,unknown supplier 12 05 бакси иммергаз аристон дражице навьен термекс бош эван дакор,"Автоматический сливной клапан для скважины 1/2"" АКЦИЯ",233.6355,6.0,"{""КРД"": 4.0, ""Крым"": 2.0}",2026-05-15_13-05-59_unknown_supplier_12_05_бакси_иммергаз_аристон_дражице_навьен_термекс_бош_эван_дакор.xls,4
ib,unknown supplier 12 05 бакси иммергаз аристон дражице навьен термекс бош эван дакор,"Автоматический сливной клапан для скважины 3/4""",276.591,27.0,"{""КРД"": 5.0, ""Крым"": 22.0}",2026-05-15_13-05-59_unknown_supplier_12_05_бакси_иммергаз_аристон_дражице_навьен_термекс_бош_эван_дакор.xls,5
ib,unknown supplier 12 05 бакси иммергаз аристон дражице навьен термекс бош эван дакор,Юнипамп адапт. станция АКВАРОБОТ ECO JET 100 LA (г/а 2л),9480.5445,3.0,"{""КРД"": 2.0, ""Крым"": 1.0}",2026-05-15_13-05-59_unknown_supplier_12_05_бакси_иммергаз_аристон_дражице_навьен_термекс_бош_эван_дакор.xls,7
ib,unknown supplier 12 05 бакси иммергаз аристон дражице навьен термекс бош эван дакор,Юнипамп адапт. станция АКВАРОБОТ ECO JET 80 LA (г/а 2л) АКЦИЯ,8916.894,1.0,"{""КРД"": 1.0}",2026-05-15_13-05-59_unknown_supplier_12_05_бакси_иммергаз_аристон_дражице_навьен_термекс_бош_эван_дакор.xls,8
ib,unknown supplier 12 05 бакси иммергаз аристон дражице навьен термекс бош эван дакор,Юнипамп адаптивная стан. АКВАРОБОТ JET 100 L,10727.2935,2.0,"{""КРД"": 1.0, ""Крым"": 1.0}",2026-05-15_13-05-59_unknown_supplier_12_05_бакси_иммергаз_аристон_дражице_навьен_термекс_бош_эван_дакор.xls,9
ib,unknown supplier 12 05 бакси иммергаз аристон дражице навьен термекс бош эван дакор,Юнипамп адаптивная стан. АКВАРОБОТ JET 100 L (г/а 2л),10262.1225,2.0,"{""Крым"": 2.0}",2026-05-15_13-05-59_unknown_supplier_12_05_бакси_иммергаз_аристон_дражице_навьен_термекс_бош_эван_дакор.xls,10
ib,unknown supplier 12 05 бакси иммергаз аристон дражице навьен термекс бош эван дакор,Юнипамп адаптивная стан. АКВАРОБОТ JET 100 S (г/а 2л),9962.484,3.0,"{""КРД"": 1.0, ""Крым"": 2.0}",2026-05-15_13-05-59_unknown_supplier_12_05_бакси_иммергаз_аристон_дражице_навьен_термекс_бош_эван_дакор.xls,11
ib,unknown supplier 12 05 бакси иммергаз аристон дражице навьен термекс бош эван дакор,Юнипамп адаптивная стан. АКВАРОБОТ JET 110 L,12404.6475,1.0,"{""КРД"": 1.0}",2026-05-15_13-05-59_unknown_supplier_12_05_бакси_иммергаз_аристон_дражице_навьен_термекс_бош_эван_дакор.xls,12
ib,unknown supplier 12 05 бакси иммергаз аристон дражице навьен термекс бош эван дакор,Юнипамп адаптивная стан. АКВАРОБОТ JET 110 L (г/а 2л) АКЦИЯ,11106.564,18.0,"{""КРД"": 3.0, ""Крым"": 15.0}",2026-05-15_13-05-59_unknown_supplier_12_05_бакси_иммергаз_аристон_дражице_навьен_термекс_бош_эван_дакор.xls,13
ib,unknown supplier 12 05 бакси иммергаз аристон дражице навьен термекс бош эван дакор,Юнипамп адаптивная стан. АКВАРОБОТ JET 40 S (г/а 2л) АКЦИЯ,7495.173000000001,6.0,"{""КРД"": 2.0, ""Крым"": 4.0}",2026-05-15_13-05-59_unknown_supplier_12_05_бакси_иммергаз_аристон_дражице_навьен_термекс_бош_эван_дакор.xls,14
ib,unknown supplier 12 05 бакси иммергаз аристон дражице навьен термекс бош эван дакор,Юнипамп адаптивная стан. АКВАРОБОТ JET 60 S АКЦИЯ,9438.639,2.0,"{""КРД"": 1.0, ""Крым"": 1.0}",2026-05-15_13-05-59_unknown_supplier_12_05_бакси_иммергаз_аристон_дражице_навьен_термекс_бош_эван_дакор.xls,15
ib,unknown supplier 12 05 бакси иммергаз аристон дражице навьен термекс бош эван дакор,Юнипамп адаптивная стан. АКВАРОБОТ JET 60 S (г/а 2л) АКЦИЯ,8315.517,6.0,"{""КРД"": 1.0, ""Крым"": 5.0}",2026-05-15_13-05-59_unknown_supplier_12_05_бакси_иммергаз_аристон_дражице_навьен_термекс_бош_эван_дакор.xls,16
ib,unknown supplier 12 05 бакси иммергаз аристон дражице навьен термекс бош эван дакор,Юнипамп адаптивная стан. АКВАРОБОТ JET 60 SA АКЦИЯ,8729.353500000001,1.0,"{""КРД"": 1.0}",2026-05-15_13-05-59_unknown_supplier_12_05_бакси_иммергаз_аристон_дражице_навьен_термекс_бош_эван_дакор.xls,17
ib,unknown supplier 12 05 бакси иммергаз аристон дражице навьен термекс бош эван дакор,Юнипамп адаптивная стан. АКВАРОБОТ JET 80 L (г/а 2л),9735.138,6.0,"{""КРД"": 2.0, ""Крым"": 4.0}",2026-05-15_13-05-59_unknown_supplier_12_05_бакси_иммергаз_аристон_дражице_навьен_термекс_бош_эван_дакор.xls,18
ib,unknown supplier 12 05 бакси иммергаз аристон дражице навьен термекс бош эван дакор,Юнипамп адаптивная стан. АКВАРОБОТ JET 80 S (г/а 2л) АКЦИЯ,9735.138,15.0,"{""КРД"": 3.0, ""Крым"": 12.0}",2026-05-15_13-05-59_unknown_supplier_12_05_бакси_иммергаз_аристон_дражице_навьен_термекс_бош_эван_дакор.xls,19
ib,unknown supplier 12 05 бакси иммергаз аристон дражице навьен термекс бош эван дакор,Юнипамп адаптивная стан. АКВАРОБОТ JS 100 АКЦИЯ,12119.6775,2.0,"{""Крым"": 2.0}",2026-05-15_13-05-59_unknown_supplier_12_05_бакси_иммергаз_аристон_дражице_навьен_термекс_бош_эван_дакор.xls,20
ib,unknown supplier 12 05 бакси иммергаз аристон дражице навьен термекс бош эван дакор,Юнипамп адаптивная стан. АКВАРОБОТ JS 100 (г/а 2л.) АКЦИЯ,9699.5115,1.0,"{""КРД"": 1.0}",2026-05-15_13-05-59_unknown_supplier_12_05_бакси_иммергаз_аристон_дражице_навьен_термекс_бош_эван_дакор.xls,21
ib,unknown supplier 12 05 бакси иммергаз аристон дражице навьен термекс бош эван дакор,Юнипамп адаптивная стан. АКВАРОБОТ JS 60 (г/а 2л.) АКЦИЯ,9439.689,7.0,"{""КРД"": 3.0, ""Крым"": 4.0}",2026-05-15_13-05-59_unknown_supplier_12_05_бакси_иммергаз_аристон_дражице_навьен_термекс_бош_эван_дакор.xls,22
ib,unknown supplier 12 05 бакси иммергаз аристон дражице навьен термекс бош эван дакор,Юнипамп адаптивная стан. АКВАРОБОТ JS 80,9200.814,1.0,"{""КРД"": 1.0}",2026-05-15_13-05-59_unknown_supplier_12_05_бакси_иммергаз_аристон_дражице_навьен_термекс_бош_эван_дакор.xls,23
ib,unknown supplier 12 05 бакси иммергаз аристон дражице навьен термекс бош эван дакор,Юнипамп адаптивная стан. АКВАРОБОТ JS 80 (Г/а 2л) АКЦИЯ,9544.458,2.0,"{""Крым"": 2.0}",2026-05-15_13-05-59_unknown_supplier_12_05_бакси_иммергаз_аристон_дражице_навьен_термекс_бош_эван_дакор.xls,24
ib,unknown supplier 12 05 бакси иммергаз аристон дражице навьен термекс бош эван дакор,Юнипамп адаптивная стан. АКВАРОБОТ JSW 55 (г/а 2л) АКЦИЯ,10982.937000000002,2.0,"{""Крым"": 2.0}",2026-05-15_13-05-59_unknown_supplier_12_05_бакси_иммергаз_аристон_дражице_навьен_термекс_бош_эван_дакор.xls,25
ib,unknown supplier 12 05 бакси иммергаз аристон дражице навьен термекс бош эван дакор,Юнипамп адаптивная стан. АКВАРОБОТ QB 80 (г/а 2л) АКЦИЯ,8099.6895,1.0,"{""Крым"": 1.0}",2026-05-15_13-05-59_unknown_supplier_12_05_бакси_иммергаз_аристон_дражице_навьен_термекс_бош_эван_дакор.xls,26
ib,unknown supplier 12 05 бакси иммергаз аристон дражице навьен термекс бош эван дакор,Юнипамп адаптивная стан. АКВАРОБОТ ВИБРА 2-10 Н,7387.2645,1.0,"{""Крым"": 1.0}",2026-05-15_13-05-59_unknown_supplier_12_05_бакси_иммергаз_аристон_дражице_навьен_термекс_бош_эван_дакор.xls,27
ib,unknown supplier 12 05 бакси иммергаз аристон дражице навьен термекс бош эван дакор,Юнипамп адаптивная станция АКВАРОБОТ QB 60 2л,5850.3060000000005,7.0,"{""КРД"": 3.0, ""Крым"": 4.0}",2026-05-15_13-05-59_unknown_supplier_12_05_бакси_иммергаз_аристон_дражице_навьен_термекс_бош_эван_дакор.xls,28
ib,unknown supplier 12 05 бакси иммергаз аристон дражице навьен термекс бош эван дакор,Юнипамп станция авт. водосн. AUTO MH 300 A,12701.1465,3.0,"{""КРД"": 2.0, ""Крым"": 1.0}",2026-05-15_13-05-59_unknown_supplier_12_05_бакси_иммергаз_аристон_дражице_навьен_термекс_бош_эван_дакор.xls,29
ib,unknown supplier 12 05 бакси иммергаз аристон дражице навьен термекс бош эван дакор,Юнипамп станция авт. водосн. AUTO MH 400 A,14753.571000000002,2.0,"{""КРД"": 1.0, ""Крым"": 1.0}",2026-05-15_13-05-59_unknown_supplier_12_05_бакси_иммергаз_аристон_дражице_навьен_термекс_бош_эван_дакор.xls,30
ib,unknown supplier 12 05 бакси иммергаз аристон дражице навьен термекс бош эван дакор,Юнипамп станция авт.водосн. AUTO JS 60 АКЦИЯ,9857.715,1.0,"{""Крым"": 1.0}",2026-05-15_13-05-59_unknown_supplier_12_05_бакси_иммергаз_аристон_дражице_навьен_термекс_бош_эван_дакор.xls,31
ib,unknown supplier 12 05 бакси иммергаз аристон дражице навьен термекс бош эван дакор,Юнипамп станция авт.водоснабжения AUPS 126 (г/а-2 л),5836.677,10.0,"{""КРД"": 5.0, ""Крым"": 5.0}",2026-05-15_13-05-59_unknown_supplier_12_05_бакси_иммергаз_аристон_дражице_навьен_термекс_бош_эван_дакор.xls,32
ib,unknown supplier 12 05 бакси иммергаз аристон дражице навьен термекс бош эван дакор,Юнипамп станция авт.водоснабжения AUTO ECO JET 100 LA,10029.537,4.0,"{""КРД"": 2.0, ""Крым"": 2.0}",2026-05-15_13-05-59_unknown_supplier_12_05_бакси_иммергаз_аристон_дражице_навьен_термекс_бош_эван_дакор.xls,33
ib,unknown supplier 12 05 бакси иммергаз аристон дражице навьен термекс бош эван дакор,Юнипамп станция авт.водоснабжения AUTO ECO JET 80 LA,9606.2715,3.0,"{""КРД"": 3.0}",2026-05-15_13-05-59_unknown_supplier_12_05_бакси_иммергаз_аристон_дражице_навьен_термекс_бош_эван_дакор.xls,34
ib,unknown supplier 12 05 бакси иммергаз аристон дражице навьен термекс бош эван дакор,Юнипамп станция авт.водоснабжения AUTO JET 100 L-5 АКЦИЯ,9202.914,1.0,"{""Крым"": 1.0}",2026-05-15_13-05-59_unknown_supplier_12_05_бакси_иммергаз_аристон_дражице_навьен_термекс_бош_эван_дакор.xls,35
ib,unknown supplier 12 05 бакси иммергаз аристон дражице навьен термекс бош эван дакор,Юнипамп станция авт.водоснабжения AUTO JET 60 S-5 АКЦИЯ,7414.5015,1.0,"{""Крым"": 1.0}",2026-05-15_13-05-59_unknown_supplier_12_05_бакси_иммергаз_аристон_дражице_навьен_термекс_бош_эван_дакор.xls,36
ib,unknown supplier 12 05 бакси иммергаз аристон дражице навьен термекс бош эван дакор,Юнипамп станция авт.водоснабжения AUTO JS 60-5,8539.7235,2.0,"{""КРД"": 1.0, ""Крым"": 1.0}",2026-05-15_13-05-59_unknown_supplier_12_05_бакси_иммергаз_аристон_дражице_навьен_термекс_бош_эван_дакор.xls,37
ib,unknown supplier 12 05 бакси иммергаз аристон дражице навьен термекс бош эван дакор,Юнипамп станция авт.водоснабжения AUTO QB 60 - 24 л,6886.467000000001,4.0,"{""КРД"": 2.0, ""Крым"": 2.0}",2026-05-15_13-05-59_unknown_supplier_12_05_бакси_иммергаз_аристон_дражице_навьен_термекс_бош_эван_дакор.xls,38
ib,unknown supplier 12 05 бакси иммергаз аристон дражице навьен термекс бош эван дакор,Юнипамп Универсальная станция АКВАРОБОТ ECO JET 100 LA-24,11610.501000000002,9.0,"{""КРД"": 5.0, ""Крым"": 4.0}",2026-05-15_13-05-59_unknown_supplier_12_05_бакси_иммергаз_аристон_дражице_навьен_термекс_бош_эван_дакор.xls,39
ib,unknown supplier 12 05 бакси иммергаз аристон дражице навьен термекс бош эван дакор,Юнипамп Универсальная станция АКВАРОБОТ ECO JET 80 LA-24,11188.2855,6.0,"{""КРД"": 3.0, ""Крым"": 3.0}",2026-05-15_13-05-59_unknown_supplier_12_05_бакси_иммергаз_аристон_дражице_навьен_термекс_бош_эван_дакор.xls,40
ib,unknown supplier 12 05 бакси иммергаз аристон дражице навьен термекс бош эван дакор,Юнипамп Станция авт. водосн. AUTO MH 400 С,18652.021500000003,2.0,"{""КРД"": 1.0, ""Крым"": 1.0}",2026-05-15_13-05-59_unknown_supplier_12_05_бакси_иммергаз_аристон_дражице_навьен_термекс_бош_эван_дакор.xls,41
ib,unknown supplier 12 05 бакси иммергаз аристон дражице навьен термекс бош эван дакор,Юнипамп Универсальная станция АКВАРОБОТ JET 60 S-24 АКЦИЯ,10414.0365,1.0,"{""КРД"": 1.0}",2026-05-15_13-05-59_unknown_supplier_12_05_бакси_иммергаз_аристон_дражице_навьен_термекс_бош_эван_дакор.xls,42
ib,unknown supplier 12 05 бакси иммергаз аристон дражице навьен термекс бош эван дакор,Юнипамп cтанция авт.водоснабжения AUTO ECO JET 80 LA-50 АКЦИЯ,12033.7665,1.0,"{""Крым"": 1.0}",2026-05-15_13-05-59_unknown_supplier_12_05_бакси_иммергаз_аристон_дражице_навьен_термекс_бош_эван_дакор.xls,43
ib,unknown supplier 12 05 бакси иммергаз аристон дражице навьен термекс бош эван дакор,Юнипамп cтанция авт.водоснабжения AUTO JS 60-50-S АКЦИЯ,15544.578,2.0,"{""КРД"": 1.0, ""Крым"": 1.0}",2026-05-15_13-05-59_unknown_supplier_12_05_бакси_иммергаз_аристон_дражице_навьен_термекс_бош_эван_дакор.xls,44
ib,unknown supplier 12 05 бакси иммергаз аристон дражице навьен термекс бош эван дакор,Юнипамп Станция авт.водоснабжения AUTO JSW 55,12347.0235,2.0,"{""КРД"": 1.0, ""Крым"": 1.0}",2026-05-15_13-05-59_unknown_supplier_12_05_бакси_иммергаз_аристон_дражице_навьен_термекс_бош_эван_дакор.xls,45
ib,unknown supplier 12 05 бакси иммергаз аристон дражице навьен термекс бош эван дакор,Юнипамп Универсальная станция АКВАРОБОТ JSW 55-24,13839.987,1.0,"{""КРД"": 1.0}",2026-05-15_13-05-59_unknown_supplier_12_05_бакси_иммергаз_аристон_дражице_навьен_термекс_бош_эван_дакор.xls,46
ib,unknown supplier 12 05 бакси иммергаз аристон дражице навьен термекс бош эван дакор,Юнипамп Насосная станция с частотным преобразователем SCA MAX,34230.126000000004,13.0,"{""КРД"": 3.0, ""Крым"": 10.0}",2026-05-15_13-05-59_unknown_supplier_12_05_бакси_иммергаз_аристон_дражице_навьен_термекс_бош_эван_дакор.xls,47
ib,unknown supplier 12 05 бакси иммергаз аристон дражице навьен термекс бош эван дакор,Юнипамп Станция авт. водоснабжения AUPS 1100,7592.613000000001,4.0,"{""КРД"": 1.0, ""Крым"": 3.0}",2026-05-15_13-05-59_unknown_supplier_12_05_бакси_иммергаз_аристон_дражице_навьен_термекс_бош_эван_дакор.xls,48
ib,unknown supplier 12 05 бакси иммергаз аристон дражице навьен термекс бош эван дакор,Юнипамп Станция авт. водоснабжения AUPS 550,7265.727,5.0,"{""КРД"": 2.0, ""Крым"": 3.0}",2026-05-15_13-05-59_unknown_supplier_12_05_бакси_иммергаз_аристон_дражице_навьен_термекс_бош_эван_дакор.xls,49
ib,unknown supplier 12 05 бакси иммергаз аристон дражице навьен термекс бош эван дакор,Юнипамп Станция авт. водоснабжения AUPS 750,7501.462500000001,4.0,"{""КРД"": 2.0, ""Крым"": 2.0}",2026-05-15_13-05-59_unknown_supplier_12_05_бакси_иммергаз_аристон_дражице_навьен_термекс_бош_эван_дакор.xls,50
ib,unknown supplier 12 05 бакси иммергаз аристон дражице навьен термекс бош эван дакор,Юнипамп Насосная станция SCA MINI с частотным преобразователем,17180.016,2.0,"{""КРД"": 2.0}",2026-05-15_13-05-59_unknown_supplier_12_05_бакси_иммергаз_аристон_дражице_навьен_термекс_бош_эван_дакор.xls,51
ib,unknown supplier 12 05 бакси иммергаз аристон дражице навьен термекс бош эван дакор,Юнипамп Станция авт. водосн. AUTO MH 800 С,21448.308,2.0,"{""КРД"": 1.0, ""Крым"": 1.0}",2026-05-15_13-05-59_unknown_supplier_12_05_бакси_иммергаз_аристон_дражице_навьен_термекс_бош_эван_дакор.xls,52
ib,unknown supplier 12 05 бакси иммергаз аристон дражице навьен термекс бош эван дакор,Юнипамп Насос с частотным преобразователем PSB 5-40,33334.35,1.0,"{""Крым"": 1.0}",2026-05-15_13-05-59_unknown_supplier_12_05_бакси_иммергаз_аристон_дражице_навьен_термекс_бош_эван_дакор.xls,53
ib,unknown supplier 12 05 бакси иммергаз аристон дражице навьен термекс бош эван дакор,Юнипамп Насос с частотным преобразователем PSB 6-30,33334.35,1.0,"{""Крым"": 1.0}",2026-05-15_13-05-59_unknown_supplier_12_05_бакси_иммергаз_аристон_дражице_навьен_термекс_бош_эван_дакор.xls,54
ib,unknown supplier 12 05 бакси иммергаз аристон дражице навьен термекс бош эван дакор,Юнипамп Насос с частотным преобразователем PSB 10-50,53358.8475,1.0,"{""Крым"": 1.0}",2026-05-15_13-05-59_unknown_supplier_12_05_бакси_иммергаз_аристон_дражице_навьен_термекс_бош_эван_дакор.xls,55
ib,unknown supplier 12 05 бакси иммергаз аристон дражице навьен термекс бош эван дакор,Юнипамп гидроаккумулятор 150л.(вертик.) с манометром,12947.3505,1.0,"{""Крым"": 1.0}",2026-05-15_13-05-59_unknown_supplier_12_05_бакси_иммергаз_аристон_дражице_навьен_термекс_бош_эван_дакор.xls,57
ib,unknown supplier 12 05 бакси иммергаз аристон дражице навьен термекс бош эван дакор,Юнипамп гидроаккумулятор 2л.(верт),512.316,3.0,"{""КРД"": 2.0, ""Крым"": 1.0}",2026-05-15_13-05-59_unknown_supplier_12_05_бакси_иммергаз_аристон_дражице_навьен_термекс_бош_эван_дакор.xls,58
ib,unknown supplier 12 05 бакси иммергаз аристон дражице навьен термекс бош эван дакор,Юнипамп гидроаккумулятор 300л.(вер),21879.963000000003,1.0,"{""Крым"": 1.0}",2026-05-15_13-05-59_unknown_supplier_12_05_бакси_иммергаз_аристон_дражице_навьен_термекс_бош_эван_дакор.xls,59
ib,unknown supplier 12 05 бакси иммергаз аристон дражице навьен термекс бош эван дакор,Юнипамп гидроаккумулятор 50л.(вер) нерж фланец,3745.497,1.0,"{""КРД"": 1.0}",2026-05-15_13-05-59_unknown_supplier_12_05_бакси_иммергаз_аристон_дражице_навьен_термекс_бош_эван_дакор.xls,60
ib,unknown supplier 12 05 бакси иммергаз аристон дражице навьен термекс бош эван дакор,Юнипамп гидроаккумулятор 5л.(верт),857.0100000000001,15.0,"{""КРД"": 6.0, ""Крым"": 9.0}",2026-05-15_13-05-59_unknown_supplier_12_05_бакси_иммергаз_аристон_дражице_навьен_термекс_бош_эван_дакор.xls,61
ib,unknown supplier 12 05 бакси иммергаз аристон дражице навьен термекс бош эван дакор,Юнипамп гидроаккумулятор 80л.(вер) нерж фланец,5549.6175,1.0,"{""КРД"": 1.0}",2026-05-15_13-05-59_unknown_supplier_12_05_бакси_иммергаз_аристон_дражице_навьен_термекс_бош_эван_дакор.xls,62
ib,unknown supplier 12 05 бакси иммергаз аристон дражице навьен термекс бош эван дакор,Юнипамп гидроаккумулятор 80л.(гор) стал. фланец,5063.4885,1.0,"{""Крым"": 1.0}",2026-05-15_13-05-59_unknown_supplier_12_05_бакси_иммергаз_аристон_дражице_навьен_термекс_бош_эван_дакор.xls,63
ib,unknown supplier 12 05 бакси иммергаз аристон дражице навьен термекс бош эван дакор,Юнипамп гидроаккумулятор H24Sл.(гор) нерж,4540.6935,14.0,"{""КРД"": 6.0, ""Крым"": 8.0}",2026-05-15_13-05-59_unknown_supplier_12_05_бакси_иммергаз_аристон_дражице_навьен_термекс_бош_эван_дакор.xls,64
ib,unknown supplier 12 05 бакси иммергаз аристон дражице навьен термекс бош эван дакор,Юнипамп гидроаккумулятор H50Sл.(гор) нерж,7720.4295,3.0,"{""Крым"": 3.0}",2026-05-15_13-05-59_unknown_supplier_12_05_бакси_иммергаз_аристон_дражице_навьен_термекс_бош_эван_дакор.xls,65
ib,unknown supplier 12 05 бакси иммергаз аристон дражице навьен термекс бош эван дакор,Юнипамп гидроаккумулятор H80Sл.(верт) нерж,12196.1595,4.0,"{""КРД"": 3.0, ""Крым"": 1.0}",2026-05-15_13-05-59_unknown_supplier_12_05_бакси_иммергаз_аристон_дражице_навьен_термекс_бош_эван_дакор.xls,66
ib,unknown supplier 12 05 бакси иммергаз аристон дражице навьен термекс бош эван дакор,Юнипамп гидроаккумулятор Н80Sл.(гор) нерж,11742.507,3.0,"{""КРД"": 3.0}",2026-05-15_13-05-59_unknown_supplier_12_05_бакси_иммергаз_аристон_дражице_навьен_термекс_бош_эван_дакор.xls,67
ib,unknown supplier 12 05 бакси иммергаз аристон дражице навьен термекс бош эван дакор,Юнипамп мембрана 150-200л EPDM,4161.423000000001,2.0,"{""Крым"": 2.0}",2026-05-15_13-05-59_unknown_supplier_12_05_бакси_иммергаз_аристон_дражице_навьен_термекс_бош_эван_дакор.xls,68
ib,unknown supplier 12 05 бакси иммергаз аристон дражице навьен термекс бош эван дакор,Юнипамп мембрана 300л EPDM,5727.718500000001,1.0,"{""Крым"": 1.0}",2026-05-15_13-05-59_unknown_supplier_12_05_бакси_иммергаз_аристон_дражице_навьен_термекс_бош_эван_дакор.xls,69
ib,unknown supplier 12 05 бакси иммергаз аристон дражице навьен термекс бош эван дакор,Юнипамп мембрана 50л EPDM,1015.2135,3.0,"{""КРД"": 3.0}",2026-05-15_13-05-59_unknown_supplier_12_05_бакси_иммергаз_аристон_дражице_навьен_термекс_бош_эван_дакор.xls,70
ib,unknown supplier 12 05 бакси иммергаз аристон дражице навьен термекс бош эван дакор,Юнипамп мембрана 5л EPDM,195.9195,11.0,"{""КРД"": 2.0, ""Крым"": 9.0}",2026-05-15_13-05-59_unknown_supplier_12_05_бакси_иммергаз_аристон_дражице_навьен_термекс_бош_эван_дакор.xls,71
ib,unknown supplier 12 05 бакси иммергаз аристон дражице навьен термекс бош эван дакор,Юнипамп мембрана 80-100л EPDM,1283.4255,6.0,"{""КРД"": 4.0, ""Крым"": 2.0}",2026-05-15_13-05-59_unknown_supplier_12_05_бакси_иммергаз_аристон_дражице_навьен_термекс_бош_эван_дакор.xls,72
ib,unknown supplier 12 05 бакси иммергаз аристон дражице навьен термекс бош эван дакор,Юнипамп мембрана гидроаккумулятора 24л,371.931,2.0,"{""Крым"": 2.0}",2026-05-15_13-05-59_unknown_supplier_12_05_бакси_иммергаз_аристон_дражице_навьен_термекс_бош_эван_дакор.xls,73
ib,unknown supplier 12 05 бакси иммергаз аристон дражице навьен термекс бош эван дакор,Юнипамп Фланец гидроаккумулятора,295.449,2.0,"{""КРД"": 1.0, ""Крым"": 1.0}",2026-05-15_13-05-59_unknown_supplier_12_05_бакси_иммергаз_аристон_дражице_навьен_термекс_бош_эван_дакор.xls,74
ib,unknown supplier 12 05 бакси иммергаз аристон дражице навьен термекс бош эван дакор,Юнипамп Фланец гидроаккумулятора нерж.,965.9685,5.0,"{""КРД"": 5.0}",2026-05-15_13-05-59_unknown_supplier_12_05_бакси_иммергаз_аристон_дражице_навьен_термекс_бош_эван_дакор.xls,75
ib,unknown supplier 12 05 бакси иммергаз аристон дражице навьен термекс бош эван дакор,Юнипамп Гидроаккумулятор горизонтальный ГГ 24М (БЭЗ),2231.8065,12.0,"{""КРД"": 6.0, ""Крым"": 6.0}",2026-05-15_13-05-59_unknown_supplier_12_05_бакси_иммергаз_аристон_дражице_навьен_термекс_бош_эван_дакор.xls,76
ib,unknown supplier 12 05 бакси иммергаз аристон дражице навьен термекс бош эван дакор,Юнипамп Гидроаккумулятор горизонтальный ГГ 35М (БЭЗ),2910.9570000000003,5.0,"{""КРД"": 2.0, ""Крым"": 3.0}",2026-05-15_13-05-59_unknown_supplier_12_05_бакси_иммергаз_аристон_дражице_навьен_термекс_бош_эван_дакор.xls,77
ib,unknown supplier 12 05 бакси иммергаз аристон дражице навьен термекс бош эван дакор,Юнипамп Гидроаккумулятор горизонтальный ГГ 50М (БЭЗ),4215.876,3.0,"{""КРД"": 1.0, ""Крым"": 2.0}",2026-05-15_13-05-59_unknown_supplier_12_05_бакси_иммергаз_аристон_дражице_навьен_термекс_бош_эван_дакор.xls,78
ib,unknown supplier 12 05 бакси иммергаз аристон дражице навьен термекс бош эван дакор,Юнипамп Гидроаккумулятор горизонтальный ГГ 80М (БЭЗ),5479.1415,4.0,"{""КРД"": 3.0, ""Крым"": 1.0}",2026-05-15_13-05-59_unknown_supplier_12_05_бакси_иммергаз_аристон_дражице_навьен_термекс_бош_эван_дакор.xls,79
ib,unknown supplier 12 05 бакси иммергаз аристон дражице навьен термекс бош эван дакор,Юнипамп Гидроаккумулятор горизонтальный ГГ 100М (БЭЗ),5862.4965,8.0,"{""КРД"": 2.0, ""Крым"": 6.0}",2026-05-15_13-05-59_unknown_supplier_12_05_бакси_иммергаз_аристон_дражице_навьен_термекс_бош_эван_дакор.xls,80
ib,unknown supplier 12 05 бакси иммергаз аристон дражице навьен термекс бош эван дакор,Юнипамп Гидроаккумулятор вертикальный ГВ 50 (БЭЗ),4132.5795,7.0,"{""КРД"": 5.0, ""Крым"": 2.0}",2026-05-15_13-05-59_unknown_supplier_12_05_бакси_иммергаз_аристон_дражице_навьен_термекс_бош_эван_дакор.xls,81
ib,unknown supplier 12 05 бакси иммергаз аристон дражице навьен термекс бош эван дакор,Юнипамп Гидроаккумулятор вертикальный ГВ 80 (БЭЗ),5395.845,1.0,"{""КРД"": 1.0}",2026-05-15_13-05-59_unknown_supplier_12_05_бакси_иммергаз_аристон_дражице_навьен_термекс_бош_эван_дакор.xls,82
ib,unknown supplier 12 05 бакси иммергаз аристон дражице навьен термекс бош эван дакор,Юнипамп Гидроаккумулятор вертикальный ГВ 100 (БЭЗ),5743.9619999999995,6.0,"{""КРД"": 4.0, ""Крым"": 2.0}",2026-05-15_13-05-59_unknown_supplier_12_05_бакси_иммергаз_аристон_дражице_навьен_термекс_бош_эван_дакор.xls,83
ib,unknown supplier 12 05 бакси иммергаз аристон дражице навьен термекс бош эван дакор,Юнипамп Мембрана 35/50л Sefa 0301 EPDM D.80 хвост,667.422,1.0,"{""КРД"": 1.0}",2026-05-15_13-05-59_unknown_supplier_12_05_бакси_иммергаз_аристон_дражице_навьен_термекс_бош_эван_дакор.xls,84
ib,unknown supplier 12 05 бакси иммергаз аристон дражице навьен термекс бош эван дакор,Юнипамп Мембрана 50/80л Sefa 0302 EPDM D.80 хвост,1361.514,7.0,"{""КРД"": 1.0, ""Крым"": 6.0}",2026-05-15_13-05-59_unknown_supplier_12_05_бакси_иммергаз_аристон_дражице_навьен_термекс_бош_эван_дакор.xls,85
ib,unknown supplier 12 05 бакси иммергаз аристон дражице навьен термекс бош эван дакор,Юнипамп Мембрана 80/100л Sefa 0303 EPDM D.80 хвост,2052.4035000000003,7.0,"{""Крым"": 7.0}",2026-05-15_13-05-59_unknown_supplier_12_05_бакси_иммергаз_аристон_дражице_навьен_термекс_бош_эван_дакор.xls,86
ib,unknown supplier 12 05 бакси иммергаз аристон дражице навьен термекс бош эван дакор,Юнипамп Мембрана 24 л EPDM Dвн.80 мм UNIPUMP,376.1205,1.0,"{""КРД"": 1.0}",2026-05-15_13-05-59_unknown_supplier_12_05_бакси_иммергаз_аристон_дражице_навьен_термекс_бош_эван_дакор.xls,87
ib,unknown supplier 12 05 бакси иммергаз аристон дражице навьен термекс бош эван дакор,Юнипамп термоусадочная муфта (комплект),262.9725,2.0,"{""КРД"": 1.0, ""Крым"": 1.0}",2026-05-15_13-05-59_unknown_supplier_12_05_бакси_иммергаз_аристон_дражице_навьен_термекс_бош_эван_дакор.xls,89
ib,unknown supplier 12 05 бакси иммергаз аристон дражице навьен термекс бош эван дакор,"Юнипамп Адаптер скважинный 1"" АКЦИЯ",4274.571,3.0,"{""Крым"": 3.0}",2026-05-15_13-05-59_unknown_supplier_12_05_бакси_иммергаз_аристон_дражице_навьен_термекс_бош_эван_дакор.xls,91
ib,unknown supplier 12 05 бакси иммергаз аристон дражице навьен термекс бош эван дакор,"Юнипамп Винтовой скважинный насос-3 ECO- VINT1 (.37kw, 20",6402.438000000001,3.0,"{""Крым"": 3.0}",2026-05-15_13-05-59_unknown_supplier_12_05_бакси_иммергаз_аристон_дражице_навьен_термекс_бош_эван_дакор.xls,92
ib,unknown supplier 12 05 бакси иммергаз аристон дражице навьен термекс бош эван дакор,"Юнипамп Винтовой скважинный насос-3 ECO- VINT2 (.55kw, 20",7322.448,4.0,"{""КРД"": 2.0, ""Крым"": 2.0}",2026-05-15_13-05-59_unknown_supplier_12_05_бакси_иммергаз_аристон_дражице_навьен_термекс_бош_эван_дакор.xls,93
ib,unknown supplier 12 05 бакси иммергаз аристон дражице навьен термекс бош эван дакор,"Юнипамп Насос ECO MAXI 10-145 (пр. часть 10-145, двиг.3 кВт, пульт СРТ 1-7,5), компл",32357.9025,1.0,"{""Крым"": 1.0}",2026-05-15_13-05-59_unknown_supplier_12_05_бакси_иммергаз_аристон_дражице_навьен_термекс_бош_эван_дакор.xls,94
ib,unknown supplier 12 05 бакси иммергаз аристон дражице навьен термекс бош эван дакор,"Юнипамп Насос ECO MAXI 10-181 (пр. часть 10-181, двиг. 4 кВт, пульт СРТ 1-7,5), компл",36828.4035,1.0,"{""Крым"": 1.0}",2026-05-15_13-05-59_unknown_supplier_12_05_бакси_иммергаз_аристон_дражице_навьен_термекс_бош_эван_дакор.xls,95
ib,unknown supplier 12 05 бакси иммергаз аристон дражице навьен термекс бош эван дакор,Юнипамп Оголовок скважинный АКВАРОБОТ АОС-114-32-Ч (чугун) АКЦИЯ,2113.188,1.0,"{""КРД"": 1.0}",2026-05-15_13-05-59_unknown_supplier_12_05_бакси_иммергаз_аристон_дражице_навьен_термекс_бош_эван_дакор.xls,96
ib,unknown supplier 12 05 бакси иммергаз аристон дражице навьен термекс бош эван дакор,Юнипамп Оголовок скважинный АКВАРОБОТ АОС-133-40-Ч (чугун) АКЦИЯ,2341.584,1.0,"{""КРД"": 1.0}",2026-05-15_13-05-59_unknown_supplier_12_05_бакси_иммергаз_аристон_дражице_навьен_термекс_бош_эван_дакор.xls,97
ib,unknown supplier 12 05 бакси иммергаз аристон дражице навьен термекс бош эван дакор,Юнипамп Оголовок скважинный АКВАРОБОТ АОС-152-32 АКЦИЯ,1996.9005,,{},2026-05-15_13-05-59_unknown_supplier_12_05_бакси_иммергаз_аристон_дражице_навьен_термекс_бош_эван_дакор.xls,98
ib,unknown supplier 12 05 бакси иммергаз аристон дражице навьен термекс бош эван дакор,Юнипамп Оголовок скважинный АКВАРОБОТ АОС-152-40-Ч (чугун) АКЦИЯ,2455.782,1.0,"{""Крым"": 1.0}",2026-05-15_13-05-59_unknown_supplier_12_05_бакси_иммергаз_аристон_дражице_навьен_термекс_бош_эван_дакор.xls,99
ib,unknown supplier 12 05 бакси иммергаз аристон дражице навьен термекс бош эван дакор,Юнипамп Оголовок скважинный АОС-133-32 (БЭЗ),2574.1695000000004,4.0,"{""КРД"": 1.0, ""Крым"": 3.0}",2026-05-15_13-05-59_unknown_supplier_12_05_бакси_иммергаз_аристон_дражице_навьен_термекс_бош_эван_дакор.xls,100
ib,unknown supplier 12 05 бакси иммергаз аристон дражице навьен термекс бош эван дакор,Юнипамп Оголовок скважинный АОС-152-32 (БЭЗ) АКЦИЯ,2365.6815,1.0,"{""КРД"": 1.0}",2026-05-15_13-05-59_unknown_supplier_12_05_бакси_иммергаз_аристон_дражице_навьен_термекс_бош_эван_дакор.xls,101
ib,unknown supplier 12 05 бакси иммергаз аристон дражице навьен термекс бош эван дакор,"Юнипамп Погружной насос БЦП 3,5-0,63-125 (1800 Вт,1 м) АКЦИЯ",15650.397,1.0,"{""Крым"": 1.0}",2026-05-15_13-05-59_unknown_supplier_12_05_бакси_иммергаз_аристон_дражице_навьен_термекс_бош_эван_дакор.xls,102
ib,unknown supplier 12 05 бакси иммергаз аристон дражице навьен термекс бош эван дакор,"Юнипамп Погружной насос БЦП 3,5-0,63-36 (370 Вт,1 м) АКЦИЯ",9404.0625,2.0,"{""КРД"": 1.0, ""Крым"": 1.0}",2026-05-15_13-05-59_unknown_supplier_12_05_бакси_иммергаз_аристон_дражице_навьен_термекс_бош_эван_дакор.xls,103
ib,unknown supplier 12 05 бакси иммергаз аристон дражице навьен термекс бош эван дакор,"Юнипамп Погружной насос БЦП 3,5-0,63-45 (550 Вт,1 м) АКЦИЯ",10177.2615,4.0,"{""Крым"": 4.0}",2026-05-15_13-05-59_unknown_supplier_12_05_бакси_иммергаз_аристон_дражице_навьен_термекс_бош_эван_дакор.xls,104
ib,unknown supplier 12 05 бакси иммергаз аристон дражице навьен термекс бош эван дакор,"Юнипамп Погружной насос БЦП 3,5-0,63-45 (550 Вт,20 м)",11373.726,1.0,"{""КРД"": 1.0}",2026-05-15_13-05-59_unknown_supplier_12_05_бакси_иммергаз_аристон_дражице_навьен_термекс_бош_эван_дакор.xls,105
ib,unknown supplier 12 05 бакси иммергаз аристон дражице навьен термекс бош эван дакор,"Юнипамп Погружной насос БЦП 3,5-0,63-55 (750 Вт,30 м)",13601.112,1.0,"{""КРД"": 1.0}",2026-05-15_13-05-59_unknown_supplier_12_05_бакси_иммергаз_аристон_дражице_навьен_термекс_бош_эван_дакор.xls,106
ib,unknown supplier 12 05 бакси иммергаз аристон дражице навьен термекс бош эван дакор,"Юнипамп Погружной насос 3"" MINI ECO 3-45 (750 Вт, кабель-30м) АКЦИЯ",16568.1705,1.0,"{""КРД"": 1.0}",2026-05-15_13-05-59_unknown_supplier_12_05_бакси_иммергаз_аристон_дражице_навьен_термекс_бош_эван_дакор.xls,107
ib,unknown supplier 12 05 бакси иммергаз аристон дражице навьен термекс бош эван дакор,"Юнипамп Погружной насос 3"" MINI ECO-0 250Вт, кабель -10м АКЦИЯ",4383.54,1.0,"{""Крым"": 1.0}",2026-05-15_13-05-59_unknown_supplier_12_05_бакси_иммергаз_аристон_дражице_навьен_термекс_бош_эван_дакор.xls,108
ib,unknown supplier 12 05 бакси иммергаз аристон дражице навьен термекс бош эван дакор,"Юнипамп Погружной насос 3"" MINI ECO-1",11705.841,1.0,"{""Крым"": 1.0}",2026-05-15_13-05-59_unknown_supplier_12_05_бакси_иммергаз_аристон_дражице_навьен_термекс_бош_эван_дакор.xls,109
ib,unknown supplier 12 05 бакси иммергаз аристон дражице навьен термекс бош эван дакор,"Юнипамп Погружной насос 3"" MINI ECO-2 АКЦИЯ",8119.5975,1.0,"{""Крым"": 1.0}",2026-05-15_13-05-59_unknown_supplier_12_05_бакси_иммергаз_аристон_дражице_навьен_термекс_бош_эван_дакор.xls,110
ib,unknown supplier 12 05 бакси иммергаз аристон дражице навьен термекс бош эван дакор,"Юнипамп Погружной насос 3"" MINI ECO-4-49 (550 Вт, кабель 20м) АКЦИЯ",5420.751,3.0,"{""Крым"": 3.0}",2026-05-15_13-05-59_unknown_supplier_12_05_бакси_иммергаз_аристон_дражице_навьен_термекс_бош_эван_дакор.xls,111
ib,unknown supplier 12 05 бакси иммергаз аристон дражице навьен термекс бош эван дакор,"Юнипамп Погружной насос 4 ECO 4-142 (3 кВт, 1м) АКЦИЯ",27361.467,3.0,"{""КРД"": 1.0, ""Крым"": 2.0}",2026-05-15_13-05-59_unknown_supplier_12_05_бакси_иммергаз_аристон_дражице_навьен_термекс_бош_эван_дакор.xls,112
ib,unknown supplier 12 05 бакси иммергаз аристон дражице навьен термекс бош эван дакор,"Юнипамп Погружной насос 4"" ECO 3-55 (0.75 кВт,30 м)",15214.5525,2.0,"{""КРД"": 1.0, ""Крым"": 1.0}",2026-05-15_13-05-59_unknown_supplier_12_05_бакси_иммергаз_аристон_дражице_навьен_термекс_бош_эван_дакор.xls,113
ib,unknown supplier 12 05 бакси иммергаз аристон дражице навьен термекс бош эван дакор,Юнипамп Погружной насос ECO-FLOAT-3 с поплавком 480 Вт,16052.704500000002,2.0,"{""Крым"": 2.0}",2026-05-15_13-05-59_unknown_supplier_12_05_бакси_иммергаз_аристон_дражице_навьен_термекс_бош_эван_дакор.xls,114
ib,unknown supplier 12 05 бакси иммергаз аристон дражице навьен термекс бош эван дакор,"Юнипамп Погружной скважинный насос ECO MIDI-0(0,37 кВт, 20м.) АКЦИЯ",12107.109,4.0,"{""КРД"": 2.0, ""Крым"": 2.0}",2026-05-15_13-05-59_unknown_supplier_12_05_бакси_иммергаз_аристон_дражице_навьен_термекс_бош_эван_дакор.xls,115
ib,unknown supplier 12 05 бакси иммергаз аристон дражице навьен термекс бош эван дакор,"Юнипамп Погружной скважинный насос ECO MIDI-2(0,55 кВт, 40м.) АКЦИЯ",15272.1765,1.0,"{""КРД"": 1.0}",2026-05-15_13-05-59_unknown_supplier_12_05_бакси_иммергаз_аристон_дражице_навьен_термекс_бош_эван_дакор.xls,116
ib,unknown supplier 12 05 бакси иммергаз аристон дражице навьен термекс бош эван дакор,"Юнипамп Погружной скважинный насос ECO MIDI-3(0,75 кВт, 2м.) АКЦИЯ",12982.977,1.0,"{""КРД"": 1.0}",2026-05-15_13-05-59_unknown_supplier_12_05_бакси_иммергаз_аристон_дражице_навьен_термекс_бош_эван_дакор.xls,117
ib,unknown supplier 12 05 бакси иммергаз аристон дражице навьен термекс бош эван дакор,"Юнипамп Погружной скважинный насос ECO MIDI-4(1,1 кВт, 2м.) АКЦИЯ",15015.4935,2.0,"{""КРД"": 2.0}",2026-05-15_13-05-59_unknown_supplier_12_05_бакси_иммергаз_аристон_дражице_навьен_термекс_бош_эван_дакор.xls,118
ib,unknown supplier 12 05 бакси иммергаз аристон дражице навьен термекс бош эван дакор,"Юнипамп Погружной скважинный насос ECO-0 (0,37kw, 10 м) АКЦИЯ",7948.825500000001,1.0,"{""Крым"": 1.0}",2026-05-15_13-05-59_unknown_supplier_12_05_бакси_иммергаз_аристон_дражице_навьен_термекс_бош_эван_дакор.xls,119
ib,unknown supplier 12 05 бакси иммергаз аристон дражице навьен термекс бош эван дакор,"Юнипамп Погружной скважинный насос ECO-1 (0.55kw,20м) АКЦИЯ",15606.3915,9.0,"{""КРД"": 2.0, ""Крым"": 7.0}",2026-05-15_13-05-59_unknown_supplier_12_05_бакси_иммергаз_аристон_дражице_навьен_термекс_бош_эван_дакор.xls,120
ib,unknown supplier 12 05 бакси иммергаз аристон дражице навьен термекс бош эван дакор,"Юнипамп Погружной скважинный насос ECO-2 (0,74kw, 30 м)",16479.12,1.0,"{""Крым"": 1.0}",2026-05-15_13-05-59_unknown_supplier_12_05_бакси_иммергаз_аристон_дражице_навьен_термекс_бош_эван_дакор.xls,121
ib,unknown supplier 12 05 бакси иммергаз аристон дражице навьен термекс бош эван дакор,"Юнипамп Погружной скважинный насос ECO-7 (2,2kw,+ПУЛЬТ) АКЦИЯ",20445.6735,2.0,"{""КРД"": 1.0, ""Крым"": 1.0}",2026-05-15_13-05-59_unknown_supplier_12_05_бакси_иммергаз_аристон_дражице_навьен_термекс_бош_эван_дакор.xls,122
ib,unknown supplier 12 05 бакси иммергаз аристон дражице навьен термекс бош эван дакор,Юнипамп Погружной скважинный насос ECO-AUTOMAT (0.75 АКЦИЯ,22422.665999999997,2.0,"{""КРД"": 1.0, ""Крым"": 1.0}",2026-05-15_13-05-59_unknown_supplier_12_05_бакси_иммергаз_аристон_дражице_навьен_термекс_бош_эван_дакор.xls,123
ib,unknown supplier 12 05 бакси иммергаз аристон дражице навьен термекс бош эван дакор,Юнипамп станция АКВАРОБОТ ECO VINT 1 - 24 АКЦИЯ,15008.1645,5.0,"{""Крым"": 5.0}",2026-05-15_13-05-59_unknown_supplier_12_05_бакси_иммергаз_аристон_дражице_навьен_термекс_бош_эван_дакор.xls,124
ib,unknown supplier 12 05 бакси иммергаз аристон дражице навьен термекс бош эван дакор,Юнипамп станция АКВАРОБОТ ECO VINT 2 - 24,15711.160500000002,2.0,"{""КРД"": 1.0, ""Крым"": 1.0}",2026-05-15_13-05-59_unknown_supplier_12_05_бакси_иммергаз_аристон_дражице_навьен_термекс_бош_эван_дакор.xls,125
ib,unknown supplier 12 05 бакси иммергаз аристон дражице навьен термекс бош эван дакор,Юнипамп станция АКВАРОБОТ ECO VINT 3 - 24 АКЦИЯ,17049.06,3.0,"{""Крым"": 3.0}",2026-05-15_13-05-59_unknown_supplier_12_05_бакси_иммергаз_аристон_дражице_навьен_термекс_бош_эван_дакор.xls,126
ib,unknown supplier 12 05 бакси иммергаз аристон дражице навьен термекс бош эван дакор,"Юнипамп Трос 3мм нерж.сталь(бухта 100 м),без катушки",3067.932,1.0,"{""Крым"": 1.0}",2026-05-15_13-05-59_unknown_supplier_12_05_бакси_иммергаз_аристон_дражице_навьен_термекс_бош_эван_дакор.xls,127
ib,unknown supplier 12 05 бакси иммергаз аристон дражице навьен термекс бош эван дакор,Юнипамп Трос 4мм нерж.сталь(бухта 250 м),12601.701,1.0,"{""Крым"": 1.0}",2026-05-15_13-05-59_unknown_supplier_12_05_бакси_иммергаз_аристон_дражице_навьен_термекс_бош_эван_дакор.xls,128
ib,unknown supplier 12 05 бакси иммергаз аристон дражице навьен термекс бош эван дакор,"Юнипамп Погружной насос 4"" ECO 2-34 (0.37 кВт,10 м)",11670.2145,1.0,"{""Крым"": 1.0}",2026-05-15_13-05-59_unknown_supplier_12_05_бакси_иммергаз_аристон_дражице_навьен_термекс_бош_эван_дакор.xls,129
ib,unknown supplier 12 05 бакси иммергаз аристон дражице навьен термекс бош эван дакор,"Юнипамп Погружной насос БЦП 3,5-0,63-36 (370 Вт,15 м)",7545.468,2.0,"{""КРД"": 2.0}",2026-05-15_13-05-59_unknown_supplier_12_05_бакси_иммергаз_аристон_дражице_навьен_термекс_бош_эван_дакор.xls,130
ib,unknown supplier 12 05 бакси иммергаз аристон дражице навьен термекс бош эван дакор,"Юнипамп Погружной насос БЦП 3,5-0,63-110 (1500 Вт,1 м)",15852.5955,1.0,"{""Крым"": 1.0}",2026-05-15_13-05-59_unknown_supplier_12_05_бакси_иммергаз_аристон_дражице_навьен_термекс_бош_эван_дакор.xls,131
ib,unknown supplier 12 05 бакси иммергаз аристон дражице навьен термекс бош эван дакор,"Юнипамп Погружной насос 4"" ECO 3-80 (1.1 кВт,50 м)",19990.971,1.0,"{""КРД"": 1.0}",2026-05-15_13-05-59_unknown_supplier_12_05_бакси_иммергаз_аристон_дражице_навьен_термекс_бош_эван_дакор.xls,132
ib,unknown supplier 12 05 бакси иммергаз аристон дражице навьен термекс бош эван дакор,"Юнипамп Погружной насос 4"" ECO 4-104 (2.2 кВт,1 м) АКЦИЯ",21922.918500000003,1.0,"{""Крым"": 1.0}",2026-05-15_13-05-59_unknown_supplier_12_05_бакси_иммергаз_аристон_дражице_навьен_термекс_бош_эван_дакор.xls,133
ib,unknown supplier 12 05 бакси иммергаз аристон дражице навьен термекс бош эван дакор,"Юнипамп Погружной насос БЦП 3,5-0,5-40 (370 Вт,20 м) ном Q1,8 м?/ч-40",10180.401000000002,1.0,"{""КРД"": 1.0}",2026-05-15_13-05-59_unknown_supplier_12_05_бакси_иммергаз_аристон_дражице_навьен_термекс_бош_эван_дакор.xls,134
ib,unknown supplier 12 05 бакси иммергаз аристон дражице навьен термекс бош эван дакор,"Юнипамп Погружной насос БЦП 3,5-0,5-50 (370 Вт,30 м) ном Q1,8 м?/ч-50",11601.072,1.0,"{""Крым"": 1.0}",2026-05-15_13-05-59_unknown_supplier_12_05_бакси_иммергаз_аристон_дражице_навьен_термекс_бош_эван_дакор.xls,135
ib,unknown supplier 12 05 бакси иммергаз аристон дражице навьен термекс бош эван дакор,"Юнипамп Погружной насос БЦП 3,5-0,5-40 В (370 Вт,20 м с вилкой) ном Q1,8 м³/ч-40",9803.2305,3.0,"{""КРД"": 1.0, ""Крым"": 2.0}",2026-05-15_13-05-59_unknown_supplier_12_05_бакси_иммергаз_аристон_дражице_навьен_термекс_бош_эван_дакор.xls,136
ib,unknown supplier 12 05 бакси иммергаз аристон дражице навьен термекс бош эван дакор,"Юнипамп Погружной насос БЦП 3,5-0,5-65 В (750 Вт,45 м с вилкой) ном Q1,8 м³/ч-65",13124.412,8.0,"{""КРД"": 8.0}",2026-05-15_13-05-59_unknown_supplier_12_05_бакси_иммергаз_аристон_дражице_навьен_термекс_бош_эван_дакор.xls,137
ib,unknown supplier 12 05 бакси иммергаз аристон дражице навьен термекс бош эван дакор,"Юнипамп Погружной насос БЦП 3,5-0,5-80 В (900 Вт,45 м с вилкой) ном Q1,8 м³/ч-80",13924.848,1.0,"{""КРД"": 1.0}",2026-05-15_13-05-59_unknown_supplier_12_05_бакси_иммергаз_аристон_дражице_навьен_термекс_бош_эван_дакор.xls,138
ib,unknown supplier 12 05 бакси иммергаз аристон дражице навьен термекс бош эван дакор,"Юнипамп Погружной насос 3"" MINI ECO 3-62 (1,1 кВт, 50 м)",18946.431,1.0,"{""Крым"": 1.0}",2026-05-15_13-05-59_unknown_supplier_12_05_бакси_иммергаз_аристон_дражице_навьен_термекс_бош_эван_дакор.xls,139
ib,unknown supplier 12 05 бакси иммергаз аристон дражице навьен термекс бош эван дакор,"Юнипамп Погружной насос БЦП 3,5-0,5-50 В (550 Вт,30 м с вилкой) ном Q1,8 м³/ч-50",10559.6715,4.0,"{""КРД"": 2.0, ""Крым"": 2.0}",2026-05-15_13-05-59_unknown_supplier_12_05_бакси_иммергаз_аристон_дражице_навьен_термекс_бош_эван_дакор.xls,140
ib,unknown supplier 12 05 бакси иммергаз аристон дражице навьен термекс бош эван дакор,"Юнипамп Погружной насос 3"" MINI ECO 2-103 (1500 Вт, кабель-50м)",23557.3065,1.0,"{""КРД"": 1.0}",2026-05-15_13-05-59_unknown_supplier_12_05_бакси_иммергаз_аристон_дражице_навьен_термекс_бош_эван_дакор.xls,141
ib,unknown supplier 12 05 бакси иммергаз аристон дражице навьен термекс бош эван дакор,"Юнипамп Погружной насос 3"" MINI ECO 2-68 (0,75 кВт, 40 м)",15186.2655,1.0,"{""Крым"": 1.0}",2026-05-15_13-05-59_unknown_supplier_12_05_бакси_иммергаз_аристон_дражице_навьен_термекс_бош_эван_дакор.xls,142
ib,unknown supplier 12 05 бакси иммергаз аристон дражице навьен термекс бош эван дакор,"Юнипамп Погружной насос 3"" MINI ECO 2-87 (1,1 кВт, 50 м)",19307.883,1.0,"{""Крым"": 1.0}",2026-05-15_13-05-59_unknown_supplier_12_05_бакси_иммергаз_аристон_дражице_навьен_термекс_бош_эван_дакор.xls,143
ib,unknown supplier 12 05 бакси иммергаз аристон дражице навьен термекс бош эван дакор,"Юнипамп Погружной насос 3"" MINI ECO 3-100 (2 кВт, 50 м)",25528.0095,1.0,"{""Крым"": 1.0}",2026-05-15_13-05-59_unknown_supplier_12_05_бакси_иммергаз_аристон_дражице_навьен_термекс_бош_эван_дакор.xls,144
ib,unknown supplier 12 05 бакси иммергаз аристон дражице навьен термекс бош эван дакор,"Юнипамп Погружной насос 3"" MINI ECO 4-35 (0,75 кВт, 40 м)",15352.848000000002,,{},2026-05-15_13-05-59_unknown_supplier_12_05_бакси_иммергаз_аристон_дражице_навьен_термекс_бош_эван_дакор.xls,145
ib,unknown supplier 12 05 бакси иммергаз аристон дражице навьен термекс бош эван дакор,"Юнипамп Погружной насос 3"" MINI ECO 4-50 (1,1 кВт, 50 м)",18884.6175,1.0,"{""Крым"": 1.0}",2026-05-15_13-05-59_unknown_supplier_12_05_бакси_иммергаз_аристон_дражице_навьен_термекс_бош_эван_дакор.xls,146
ib,unknown supplier 12 05 бакси иммергаз аристон дражице навьен термекс бош эван дакор,"Погружной скважинный насос ECO RUS 4-53 swim (1,3 кВт, 50 м)",20789.3175,1.0,"{""Крым"": 1.0}",2026-05-15_13-05-59_unknown_supplier_12_05_бакси_иммергаз_аристон_дражице_навьен_термекс_бош_эван_дакор.xls,147
ib,unknown supplier 12 05 бакси иммергаз аристон дражице навьен термекс бош эван дакор,"Погружной скважинный насос ECO RUS 4-110 swim (2,8 кВт, 1 м)",17885.112,1.0,"{""Крым"": 1.0}",2026-05-15_13-05-59_unknown_supplier_12_05_бакси_иммергаз_аристон_дражице_навьен_термекс_бош_эван_дакор.xls,148
ib,unknown supplier 12 05 бакси иммергаз аристон дражице навьен термекс бош эван дакор,Юнипамп консольный пов. насос CPM-130,5230.071000000001,1.0,"{""КРД"": 1.0}",2026-05-15_13-05-59_unknown_supplier_12_05_бакси_иммергаз_аристон_дражице_навьен_термекс_бош_эван_дакор.xls,150
ib,unknown supplier 12 05 бакси иммергаз аристон дражице навьен термекс бош эван дакор,Юнипамп консольный пов. насос CPM-146,7365.2565,1.0,"{""КРД"": 1.0}",2026-05-15_13-05-59_unknown_supplier_12_05_бакси_иммергаз_аристон_дражице_навьен_термекс_бош_эван_дакор.xls,151
ib,unknown supplier 12 05 бакси иммергаз аристон дражице навьен термекс бош эван дакор,Юнипамп консольный пов. насос CPM-158,7760.235000000001,2.0,"{""КРД"": 2.0}",2026-05-15_13-05-59_unknown_supplier_12_05_бакси_иммергаз_аристон_дражице_навьен_термекс_бош_эван_дакор.xls,152
ib,unknown supplier 12 05 бакси иммергаз аристон дражице навьен термекс бош эван дакор,Юнипамп многоступ. пов. насос MH-1000 С,20925.513000000003,2.0,"{""КРД"": 1.0, ""Крым"": 1.0}",2026-05-15_13-05-59_unknown_supplier_12_05_бакси_иммергаз_аристон_дражице_навьен_термекс_бош_эван_дакор.xls,153
ib,unknown supplier 12 05 бакси иммергаз аристон дражице навьен термекс бош эван дакор,Юнипамп многоступ. пов. насос MH-200 А,7984.4415,4.0,"{""КРД"": 3.0, ""Крым"": 1.0}",2026-05-15_13-05-59_unknown_supplier_12_05_бакси_иммергаз_аристон_дражице_навьен_термекс_бош_эван_дакор.xls,154
ib,unknown supplier 12 05 бакси иммергаз аристон дражице навьен термекс бош эван дакор,Юнипамп многоступ. пов. насос MH-300 А,10456.992000000002,4.0,"{""КРД"": 2.0, ""Крым"": 2.0}",2026-05-15_13-05-59_unknown_supplier_12_05_бакси_иммергаз_аристон_дражице_навьен_термекс_бош_эван_дакор.xls,155
ib,unknown supplier 12 05 бакси иммергаз аристон дражице навьен термекс бош эван дакор,Юнипамп многоступ. пов. насос MH-300 С,13527.7695,4.0,"{""КРД"": 3.0, ""Крым"": 1.0}",2026-05-15_13-05-59_unknown_supplier_12_05_бакси_иммергаз_аристон_дражице_навьен_термекс_бош_эван_дакор.xls,156
ib,unknown supplier 12 05 бакси иммергаз аристон дражице навьен термекс бош эван дакор,Юнипамп многоступ. пов. насос MH-400 А,11688.033,1.0,"{""Крым"": 1.0}",2026-05-15_13-05-59_unknown_supplier_12_05_бакси_иммергаз_аристон_дражице_навьен_термекс_бош_эван_дакор.xls,157
ib,unknown supplier 12 05 бакси иммергаз аристон дражице навьен термекс бош эван дакор,Юнипамп многоступ. пов. насос MH-400 С,16002.42,4.0,"{""КРД"": 2.0, ""Крым"": 2.0}",2026-05-15_13-05-59_unknown_supplier_12_05_бакси_иммергаз_аристон_дражице_навьен_термекс_бош_эван_дакор.xls,158
ib,unknown supplier 12 05 бакси иммергаз аристон дражице навьен термекс бош эван дакор,Юнипамп многоступ. пов. насос MH-500 C,16991.436,4.0,"{""КРД"": 3.0, ""Крым"": 1.0}",2026-05-15_13-05-59_unknown_supplier_12_05_бакси_иммергаз_аристон_дражице_навьен_термекс_бош_эван_дакор.xls,159
ib,unknown supplier 12 05 бакси иммергаз аристон дражице навьен термекс бош эван дакор,Юнипамп многоступ. пов. насос MH-500 А,13322.421,,{},2026-05-15_13-05-59_unknown_supplier_12_05_бакси_иммергаз_аристон_дражице_навьен_термекс_бош_эван_дакор.xls,160
ib,unknown supplier 12 05 бакси иммергаз аристон дражице навьен термекс бош эван дакор,Юнипамп пов. насос ECO JET 80 LA,6064.0335000000005,7.0,"{""КРД"": 2.0, ""Крым"": 5.0}",2026-05-15_13-05-59_unknown_supplier_12_05_бакси_иммергаз_аристон_дражице_навьен_термекс_бош_эван_дакор.xls,161
ib,unknown supplier 12 05 бакси иммергаз аристон дражице навьен термекс бош эван дакор,Юнипамп пов. насос JET 100 L,7757.0955,1.0,"{""Крым"": 1.0}",2026-05-15_13-05-59_unknown_supplier_12_05_бакси_иммергаз_аристон_дражице_навьен_термекс_бош_эван_дакор.xls,162
ib,unknown supplier 12 05 бакси иммергаз аристон дражице навьен термекс бош эван дакор,Юнипамп пов. насос JET 100 S,7650.237,5.0,"{""КРД"": 1.0, ""Крым"": 4.0}",2026-05-15_13-05-59_unknown_supplier_12_05_бакси_иммергаз_аристон_дражице_навьен_термекс_бош_эван_дакор.xls,163
ib,unknown supplier 12 05 бакси иммергаз аристон дражице навьен термекс бош эван дакор,Юнипамп пов. насос JET 110 L,8905.365,2.0,"{""Крым"": 2.0}",2026-05-15_13-05-59_unknown_supplier_12_05_бакси_иммергаз_аристон_дражице_навьен_термекс_бош_эван_дакор.xls,164
ib,unknown supplier 12 05 бакси иммергаз аристон дражице навьен термекс бош эван дакор,Юнипамп пов. насос JET 60 S,5920.4985,1.0,"{""КРД"": 1.0}",2026-05-15_13-05-59_unknown_supplier_12_05_бакси_иммергаз_аристон_дражице_навьен_термекс_бош_эван_дакор.xls,165
ib,unknown supplier 12 05 бакси иммергаз аристон дражице навьен термекс бош эван дакор,Юнипамп пов. насос JET 80 S,7274.1165,1.0,"{""Крым"": 1.0}",2026-05-15_13-05-59_unknown_supplier_12_05_бакси_иммергаз_аристон_дражице_навьен_термекс_бош_эван_дакор.xls,166
ib,unknown supplier 12 05 бакси иммергаз аристон дражице навьен термекс бош эван дакор,Юнипамп пов. насос JS 100,8322.846000000001,1.0,"{""Крым"": 1.0}",2026-05-15_13-05-59_unknown_supplier_12_05_бакси_иммергаз_аристон_дражице_навьен_термекс_бош_эван_дакор.xls,167
ib,unknown supplier 12 05 бакси иммергаз аристон дражице навьен термекс бош эван дакор,Юнипамп пов. насос JS 60,7201.8240000000005,2.0,"{""КРД"": 1.0, ""Крым"": 1.0}",2026-05-15_13-05-59_unknown_supplier_12_05_бакси_иммергаз_аристон_дражице_навьен_термекс_бош_эван_дакор.xls,168
ib,unknown supplier 12 05 бакси иммергаз аристон дражице навьен термекс бош эван дакор,Юнипамп пов. насос JS 80,7975.012500000001,3.0,"{""КРД"": 1.0, ""Крым"": 2.0}",2026-05-15_13-05-59_unknown_supplier_12_05_бакси_иммергаз_аристон_дражице_навьен_термекс_бош_эван_дакор.xls,169
ib,unknown supplier 12 05 бакси иммергаз аристон дражице навьен термекс бош эван дакор,Юнипамп пов. насос с внешним эжектором DP-750 АКЦИЯ,12753.531,1.0,"{""Крым"": 1.0}",2026-05-15_13-05-59_unknown_supplier_12_05_бакси_иммергаз_аристон_дражице_навьен_термекс_бош_эван_дакор.xls,170
ib,unknown supplier 12 05 бакси иммергаз аристон дражице навьен термекс бош эван дакор,Юнипамп поверхностный вихревой насос QB 60,2720.8545,9.0,"{""КРД"": 4.0, ""Крым"": 5.0}",2026-05-15_13-05-59_unknown_supplier_12_05_бакси_иммергаз_аристон_дражице_навьен_термекс_бош_эван_дакор.xls,171
ib,unknown supplier 12 05 бакси иммергаз аристон дражице навьен термекс бош эван дакор,Юнипамп поверхностный вихревой насос QB 70,3909.9795,4.0,"{""КРД"": 2.0, ""Крым"": 2.0}",2026-05-15_13-05-59_unknown_supplier_12_05_бакси_иммергаз_аристон_дражице_навьен_термекс_бош_эван_дакор.xls,172
ib,unknown supplier 12 05 бакси иммергаз аристон дражице навьен термекс бош эван дакор,Юнипамп поверхностный вихревой насос QB 80,4228.476,3.0,"{""КРД"": 1.0, ""Крым"": 2.0}",2026-05-15_13-05-59_unknown_supplier_12_05_бакси_иммергаз_аристон_дражице_навьен_термекс_бош_эван_дакор.xls,173
ib,unknown supplier 12 05 бакси иммергаз аристон дражице навьен термекс бош эван дакор,Юнипамп Центробежный поверхностный насос (консольный) CPM 1500D,12699.0465,2.0,"{""КРД"": 1.0, ""Крым"": 1.0}",2026-05-15_13-05-59_unknown_supplier_12_05_бакси_иммергаз_аристон_дражице_навьен_термекс_бош_эван_дакор.xls,174
ib,unknown supplier 12 05 бакси иммергаз аристон дражице навьен термекс бош эван дакор,Юнипамп Центробежный поверхностный насос (консольный) CPM 2200Q,12758.7705,1.0,"{""Крым"": 1.0}",2026-05-15_13-05-59_unknown_supplier_12_05_бакси_иммергаз_аристон_дражице_навьен_термекс_бош_эван_дакор.xls,175
ib,unknown supplier 12 05 бакси иммергаз аристон дражице навьен термекс бош эван дакор,Юнипамп Многоступенчатый горизонтальный насос CM 4-6,19001.955,1.0,"{""КРД"": 1.0}",2026-05-15_13-05-59_unknown_supplier_12_05_бакси_иммергаз_аристон_дражице_навьен_термекс_бош_эван_дакор.xls,176
ib,unknown supplier 12 05 бакси иммергаз аристон дражице навьен термекс бош эван дакор,Юнипамп Поверхностный насос (консольный) CPM 1100Q,11633.5485,1.0,"{""Крым"": 1.0}",2026-05-15_13-05-59_unknown_supplier_12_05_бакси_иммергаз_аристон_дражице_навьен_термекс_бош_эван_дакор.xls,177
ib,unknown supplier 12 05 бакси иммергаз аристон дражице навьен термекс бош эван дакор,Многоступенчатый поверхностный насос MH-500C (садовый),10206.5985,1.0,"{""Крым"": 1.0}",2026-05-15_13-05-59_unknown_supplier_12_05_бакси_иммергаз_аристон_дражице_навьен_термекс_бош_эван_дакор.xls,178
ib,unknown supplier 12 05 бакси иммергаз аристон дражице навьен термекс бош эван дакор,Многоступенчатый поверхностный насос MH-600C (садовый),10703.196000000002,1.0,"{""Крым"": 1.0}",2026-05-15_13-05-59_unknown_supplier_12_05_бакси_иммергаз_аристон_дражице_навьен_термекс_бош_эван_дакор.xls,179
ib,unknown supplier 12 05 бакси иммергаз аристон дражице навьен термекс бош эван дакор,Поверхностный насос (консольный) CPM 3000Q,23744.448,1.0,"{""Крым"": 1.0}",2026-05-15_13-05-59_unknown_supplier_12_05_бакси_иммергаз_аристон_дражице_навьен_термекс_бош_эван_дакор.xls,180
ib,unknown supplier 12 05 бакси иммергаз аристон дражице навьен термекс бош эван дакор,"Юнипамп обратный клапан 1"", с сеткой (сетка-латунь, толкате",583.5585,1.0,"{""Крым"": 1.0}",2026-05-15_13-05-59_unknown_supplier_12_05_бакси_иммергаз_аристон_дражице_навьен_термекс_бош_эван_дакор.xls,182
ib,unknown supplier 12 05 бакси иммергаз аристон дражице навьен термекс бош эван дакор,Юнипамп Незамерз. кран WF-2102 (150мм),2200.1490000000003,4.0,"{""КРД"": 4.0}",2026-05-15_13-05-59_unknown_supplier_12_05_бакси_иммергаз_аристон_дражице_навьен_термекс_бош_эван_дакор.xls,184
ib,unknown supplier 12 05 бакси иммергаз аристон дражице навьен термекс бош эван дакор,Юнипамп Незамерз. кран WF-2104 (250мм),2594.0775000000003,1.0,"{""Крым"": 1.0}",2026-05-15_13-05-59_unknown_supplier_12_05_бакси_иммергаз_аристон_дражице_навьен_термекс_бош_эван_дакор.xls,185
ib,unknown supplier 12 05 бакси иммергаз аристон дражице навьен термекс бош эван дакор,Юнипамп Незамерз. кран WF-2105 (300мм),2662.1805,3.0,"{""КРД"": 2.0, ""Крым"": 1.0}",2026-05-15_13-05-59_unknown_supplier_12_05_бакси_иммергаз_аристон_дражице_навьен_термекс_бош_эван_дакор.xls,186
ib,unknown supplier 12 05 бакси иммергаз аристон дражице навьен термекс бош эван дакор,"Юнипамп манометр 6 атм аксиальный (зад. подк.) 1/4""",256.683,34.0,"{""Крым"": 34.0}",2026-05-15_13-05-59_unknown_supplier_12_05_бакси_иммергаз_аристон_дражице_навьен_термекс_бош_эван_дакор.xls,188
ib,unknown supplier 12 05 бакси иммергаз аристон дражице навьен термекс бош эван дакор,"Юнипамп манометр 6 атм радиальный 1/4""",249.354,28.0,"{""КРД"": 3.0, ""Крым"": 25.0}",2026-05-15_13-05-59_unknown_supplier_12_05_бакси_иммергаз_аристон_дражице_навьен_термекс_бош_эван_дакор.xls,189
ib,unknown supplier 12 05 бакси иммергаз аристон дражице навьен термекс бош эван дакор,Юнипамп кран-водонагрев. BEF-003-178,5543.3279999999995,3.0,"{""Крым"": 3.0}",2026-05-15_13-05-59_unknown_supplier_12_05_бакси_иммергаз_аристон_дражице_навьен_термекс_бош_эван_дакор.xls,191
ib,unknown supplier 12 05 бакси иммергаз аристон дражице навьен термекс бош эван дакор,Юнипамп кран-водонагрев. BEF-017,3518.1405000000004,1.0,"{""КРД"": 1.0}",2026-05-15_13-05-59_unknown_supplier_12_05_бакси_иммергаз_аристон_дражице_навьен_термекс_бош_эван_дакор.xls,192
ib,unknown supplier 12 05 бакси иммергаз аристон дражице навьен термекс бош эван дакор,Юнипамп кран-водонагрев. BEF-019А,2594.0775000000003,5.0,"{""КРД"": 1.0, ""Крым"": 4.0}",2026-05-15_13-05-59_unknown_supplier_12_05_бакси_иммергаз_аристон_дражице_навьен_термекс_бош_эван_дакор.xls,193
ib,unknown supplier 12 05 бакси иммергаз аристон дражице навьен термекс бош эван дакор,Юнипамп кран-водонагрев. BEF-001-02 с дисп и гибким изливом,2488.269,6.0,"{""КРД"": 3.0, ""Крым"": 3.0}",2026-05-15_13-05-59_unknown_supplier_12_05_бакси_иммергаз_аристон_дражице_навьен_термекс_бош_эван_дакор.xls,194
ib,unknown supplier 12 05 бакси иммергаз аристон дражице навьен термекс бош эван дакор,Юнипамп Кран-водонагреватель проточного типа BEF-001 с дисплеем и жестким изливом,2239.965,18.0,"{""КРД"": 1.0, ""Крым"": 17.0}",2026-05-15_13-05-59_unknown_supplier_12_05_бакси_иммергаз_аристон_дражице_навьен_термекс_бош_эван_дакор.xls,195
ib,unknown supplier 12 05 бакси иммергаз аристон дражице навьен термекс бош эван дакор,Юнипамп Кран-водонагреватель проточного типа BEF-001-03 с дисплеем и душевой лейкой,2952.3900000000003,1.0,"{""Крым"": 1.0}",2026-05-15_13-05-59_unknown_supplier_12_05_бакси_иммергаз_аристон_дражице_навьен_термекс_бош_эван_дакор.xls,196
ib,unknown supplier 12 05 бакси иммергаз аристон дражице навьен термекс бош эван дакор,"Юнипамп клапан электромагнитный ВОХ - 15 1/2"" нормально открытый",3256.218,1.0,"{""Крым"": 1.0}",2026-05-15_13-05-59_unknown_supplier_12_05_бакси_иммергаз_аристон_дражице_навьен_термекс_бош_эван_дакор.xls,198
ib,unknown supplier 12 05 бакси иммергаз аристон дражице навьен термекс бош эван дакор,Юнипамп клапан электромагнитный ВОХ - 20 3/4,3764.355,4.0,"{""КРД"": 1.0, ""Крым"": 3.0}",2026-05-15_13-05-59_unknown_supplier_12_05_бакси_иммергаз_аристон_дражице_навьен_термекс_бош_эван_дакор.xls,199
ib,unknown supplier 12 05 бакси иммергаз аристон дражице навьен термекс бош эван дакор,"Юнипамп клапан электромагнитный ВОХ - 25 1"" нормально открытый",4347.9135,1.0,"{""Крым"": 1.0}",2026-05-15_13-05-59_unknown_supplier_12_05_бакси_иммергаз_аристон_дражице_навьен_термекс_бош_эван_дакор.xls,200
ib,unknown supplier 12 05 бакси иммергаз аристон дражице навьен термекс бош эван дакор,Юнипамп клапан электромагнитный ВОХ - 32 11/4,7420.791,1.0,"{""КРД"": 1.0}",2026-05-15_13-05-59_unknown_supplier_12_05_бакси_иммергаз_аристон_дражице_навьен_термекс_бош_эван_дакор.xls,201
ib,unknown supplier 12 05 бакси иммергаз аристон дражице навьен термекс бош эван дакор,"Юнипамп клапан электромагнитный ВСХ - 15 1/2"" нормально закрытый",2585.6985000000004,5.0,"{""Крым"": 5.0}",2026-05-15_13-05-59_unknown_supplier_12_05_бакси_иммергаз_аристон_дражице_навьен_термекс_бош_эван_дакор.xls,202
ib,unknown supplier 12 05 бакси иммергаз аристон дражице навьен термекс бош эван дакор,"Юнипамп клапан электромагнитный ВСХ - 20 3/4"" нормально закрытый",2866.4790000000003,8.0,"{""КРД"": 3.0, ""Крым"": 5.0}",2026-05-15_13-05-59_unknown_supplier_12_05_бакси_иммергаз_аристон_дражице_навьен_термекс_бош_эван_дакор.xls,203
ib,unknown supplier 12 05 бакси иммергаз аристон дражице навьен термекс бош эван дакор,"Юнипамп клапан электромагнитный ВСХ - 25 1"" нормально закрытый",3718.2495,1.0,"{""КРД"": 1.0}",2026-05-15_13-05-59_unknown_supplier_12_05_бакси_иммергаз_аристон_дражице_навьен_термекс_бош_эван_дакор.xls,204
ib,unknown supplier 12 05 бакси иммергаз аристон дражице навьен термекс бош эван дакор,Юнипамп насос X-JE 100Р АКЦИЯ,20177.43,1.0,"{""Крым"": 1.0}",2026-05-15_13-05-59_unknown_supplier_12_05_бакси_иммергаз_аристон_дражице_навьен_термекс_бош_эван_дакор.xls,206
ib,unknown supplier 12 05 бакси иммергаз аристон дражице навьен термекс бош эван дакор,Юнипамп насос X-JE 120Р АКЦИЯ,24307.08,1.0,"{""Крым"": 1.0}",2026-05-15_13-05-59_unknown_supplier_12_05_бакси_иммергаз_аристон_дражице_навьен_термекс_бош_эван_дакор.xls,207
ib,unknown supplier 12 05 бакси иммергаз аристон дражице навьен термекс бош эван дакор,Юнипамп насос X-JE 80Р АКЦИЯ,19873.1925,1.0,"{""Крым"": 1.0}",2026-05-15_13-05-59_unknown_supplier_12_05_бакси_иммергаз_аристон_дражице_навьен_термекс_бош_эван_дакор.xls,208
ib,unknown supplier 12 05 бакси иммергаз аристон дражице навьен термекс бош эван дакор,Юнипамп насос X-МО 100B АКЦИЯ,29093.085000000003,1.0,"{""Крым"": 1.0}",2026-05-15_13-05-59_unknown_supplier_12_05_бакси_иммергаз_аристон_дражице_навьен_термекс_бош_эван_дакор.xls,209
ib,unknown supplier 12 05 бакси иммергаз аристон дражице навьен термекс бош эван дакор,Юнипамп насос X-МО 120B АКЦИЯ,26091.6075,1.0,"{""Крым"": 1.0}",2026-05-15_13-05-59_unknown_supplier_12_05_бакси_иммергаз_аристон_дражице_навьен_термекс_бош_эван_дакор.xls,210
ib,unknown supplier 12 05 бакси иммергаз аристон дражице навьен термекс бош эван дакор,Юнипамп насос X-МО 80B АКЦИЯ,24704.085000000003,1.0,"{""Крым"": 1.0}",2026-05-15_13-05-59_unknown_supplier_12_05_бакси_иммергаз_аристон_дражице_навьен_термекс_бош_эван_дакор.xls,211
ib,unknown supplier 12 05 бакси иммергаз аристон дражице навьен термекс бош эван дакор,Юнипамп поверхностный многоступенчатый насос МJ 83 М АКЦИЯ,7613.9175,1.0,"{""Крым"": 1.0}",2026-05-15_13-05-59_unknown_supplier_12_05_бакси_иммергаз_аристон_дражице_навьен_термекс_бош_эван_дакор.xls,212
ib,unknown supplier 12 05 бакси иммергаз аристон дражице навьен термекс бош эван дакор,Юнипамп поверхностный многоступенчатый насос МJX 86 М АКЦИЯ,16112.6175,3.0,"{""Крым"": 3.0}",2026-05-15_13-05-59_unknown_supplier_12_05_бакси_иммергаз_аристон_дражице_навьен_термекс_бош_эван_дакор.xls,213
ib,unknown supplier 12 05 бакси иммергаз аристон дражице навьен термекс бош эван дакор,Юнипамп поверхностный многоступенчатый насос МК 120 М АКЦИЯ,20882.6625,1.0,"{""Крым"": 1.0}",2026-05-15_13-05-59_unknown_supplier_12_05_бакси_иммергаз_аристон_дражице_навьен_термекс_бош_эван_дакор.xls,214
ib,unknown supplier 12 05 бакси иммергаз аристон дражице навьен термекс бош эван дакор,Юнипамп дренажный насос ARTSUB Q250,4860.2295,1.0,"{""Крым"": 1.0}",2026-05-15_13-05-59_unknown_supplier_12_05_бакси_иммергаз_аристон_дражице_навьен_термекс_бош_эван_дакор.xls,216
ib,unknown supplier 12 05 бакси иммергаз аристон дражице навьен термекс бош эван дакор,Юнипамп дренажный насос ARTSUB Q400,4955.5695000000005,1.0,"{""Крым"": 1.0}",2026-05-15_13-05-59_unknown_supplier_12_05_бакси_иммергаз_аристон_дражице_навьен_термекс_бош_эван_дакор.xls,217
ib,unknown supplier 12 05 бакси иммергаз аристон дражице навьен термекс бош эван дакор,Юнипамп дренажный насос ARTSUB Q550,5262.5475,5.0,"{""КРД"": 1.0, ""Крым"": 4.0}",2026-05-15_13-05-59_unknown_supplier_12_05_бакси_иммергаз_аристон_дражице_навьен_термекс_бош_эван_дакор.xls,218
ib,unknown supplier 12 05 бакси иммергаз аристон дражице навьен термекс бош эван дакор,Юнипамп дренажный насос ARTSUB Q750,5374.6455000000005,2.0,"{""КРД"": 1.0, ""Крым"": 1.0}",2026-05-15_13-05-59_unknown_supplier_12_05_бакси_иммергаз_аристон_дражице_навьен_термекс_бош_эван_дакор.xls,219
ib,unknown supplier 12 05 бакси иммергаз аристон дражице навьен термекс бош эван дакор,Юнипамп дренажный насос FEKAPUMP V 1100F,16206.7185,1.0,"{""Крым"": 1.0}",2026-05-15_13-05-59_unknown_supplier_12_05_бакси_иммергаз_аристон_дражице_навьен_термекс_бош_эван_дакор.xls,220
ib,unknown supplier 12 05 бакси иммергаз аристон дражице навьен термекс бош эван дакор,Юнипамп дренажный насос FEKAPUMP V 1500F,19604.3715,3.0,"{""КРД"": 3.0}",2026-05-15_13-05-59_unknown_supplier_12_05_бакси_иммергаз_аристон_дражице_навьен_термекс_бош_эван_дакор.xls,221
ib,unknown supplier 12 05 бакси иммергаз аристон дражице навьен термекс бош эван дакор,Юнипамп дренажный насос FEKAPUMP V 2200F,25226.2815,2.0,"{""Крым"": 2.0}",2026-05-15_13-05-59_unknown_supplier_12_05_бакси_иммергаз_аристон_дражице_навьен_термекс_бош_эван_дакор.xls,222
ib,unknown supplier 12 05 бакси иммергаз аристон дражице навьен термекс бош эван дакор,Юнипамп дренажный насос FEKAPUMP V 250 F,8132.166,2.0,"{""Крым"": 2.0}",2026-05-15_13-05-59_unknown_supplier_12_05_бакси_иммергаз_аристон_дражице_навьен_термекс_бош_эван_дакор.xls,223
ib,unknown supplier 12 05 бакси иммергаз аристон дражице навьен термекс бош эван дакор,Юнипамп дренажный насос FEKAPUMP V 450F,11710.0305,2.0,"{""Крым"": 2.0}",2026-05-15_13-05-59_unknown_supplier_12_05_бакси_иммергаз_аристон_дражице_навьен_термекс_бош_эван_дакор.xls,224
ib,unknown supplier 12 05 бакси иммергаз аристон дражице навьен термекс бош эван дакор,Юнипамп дренажный насос FEKAPUMP V 750F,13971.993,6.0,"{""КРД"": 2.0, ""Крым"": 4.0}",2026-05-15_13-05-59_unknown_supplier_12_05_бакси_иммергаз_аристон_дражице_навьен_термекс_бош_эван_дакор.xls,225
ib,unknown supplier 12 05 бакси иммергаз аристон дражице навьен термекс бош эван дакор,"Юнипамп Дренажный насос INOXPROF 15-15-1,5",20195.2695,4.0,"{""Крым"": 4.0}",2026-05-15_13-05-59_unknown_supplier_12_05_бакси_иммергаз_аристон_дражице_навьен_термекс_бош_эван_дакор.xls,226
ib,unknown supplier 12 05 бакси иммергаз аристон дражице навьен термекс бош эван дакор,Юнипамп дренажный насос INOXVORT 750 SW,6768.0795,1.0,"{""Крым"": 1.0}",2026-05-15_13-05-59_unknown_supplier_12_05_бакси_иммергаз_аристон_дражице_навьен_термекс_бош_эван_дакор.xls,227
ib,unknown supplier 12 05 бакси иммергаз аристон дражице навьен термекс бош эван дакор,Юнипамп дренажный насос SUB 209 P,4255.713,7.0,"{""КРД"": 3.0, ""Крым"": 4.0}",2026-05-15_13-05-59_unknown_supplier_12_05_бакси_иммергаз_аристон_дражице_навьен_термекс_бош_эван_дакор.xls,228
ib,unknown supplier 12 05 бакси иммергаз аристон дражице навьен термекс бош эван дакор,Юнипамп дренажный насос SUB 257 P,4493.5380000000005,3.0,"{""КРД"": 1.0, ""Крым"": 2.0}",2026-05-15_13-05-59_unknown_supplier_12_05_бакси_иммергаз_аристон_дражице_навьен_термекс_бош_эван_дакор.xls,229
ib,unknown supplier 12 05 бакси иммергаз аристон дражице навьен термекс бош эван дакор,Юнипамп дренажный насос SUB 407 P,4693.647000000001,3.0,"{""Крым"": 3.0}",2026-05-15_13-05-59_unknown_supplier_12_05_бакси_иммергаз_аристон_дражице_навьен_термекс_бош_эван_дакор.xls,230
ib,unknown supplier 12 05 бакси иммергаз аристон дражице навьен термекс бош эван дакор,Юнипамп дренажный насос SUB 557 P,5691.052500000001,3.0,"{""Крым"": 3.0}",2026-05-15_13-05-59_unknown_supplier_12_05_бакси_иммергаз_аристон_дражице_навьен_термекс_бош_эван_дакор.xls,231
ib,unknown supplier 12 05 бакси иммергаз аристон дражице навьен термекс бош эван дакор,Юнипамп дренажный насос VORT 1101 PW,6412.9065,1.0,"{""Крым"": 1.0}",2026-05-15_13-05-59_unknown_supplier_12_05_бакси_иммергаз_аристон_дражице_навьен_термекс_бош_эван_дакор.xls,232
ib,unknown supplier 12 05 бакси иммергаз аристон дражице навьен термекс бош эван дакор,Юнипамп дренажный насос VORT 401 PW,4604.596500000001,2.0,"{""КРД"": 1.0, ""Крым"": 1.0}",2026-05-15_13-05-59_unknown_supplier_12_05_бакси_иммергаз_аристон_дражице_навьен_термекс_бош_эван_дакор.xls,233
ib,unknown supplier 12 05 бакси иммергаз аристон дражице навьен термекс бош эван дакор,Юнипамп дренажный насос VORT 851 PW,5972.883000000001,2.0,"{""Крым"": 2.0}",2026-05-15_13-05-59_unknown_supplier_12_05_бакси_иммергаз_аристон_дражице_навьен_термекс_бош_эван_дакор.xls,234
ib,unknown supplier 12 05 бакси иммергаз аристон дражице навьен термекс бош эван дакор,Юнипамп дренажный садовый насос RAIN Q250 АКЦИЯ,4301.8185,10.0,"{""Крым"": 10.0}",2026-05-15_13-05-59_unknown_supplier_12_05_бакси_иммергаз_аристон_дражице_навьен_термекс_бош_эван_дакор.xls,235
ib,unknown supplier 12 05 бакси иммергаз аристон дражице навьен термекс бош эван дакор,Юнипамп канализационная насосная станция SANIVORT 255 A,11504.682,1.0,"{""Крым"": 1.0}",2026-05-15_13-05-59_unknown_supplier_12_05_бакси_иммергаз_аристон_дражице_навьен_термекс_бош_эван_дакор.xls,236
ib,unknown supplier 12 05 бакси иммергаз аристон дражице навьен термекс бош эван дакор,Юнипамп канализационная насосная станция SANIVORT 405 М 8м с ножом (бок. выход),12160.533,3.0,"{""КРД"": 2.0, ""Крым"": 1.0}",2026-05-15_13-05-59_unknown_supplier_12_05_бакси_иммергаз_аристон_дражице_навьен_термекс_бош_эван_дакор.xls,237
ib,unknown supplier 12 05 бакси иммергаз аристон дражице навьен термекс бош эван дакор,Юнипамп Фекальный насос FEKACUT V1100DF,17243.929500000002,1.0,"{""Крым"": 1.0}",2026-05-15_13-05-59_unknown_supplier_12_05_бакси_иммергаз_аристон_дражице_навьен_термекс_бош_эван_дакор.xls,238
ib,unknown supplier 12 05 бакси иммергаз аристон дражице навьен термекс бош эван дакор,Юнипамп Фекальный насос FEKACUT V1300DF,19265.967,1.0,"{""Крым"": 1.0}",2026-05-15_13-05-59_unknown_supplier_12_05_бакси_иммергаз_аристон_дражице_навьен_термекс_бош_эван_дакор.xls,239
ib,unknown supplier 12 05 бакси иммергаз аристон дражице навьен термекс бош эван дакор,Юнипамп Фекальный насос FEKACUT V1800DF АКЦИЯ,25912.5195,2.0,"{""КРД"": 2.0}",2026-05-15_13-05-59_unknown_supplier_12_05_бакси_иммергаз_аристон_дражице_навьен_термекс_бош_эван_дакор.xls,240
ib,unknown supplier 12 05 бакси иммергаз аристон дражице навьен термекс бош эван дакор,Юнипамп Фекальный насос FEKACUT V2200DF,27130.9815,1.0,"{""Крым"": 1.0}",2026-05-15_13-05-59_unknown_supplier_12_05_бакси_иммергаз_аристон_дражице_навьен_термекс_бош_эван_дакор.xls,241
ib,unknown supplier 12 05 бакси иммергаз аристон дражице навьен термекс бош эван дакор,Юнипамп Фекальный насос FEKACUT V750DF,15567.6255,2.0,"{""КРД"": 1.0, ""Крым"": 1.0}",2026-05-15_13-05-59_unknown_supplier_12_05_бакси_иммергаз_аристон_дражице_навьен_термекс_бош_эван_дакор.xls,242
ib,unknown supplier 12 05 бакси иммергаз аристон дражице навьен термекс бош эван дакор,Юнипамп дренажный насос ARTVORT Q900B,6912.6539999999995,2.0,"{""Крым"": 2.0}",2026-05-15_13-05-59_unknown_supplier_12_05_бакси_иммергаз_аристон_дражице_навьен_термекс_бош_эван_дакор.xls,243
ib,unknown supplier 12 05 бакси иммергаз аристон дражице навьен термекс бош эван дакор,Юнипамп Дренажный насос ARTVORT Q550B,5582.094,1.0,"{""КРД"": 1.0}",2026-05-15_13-05-59_unknown_supplier_12_05_бакси_иммергаз_аристон_дражице_навьен_термекс_бош_эван_дакор.xls,244
ib,unknown supplier 12 05 бакси иммергаз аристон дражице навьен термекс бош эван дакор,Юнипамп Дренажный насос ARTVORT Q750B,5983.362,3.0,"{""КРД"": 2.0, ""Крым"": 1.0}",2026-05-15_13-05-59_unknown_supplier_12_05_бакси_иммергаз_аристон_дражице_навьен_термекс_бош_эван_дакор.xls,245
ib,unknown supplier 12 05 бакси иммергаз аристон дражице навьен термекс бош эван дакор,Юнипамп Дренажный насос ARTVORT Q400B,4759.660500000001,2.0,"{""КРД"": 1.0, ""Крым"": 1.0}",2026-05-15_13-05-59_unknown_supplier_12_05_бакси_иммергаз_аристон_дражице_навьен_термекс_бош_эван_дакор.xls,246
ib,unknown supplier 12 05 бакси иммергаз аристон дражице навьен термекс бош эван дакор,Юнипамп дренажный садовый насос RAIN Q400,4484.109,5.0,"{""КРД"": 1.0, ""Крым"": 4.0}",2026-05-15_13-05-59_unknown_supplier_12_05_бакси_иммергаз_аристон_дражице_навьен_термекс_бош_эван_дакор.xls,247
ib,unknown supplier 12 05 бакси иммергаз аристон дражице навьен термекс бош эван дакор,Юнипамп дренажный садовый насос RAIN Q550M АКЦИЯ,6043.075500000001,5.0,"{""Крым"": 5.0}",2026-05-15_13-05-59_unknown_supplier_12_05_бакси_иммергаз_аристон_дражице_навьен_термекс_бош_эван_дакор.xls,248
ib,unknown supplier 12 05 бакси иммергаз аристон дражице навьен термекс бош эван дакор,Юнипамп дренажный насос ARTSUB Q900,5619.81,3.0,"{""КРД"": 1.0, ""Крым"": 2.0}",2026-05-15_13-05-59_unknown_supplier_12_05_бакси_иммергаз_аристон_дражице_навьен_термекс_бош_эван_дакор.xls,249
ib,unknown supplier 12 05 бакси иммергаз аристон дражице навьен термекс бош эван дакор,Юнипамп Канализационная насосная станция SANIVORT 255 M 9м,10575.3795,11.0,"{""КРД"": 3.0, ""Крым"": 8.0}",2026-05-15_13-05-59_unknown_supplier_12_05_бакси_иммергаз_аристон_дражице_навьен_термекс_бош_эван_дакор.xls,250
ib,unknown supplier 12 05 бакси иммергаз аристон дражице навьен термекс бош эван дакор,Юнипамп Канализационная насосная станция SANIVORT 405 M 8м с ножом (центр. вход),11949.9555,1.0,"{""КРД"": 1.0}",2026-05-15_13-05-59_unknown_supplier_12_05_бакси_иммергаз_аристон_дражице_навьен_термекс_бош_эван_дакор.xls,251
ib,unknown supplier 12 05 бакси иммергаз аристон дражице навьен термекс бош эван дакор,Юнипамп Канализационная насосная станция SANIVORT 255 M 7м,9518.2605,2.0,"{""КРД"": 2.0}",2026-05-15_13-05-59_unknown_supplier_12_05_бакси_иммергаз_аристон_дражице_навьен_термекс_бош_эван_дакор.xls,252
ib,unknown supplier 12 05 бакси иммергаз аристон дражице навьен термекс бош эван дакор,Юнипамп Канализационная насосная станция SANIVORT 605 M 10м с ножом,11103.414,6.0,"{""КРД"": 4.0, ""Крым"": 2.0}",2026-05-15_13-05-59_unknown_supplier_12_05_бакси_иммергаз_аристон_дражице_навьен_термекс_бош_эван_дакор.xls,253
ib,unknown supplier 12 05 бакси иммергаз аристон дражице навьен термекс бош эван дакор,Юнипамп дренажный насос ARTSUB Q400 АКЦИЯ,4538.593500000001,2.0,"{""Крым"": 2.0}",2026-05-15_13-05-59_unknown_supplier_12_05_бакси_иммергаз_аристон_дражице_навьен_термекс_бош_эван_дакор.xls,254
ib,unknown supplier 12 05 бакси иммергаз аристон дражице навьен термекс бош эван дакор,"Юнипамп группа безопасности котла 1""- 3/4"" КОМПАКТ",1136.7405,1.0,"{""Крым"": 1.0}",2026-05-15_13-05-59_unknown_supplier_12_05_бакси_иммергаз_аристон_дражице_навьен_термекс_бош_эван_дакор.xls,256
ib,unknown supplier 12 05 бакси иммергаз аристон дражице навьен термекс бош эван дакор,"Юнипамп Вибрационный насос ""Ручеек"" В-25",2522.835,3.0,"{""Крым"": 3.0}",2026-05-15_13-05-59_unknown_supplier_12_05_бакси_иммергаз_аристон_дражице_навьен_термекс_бош_эван_дакор.xls,258
ib,unknown supplier 12 05 бакси иммергаз аристон дражице навьен термекс бош эван дакор,"Юнипамп насос вибр. ""Бавленец - 2 "" БВ-024-40-У5 кабель 1м АКЦИЯ",3789.7965,6.0,"{""КРД"": 2.0, ""Крым"": 4.0}",2026-05-15_13-05-59_unknown_supplier_12_05_бакси_иммергаз_аристон_дражице_навьен_термекс_бош_эван_дакор.xls,259
ib,unknown supplier 12 05 бакси иммергаз аристон дражице навьен термекс бош эван дакор,"Юнипамп насос вибр. ""Бавленец-М"" БВ 0,12-40-У5,10м (верхний забор)",4109.091,5.0,"{""КРД"": 4.0, ""Крым"": 1.0}",2026-05-15_13-05-59_unknown_supplier_12_05_бакси_иммергаз_аристон_дражице_навьен_термекс_бош_эван_дакор.xls,260
ib,unknown supplier 12 05 бакси иммергаз аристон дражице навьен термекс бош эван дакор,"Юнипамп насос вибр. ""Бавленец-М"" БВ 0,12-40-У5,15м (верхний забор)",4332.2685,2.0,"{""КРД"": 1.0, ""Крым"": 1.0}",2026-05-15_13-05-59_unknown_supplier_12_05_бакси_иммергаз_аристон_дражице_навьен_термекс_бош_эван_дакор.xls,261
ib,unknown supplier 12 05 бакси иммергаз аристон дражице навьен термекс бош эван дакор,"Юнипамп насос вибр. ""Бавленец-М"" БВ 0,12-40-У5,25м (верхний забор)",4777.563000000001,5.0,"{""Крым"": 5.0}",2026-05-15_13-05-59_unknown_supplier_12_05_бакси_иммергаз_аристон_дражице_навьен_термекс_бош_эван_дакор.xls,262
ib,unknown supplier 12 05 бакси иммергаз аристон дражице навьен термекс бош эван дакор,"Юнипамп насос вибр. ""Бавленец-М"" БВ 0,12-40-У5,40м (верхний забор)",5469.5235,3.0,"{""КРД"": 2.0, ""Крым"": 1.0}",2026-05-15_13-05-59_unknown_supplier_12_05_бакси_иммергаз_аристон_дражице_навьен_термекс_бош_эван_дакор.xls,263
ib,unknown supplier 12 05 бакси иммергаз аристон дражице навьен термекс бош эван дакор,"Юнипамп насос вибр. ""Бавленец"" БВ 0,12-40-У5,10м (нижний забор)",4031.139,5.0,"{""КРД"": 3.0, ""Крым"": 2.0}",2026-05-15_13-05-59_unknown_supplier_12_05_бакси_иммергаз_аристон_дражице_навьен_термекс_бош_эван_дакор.xls,264
ib,unknown supplier 12 05 бакси иммергаз аристон дражице навьен термекс бош эван дакор,"Юнипамп насос вибр. ""Бавленец"" БВ 0,12-40-У5,15м (нижний забор)",3137.3475,4.0,"{""КРД"": 4.0}",2026-05-15_13-05-59_unknown_supplier_12_05_бакси_иммергаз_аристон_дражице_навьен_термекс_бош_эван_дакор.xls,265
ib,unknown supplier 12 05 бакси иммергаз аристон дражице навьен термекс бош эван дакор,"Юнипамп насос вибр. ""Бавленец"" БВ 0,12-40-У5,25м (нижний забор)",4699.611,3.0,"{""КРД"": 2.0, ""Крым"": 1.0}",2026-05-15_13-05-59_unknown_supplier_12_05_бакси_иммергаз_аристон_дражице_навьен_термекс_бош_эван_дакор.xls,266
ib,unknown supplier 12 05 бакси иммергаз аристон дражице навьен термекс бош эван дакор,"Юнипамп насос вибр. ""Бавленец"" БВ 0,12-40-У5,40м (нижний забор) АКЦИЯ",2766.8025,13.0,"{""КРД"": 3.0, ""Крым"": 10.0}",2026-05-15_13-05-59_unknown_supplier_12_05_бакси_иммергаз_аристон_дражице_навьен_термекс_бош_эван_дакор.xls,267
ib,unknown supplier 12 05 бакси иммергаз аристон дражице навьен термекс бош эван дакор,"Юнипамп основание БАРУ 724.242,002 (для Бавленец-2 низ)",228.8685,1.0,"{""Крым"": 1.0}",2026-05-15_13-05-59_unknown_supplier_12_05_бакси_иммергаз_аристон_дражице_навьен_термекс_бош_эван_дакор.xls,268
ib,unknown supplier 12 05 бакси иммергаз аристон дражице навьен термекс бош эван дакор,"Юнипамп основание БАРУ 724.242,005 (для Бавленец-2 верх)",378.2205,1.0,"{""Крым"": 1.0}",2026-05-15_13-05-59_unknown_supplier_12_05_бакси_иммергаз_аристон_дражице_навьен_термекс_бош_эван_дакор.xls,269
ib,unknown supplier 12 05 бакси иммергаз аристон дражице навьен термекс бош эван дакор,Юнипамп станция авт.водоснабжения АКВАРОБОТ М 5-25Н АКЦИЯ,6578.4495,3.0,"{""Крым"": 3.0}",2026-05-15_13-05-59_unknown_supplier_12_05_бакси_иммергаз_аристон_дражице_навьен_термекс_бош_эван_дакор.xls,270
ib,unknown supplier 12 05 бакси иммергаз аристон дражице навьен термекс бош эван дакор,Юнипамп блок управления насосом ТУРБИ,1291.8045,5.0,"{""КРД"": 3.0, ""Крым"": 2.0}",2026-05-15_13-05-59_unknown_supplier_12_05_бакси_иммергаз_аристон_дражице_навьен_термекс_бош_эван_дакор.xls,272
ib,unknown supplier 12 05 бакси иммергаз аристон дражице навьен термекс бош эван дакор,Юнипамп блок управления насосом ТУРБИ-М1,2117.3775,6.0,"{""КРД"": 1.0, ""Крым"": 5.0}",2026-05-15_13-05-59_unknown_supplier_12_05_бакси_иммергаз_аристон_дражице_навьен_термекс_бош_эван_дакор.xls,273
ib,unknown supplier 12 05 бакси иммергаз аристон дражице навьен термекс бош эван дакор,"Юнипамп блок управления насосом ТУРБИ-М2 (1,5-3,0 бар)",2116.338,14.0,"{""Крым"": 14.0}",2026-05-15_13-05-59_unknown_supplier_12_05_бакси_иммергаз_аристон_дражице_навьен_термекс_бош_эван_дакор.xls,274
ib,unknown supplier 12 05 бакси иммергаз аристон дражице навьен термекс бош эван дакор,"Юнипамп блок управления насосом ТУРБИ-М2 (2,0-3,5 бар)",2116.338,4.0,"{""КРД"": 3.0, ""Крым"": 1.0}",2026-05-15_13-05-59_unknown_supplier_12_05_бакси_иммергаз_аристон_дражице_навьен_термекс_бош_эван_дакор.xls,275
ib,unknown supplier 12 05 бакси иммергаз аристон дражице навьен термекс бош эван дакор,"Юнипамп блок управления насосом ТУРБИ-М2 (2,5-4,0 бар)",2116.338,6.0,"{""КРД"": 1.0, ""Крым"": 5.0}",2026-05-15_13-05-59_unknown_supplier_12_05_бакси_иммергаз_аристон_дражице_навьен_термекс_бош_эван_дакор.xls,276
ib,unknown supplier 12 05 бакси иммергаз аристон дражице навьен термекс бош эван дакор,"Юнипамп блок управления насосом ТУРБИ-М2 (3,0-4,5 бар) АКЦИЯ",1875.363,6.0,"{""КРД"": 3.0, ""Крым"": 3.0}",2026-05-15_13-05-59_unknown_supplier_12_05_бакси_иммергаз_аристон_дражице_навьен_термекс_бош_эван_дакор.xls,277
ib,unknown supplier 12 05 бакси иммергаз аристон дражице навьен термекс бош эван дакор,"Юнипамп блок управления насосом ТУРБИ-М3 (1,5-3,0 бар)",2532.264,3.0,"{""КРД"": 2.0, ""Крым"": 1.0}",2026-05-15_13-05-59_unknown_supplier_12_05_бакси_иммергаз_аристон_дражице_навьен_термекс_бош_эван_дакор.xls,278
ib,unknown supplier 12 05 бакси иммергаз аристон дражице навьен термекс бош эван дакор,"Юнипамп блок управления насосом ТУРБИ-М3 (2,0-3,5 бар) АКЦИЯ",2336.3445,1.0,"{""КРД"": 1.0}",2026-05-15_13-05-59_unknown_supplier_12_05_бакси_иммергаз_аристон_дражице_навьен_термекс_бош_эван_дакор.xls,279
ib,unknown supplier 12 05 бакси иммергаз аристон дражице навьен термекс бош эван дакор,"Юнипамп блок управления насосом ТУРБИ-М3, 1,5 бар однопороговый АКЦИЯ",2102.709,12.0,"{""КРД"": 2.0, ""Крым"": 10.0}",2026-05-15_13-05-59_unknown_supplier_12_05_бакси_иммергаз_аристон_дражице_навьен_термекс_бош_эван_дакор.xls,280
ib,unknown supplier 12 05 бакси иммергаз аристон дражице навьен термекс бош эван дакор,Юнипамп блок управления насосом ТУРБИПРЕСС М,2330.0655,3.0,"{""КРД"": 3.0}",2026-05-15_13-05-59_unknown_supplier_12_05_бакси_иммергаз_аристон_дражице_навьен_термекс_бош_эван_дакор.xls,281
ib,unknown supplier 12 05 бакси иммергаз аристон дражице навьен термекс бош эван дакор,Юнипамп датчик сухого хода LP/3,493.458,12.0,"{""КРД"": 3.0, ""Крым"": 9.0}",2026-05-15_13-05-59_unknown_supplier_12_05_бакси_иммергаз_аристон_дражице_навьен_термекс_бош_эван_дакор.xls,282
ib,unknown supplier 12 05 бакси иммергаз аристон дражице навьен термекс бош эван дакор,Юнипамп коллектор 5-ти выводной настенный АКЦИЯ,2117.3775,7.0,"{""КРД"": 5.0, ""Крым"": 2.0}",2026-05-15_13-05-59_unknown_supplier_12_05_бакси_иммергаз_аристон_дражице_навьен_термекс_бош_эван_дакор.xls,283
ib,unknown supplier 12 05 бакси иммергаз аристон дражице навьен термекс бош эван дакор,Юнипамп комплект автоматики с г/а 2л АКВАРОБОТ ТУРБИ М АКЦИЯ,2712.465,3.0,"{""КРД"": 3.0}",2026-05-15_13-05-59_unknown_supplier_12_05_бакси_иммергаз_аристон_дражице_навьен_термекс_бош_эван_дакор.xls,284
ib,unknown supplier 12 05 бакси иммергаз аристон дражице навьен термекс бош эван дакор,Юнипамп комплект автоматики с г/а 5л АКВАРОБОТ М АКЦИЯ,2134.146,2.0,"{""КРД"": 1.0, ""Крым"": 1.0}",2026-05-15_13-05-59_unknown_supplier_12_05_бакси_иммергаз_аристон_дражице_навьен_термекс_бош_эван_дакор.xls,285
ib,unknown supplier 12 05 бакси иммергаз аристон дражице навьен термекс бош эван дакор,Юнипамп комплект автоматики с г/а 5л АКВАРОБОТ ТУРБИ,2319.5865000000003,2.0,"{""КРД"": 1.0, ""Крым"": 1.0}",2026-05-15_13-05-59_unknown_supplier_12_05_бакси_иммергаз_аристон_дражице_навьен_термекс_бош_эван_дакор.xls,286
ib,unknown supplier 12 05 бакси иммергаз аристон дражице навьен термекс бош эван дакор,Юнипамп Патрубок ТУРБИ М3 8.010.010,129.9165,2.0,"{""Крым"": 2.0}",2026-05-15_13-05-59_unknown_supplier_12_05_бакси_иммергаз_аристон_дражице_навьен_термекс_бош_эван_дакор.xls,287
ib,unknown supplier 12 05 бакси иммергаз аристон дражице навьен термекс бош эван дакор,"Юнипамп поплавковый выключатель, 3 м",601.3770000000001,10.0,"{""КРД"": 5.0, ""Крым"": 5.0}",2026-05-15_13-05-59_unknown_supplier_12_05_бакси_иммергаз_аристон_дражице_навьен_термекс_бош_эван_дакор.xls,288
ib,unknown supplier 12 05 бакси иммергаз аристон дражице навьен термекс бош эван дакор,"Юнипамп поплавковый выключатель, 5 м",805.6754999999999,7.0,"{""КРД"": 2.0, ""Крым"": 5.0}",2026-05-15_13-05-59_unknown_supplier_12_05_бакси_иммергаз_аристон_дражице_навьен_термекс_бош_эван_дакор.xls,289
ib,unknown supplier 12 05 бакси иммергаз аристон дражице навьен термекс бош эван дакор,"Юнипамп Реле давления РМ 5 -3 W (м) 1""",652.7115,1.0,"{""КРД"": 1.0}",2026-05-15_13-05-59_unknown_supplier_12_05_бакси_иммергаз_аристон_дражице_навьен_термекс_бош_эван_дакор.xls,290
ib,unknown supplier 12 05 бакси иммергаз аристон дражице навьен термекс бош эван дакор,Юнипамп Реле давления РМ 5 (вращающаяся гайка) 1/4,440.034,9.0,"{""КРД"": 8.0, ""Крым"": 1.0}",2026-05-15_13-05-59_unknown_supplier_12_05_бакси_иммергаз_аристон_дражице_навьен_термекс_бош_эван_дакор.xls,291
ib,unknown supplier 12 05 бакси иммергаз аристон дражице навьен термекс бош эван дакор,"Юнипамп Реле давления РМ 5 (м) 1/4""",429.55500000000006,8.0,"{""КРД"": 5.0, ""Крым"": 3.0}",2026-05-15_13-05-59_unknown_supplier_12_05_бакси_иммергаз_аристон_дражице_навьен_термекс_бош_эван_дакор.xls,292
ib,unknown supplier 12 05 бакси иммергаз аристон дражице навьен термекс бош эван дакор,"Юнипамп Реле давления РМ 5 (п) 1/4""",428.50500000000005,8.0,"{""КРД"": 7.0, ""Крым"": 1.0}",2026-05-15_13-05-59_unknown_supplier_12_05_бакси_иммергаз_аристон_дражице_навьен_термекс_бош_эван_дакор.xls,293
ib,unknown supplier 12 05 бакси иммергаз аристон дражице навьен термекс бош эван дакор,"Юнипамп Реле давления РМ 5G (м) 1/4"" Italtecnica",822.4335,2.0,"{""Крым"": 2.0}",2026-05-15_13-05-59_unknown_supplier_12_05_бакси_иммергаз_аристон_дражице_навьен_термекс_бош_эван_дакор.xls,294
ib,unknown supplier 12 05 бакси иммергаз аристон дражице навьен термекс бош эван дакор,Юнипамп частоный преобразователь ВАРУНА,23576.164500000003,4.0,"{""КРД"": 2.0, ""Крым"": 2.0}",2026-05-15_13-05-59_unknown_supplier_12_05_бакси_иммергаз_аристон_дражице_навьен_термекс_бош_эван_дакор.xls,295
ib,unknown supplier 12 05 бакси иммергаз аристон дражице навьен термекс бош эван дакор,"Юнипамп датчик потока WIP-10,12,15",501.8475,11.0,"{""КРД"": 6.0, ""Крым"": 5.0}",2026-05-15_13-05-59_unknown_supplier_12_05_бакси_иммергаз_аристон_дражице_навьен_термекс_бош_эван_дакор.xls,296
ib,unknown supplier 12 05 бакси иммергаз аристон дражице навьен термекс бош эван дакор,Юнипамп Блок управления насосом ТУРБИПРЕСС 3 кВт,4284.0,3.0,"{""КРД"": 2.0, ""Крым"": 1.0}",2026-05-15_13-05-59_unknown_supplier_12_05_бакси_иммергаз_аристон_дражице_навьен_термекс_бош_эван_дакор.xls,297
ib,unknown supplier 12 05 бакси иммергаз аристон дражице навьен термекс бош эван дакор,"Юнипамп Реле давления PM/5 c град.шкалой (вращ. гайка) 1/4""",466.221,11.0,"{""КРД"": 6.0, ""Крым"": 5.0}",2026-05-15_13-05-59_unknown_supplier_12_05_бакси_иммергаз_аристон_дражице_навьен_термекс_бош_эван_дакор.xls,298
ib,unknown supplier 12 05 бакси иммергаз аристон дражице навьен термекс бош эван дакор,Юнипамп Блок управления насосом ТУРБИПРЕСС М2 с вилкой и розеткой,2693.6070000000004,11.0,"{""КРД"": 8.0, ""Крым"": 3.0}",2026-05-15_13-05-59_unknown_supplier_12_05_бакси_иммергаз_аристон_дражице_навьен_термекс_бош_эван_дакор.xls,299
ib,unknown supplier 12 05 бакси иммергаз аристон дражице навьен термекс бош эван дакор,Юнипамп Блок управления насосом ТУРБИПРЕСС М с вилкой и розеткой,2694.657,8.0,"{""КРД"": 5.0, ""Крым"": 3.0}",2026-05-15_13-05-59_unknown_supplier_12_05_бакси_иммергаз_аристон_дражице_навьен_термекс_бош_эван_дакор.xls,300
ib,unknown supplier 12 05 бакси иммергаз аристон дражице навьен термекс бош эван дакор,"Юнипамп Устройство защиты SD-11-380V 1,1-11 кВт",2325.876,3.0,"{""Крым"": 3.0}",2026-05-15_13-05-59_unknown_supplier_12_05_бакси_иммергаз_аристон_дражице_навьен_термекс_бош_эван_дакор.xls,301
ib,unknown supplier 12 05 бакси иммергаз аристон дражице навьен термекс бош эван дакор,Юнипамп Блок управления насосом ТИСКОТРОН 3 кВт,3516.051,3.0,"{""КРД"": 1.0, ""Крым"": 2.0}",2026-05-15_13-05-59_unknown_supplier_12_05_бакси_иммергаз_аристон_дражице_навьен_термекс_бош_эван_дакор.xls,302
ib,unknown supplier 12 05 бакси иммергаз аристон дражице навьен термекс бош эван дакор,"Юнипамп всасывающий шланг с обр. клапаном 1"", длина 7м",1114.7430000000002,1.0,"{""КРД"": 1.0}",2026-05-15_13-05-59_unknown_supplier_12_05_бакси_иммергаз_аристон_дражице_навьен_термекс_бош_эван_дакор.xls,304
ib,unknown supplier 12 05 бакси иммергаз аристон дражице навьен термекс бош эван дакор,Юнипамп соеденит. шланг Ду -25 60см. угловой,665.2800000000001,9.0,"{""КРД"": 5.0, ""Крым"": 4.0}",2026-05-15_13-05-59_unknown_supplier_12_05_бакси_иммергаз_аристон_дражице_навьен_термекс_бош_эван_дакор.xls,305
ib,unknown supplier 12 05 бакси иммергаз аристон дражице навьен термекс бош эван дакор,Юнипамп соеденит. шланг Ду -25 80см. угловой,737.5725000000001,5.0,"{""Крым"": 5.0}",2026-05-15_13-05-59_unknown_supplier_12_05_бакси_иммергаз_аристон_дражице_навьен_термекс_бош_эван_дакор.xls,306
ib,unknown supplier 12 05 бакси иммергаз аристон дражице навьен термекс бош эван дакор,Юнипамп шланг поливочный ROLL TELESCOPE 22м,1852.3155,1.0,"{""КРД"": 1.0}",2026-05-15_13-05-59_unknown_supplier_12_05_бакси_иммергаз_аристон_дражице_навьен_термекс_бош_эван_дакор.xls,307
ib,unknown supplier 12 05 бакси иммергаз аристон дражице навьен термекс бош эван дакор,"Юнипамп всасывающий шланг с обр. клапаном 1"", длина 10м",1504.482,2.0,"{""КРД"": 1.0, ""Крым"": 1.0}",2026-05-15_13-05-59_unknown_supplier_12_05_бакси_иммергаз_аристон_дражице_навьен_термекс_бош_эван_дакор.xls,308
ib,unknown supplier 12 05 бакси иммергаз аристон дражице навьен термекс бош эван дакор,"Юнипамп Шланг поливочный армир. ф13вн*1,5 (бухта 25м), 1/2""",1209.033,7.0,"{""КРД"": 3.0, ""Крым"": 4.0}",2026-05-15_13-05-59_unknown_supplier_12_05_бакси_иммергаз_аристон_дражице_навьен_термекс_бош_эван_дакор.xls,309
ib,unknown supplier 12 05 бакси иммергаз аристон дражице навьен термекс бош эван дакор,"Юнипамп Шланг поливочный армир. ф13вн*1,5 (бухта 50м), 1/2""",2266.152,4.0,"{""КРД"": 1.0, ""Крым"": 3.0}",2026-05-15_13-05-59_unknown_supplier_12_05_бакси_иммергаз_аристон_дражице_навьен_термекс_бош_эван_дакор.xls,310
ib,unknown supplier 12 05 бакси иммергаз аристон дражице навьен термекс бош эван дакор,"Юнипамп Шланг поливочный армир. ф18вн*2 (бухта 50м), 3/4""",3188.1255,4.0,"{""КРД"": 3.0, ""Крым"": 1.0}",2026-05-15_13-05-59_unknown_supplier_12_05_бакси_иммергаз_аристон_дражице_навьен_термекс_бош_эван_дакор.xls,311
ib,unknown supplier 12 05 бакси иммергаз аристон дражице навьен термекс бош эван дакор,Юнипамп шланг поливочный ROLL TELESCOPE 30м NEW,1692.0225,2.0,"{""КРД"": 2.0}",2026-05-15_13-05-59_unknown_supplier_12_05_бакси_иммергаз_аристон_дражице_навьен_термекс_бош_эван_дакор.xls,312
ib,unknown supplier 12 05 бакси иммергаз аристон дражице навьен термекс бош эван дакор,Юнипамп Шланг поливочный ROLL TELESCOPE 22 м NEW,1323.231,2.0,"{""Крым"": 2.0}",2026-05-15_13-05-59_unknown_supplier_12_05_бакси_иммергаз_аристон_дражице_навьен_термекс_бош_эван_дакор.xls,313
ib,unknown supplier 12 05 бакси иммергаз аристон дражице навьен термекс бош эван дакор,"Юнипамп кронштейн крепления расширительного бака 1""",271.6875,2.0,"{""КРД"": 2.0}",2026-05-15_13-05-59_unknown_supplier_12_05_бакси_иммергаз_аристон_дражице_навьен_термекс_бош_эван_дакор.xls,315
ib,unknown supplier 12 05 бакси иммергаз аристон дражице навьен термекс бош эван дакор,Юнипамп кронштейн крепления расширительного бака 3/4,255.255,1.0,"{""КРД"": 1.0}",2026-05-15_13-05-59_unknown_supplier_12_05_бакси_иммергаз_аристон_дражице_навьен_термекс_бош_эван_дакор.xls,316
ib,unknown supplier 12 05 бакси иммергаз аристон дражице навьен термекс бош эван дакор,Юнипамп расширительный бак 12 л (верт),1330.5705,15.0,"{""КРД"": 5.0, ""Крым"": 10.0}",2026-05-15_13-05-59_unknown_supplier_12_05_бакси_иммергаз_аристон_дражице_навьен_термекс_бош_эван_дакор.xls,317
ib,unknown supplier 12 05 бакси иммергаз аристон дражице навьен термекс бош эван дакор,Юнипамп расширительный бак 19 л (верт),1445.808,15.0,"{""КРД"": 11.0, ""Крым"": 4.0}",2026-05-15_13-05-59_unknown_supplier_12_05_бакси_иммергаз_аристон_дражице_навьен_термекс_бош_эван_дакор.xls,318
ib,unknown supplier 12 05 бакси иммергаз аристон дражице навьен термекс бош эван дакор,Юнипамп расширительный бак 35 л (верт),2568.9405,1.0,"{""Крым"": 1.0}",2026-05-15_13-05-59_unknown_supplier_12_05_бакси_иммергаз_аристон_дражице_навьен_термекс_бош_эван_дакор.xls,319
ib,unknown supplier 12 05 бакси иммергаз аристон дражице навьен термекс бош эван дакор,Юнипамп расширительный бак 5 л (верт),857.0100000000001,9.0,"{""КРД"": 8.0, ""Крым"": 1.0}",2026-05-15_13-05-59_unknown_supplier_12_05_бакси_иммергаз_аристон_дражице_навьен_термекс_бош_эван_дакор.xls,320
ib,unknown supplier 12 05 бакси иммергаз аристон дражице навьен термекс бош эван дакор,Юнипамп расширительный бак 50 л (верт),3243.6495,5.0,"{""КРД"": 5.0}",2026-05-15_13-05-59_unknown_supplier_12_05_бакси_иммергаз_аристон_дражице_навьен_термекс_бош_эван_дакор.xls,321
ib,unknown supplier 12 05 бакси иммергаз аристон дражице навьен термекс бош эван дакор,Юнипамп расширительный бак 8 л (верт),1053.9795,12.0,"{""КРД"": 5.0, ""Крым"": 7.0}",2026-05-15_13-05-59_unknown_supplier_12_05_бакси_иммергаз_аристон_дражице_навьен_термекс_бош_эван_дакор.xls,322
ib,unknown supplier 12 05 бакси иммергаз аристон дражице навьен термекс бош эван дакор,Юнипамп расширительный бак 80 л (верт) АКЦИЯ,4913.664000000001,1.0,"{""КРД"": 1.0}",2026-05-15_13-05-59_unknown_supplier_12_05_бакси_иммергаз_аристон_дражице_навьен_термекс_бош_эван_дакор.xls,323
ib,unknown supplier 12 05 бакси иммергаз аристон дражице навьен термекс бош эван дакор,Расширительный бак подвесной РП 24 (БЭЗ),2011.8315,12.0,"{""КРД"": 8.0, ""Крым"": 4.0}",2026-05-15_13-05-59_unknown_supplier_12_05_бакси_иммергаз_аристон_дражице_навьен_термекс_бош_эван_дакор.xls,324
ib,unknown supplier 12 05 бакси иммергаз аристон дражице навьен термекс бош эван дакор,Расширительный бак вертикальный РВ 50 (БЭЗ),4069.5795,10.0,"{""КРД"": 6.0, ""Крым"": 4.0}",2026-05-15_13-05-59_unknown_supplier_12_05_бакси_иммергаз_аристон_дражице_навьен_термекс_бош_эван_дакор.xls,325
ib,unknown supplier 12 05 бакси иммергаз аристон дражице навьен термекс бош эван дакор,Расширительный бак вертикальный РВ 35 (БЭЗ),2792.433,16.0,"{""КРД"": 8.0, ""Крым"": 8.0}",2026-05-15_13-05-59_unknown_supplier_12_05_бакси_иммергаз_аристон_дражице_навьен_термекс_бош_эван_дакор.xls,326
ib,unknown supplier 12 05 бакси иммергаз аристон дражице навьен термекс бош эван дакор,Расширительный бак вертикальный РВ 80 (БЭЗ),5346.726,6.0,"{""КРД"": 2.0, ""Крым"": 4.0}",2026-05-15_13-05-59_unknown_supplier_12_05_бакси_иммергаз_аристон_дражице_навьен_термекс_бош_эван_дакор.xls,327
ib,unknown supplier 12 05 бакси иммергаз аристон дражице навьен термекс бош эван дакор,Расширительный бак вертикальный РВ 100 (БЭЗ),5695.914000000001,7.0,"{""КРД"": 2.0, ""Крым"": 5.0}",2026-05-15_13-05-59_unknown_supplier_12_05_бакси_иммергаз_аристон_дражице_навьен_термекс_бош_эван_дакор.xls,328
ib,unknown supplier 12 05 бакси иммергаз аристон дражице навьен термекс бош эван дакор,"Юнипамп Расширительный бак ПБ 6 (6 л, плоский)",1533.819,8.0,"{""КРД"": 5.0, ""Крым"": 3.0}",2026-05-15_13-05-59_unknown_supplier_12_05_бакси_иммергаз_аристон_дражице_навьен_термекс_бош_эван_дакор.xls,329
ib,unknown supplier 12 05 бакси иммергаз аристон дражице навьен термекс бош эван дакор,"Юнипамп Расширительный бак ПБ 8 (8 л, плоский)",1619.73,2.0,"{""Крым"": 2.0}",2026-05-15_13-05-59_unknown_supplier_12_05_бакси_иммергаз_аристон_дражице_навьен_термекс_бош_эван_дакор.xls,330
ib,unknown supplier 12 05 бакси иммергаз аристон дражице навьен термекс бош эван дакор,"Юнипамп Расширительный бак ПБ 10 (10 л, плоский)",1728.6885,4.0,"{""КРД"": 3.0, ""Крым"": 1.0}",2026-05-15_13-05-59_unknown_supplier_12_05_бакси_иммергаз_аристон_дражице_навьен_термекс_бош_эван_дакор.xls,331
ib,unknown supplier 12 05 бакси иммергаз аристон дражице навьен термекс бош эван дакор,"Юнипамп Расширительный бак ПБ 12 (12 л, плоский)",1800.981,8.0,"{""КРД"": 5.0, ""Крым"": 3.0}",2026-05-15_13-05-59_unknown_supplier_12_05_бакси_иммергаз_аристон_дражице_навьен_термекс_бош_эван_дакор.xls,332
ib,unknown supplier 12 05 бакси иммергаз аристон дражице навьен термекс бош эван дакор,"Юнипамп Кронштейн крепления бака 1"", синий (нов)",271.35150000000004,26.0,"{""КРД"": 10.0, ""Крым"": 16.0}",2026-05-15_13-05-59_unknown_supplier_12_05_бакси_иммергаз_аристон_дражице_навьен_термекс_бош_эван_дакор.xls,333
ib,unknown supplier 12 05 бакси иммергаз аристон дражице навьен термекс бош эван дакор,"Юнипамп Кронштейн крепления бака 3/4"", синий (нов)",255.633,20.0,"{""КРД"": 8.0, ""Крым"": 12.0}",2026-05-15_13-05-59_unknown_supplier_12_05_бакси_иммергаз_аристон_дражице_навьен_термекс_бош_эван_дакор.xls,334
ib,unknown supplier 12 05 бакси иммергаз аристон дражице навьен термекс бош эван дакор,Юнипамп насос для повышения давл.(водоснабж.) WIP-10,3269.8365000000003,1.0,"{""КРД"": 1.0}",2026-05-15_13-05-59_unknown_supplier_12_05_бакси_иммергаз_аристон_дражице_навьен_термекс_бош_эван_дакор.xls,336
ib,unknown supplier 12 05 бакси иммергаз аристон дражице навьен термекс бош эван дакор,Юнипамп насос для повышения давл.(водоснабж.) WIP-12,4008.459,4.0,"{""КРД"": 3.0, ""Крым"": 1.0}",2026-05-15_13-05-59_unknown_supplier_12_05_бакси_иммергаз_аристон_дражице_навьен_термекс_бош_эван_дакор.xls,337
ib,unknown supplier 12 05 бакси иммергаз аристон дражице навьен термекс бош эван дакор,Юнипамп насос для повышения давл.(водоснабж.) WIP-15,6032.596500000001,3.0,"{""КРД"": 2.0, ""Крым"": 1.0}",2026-05-15_13-05-59_unknown_supplier_12_05_бакси_иммергаз_аристон_дражице_навьен_термекс_бош_эван_дакор.xls,338
ib,unknown supplier 12 05 бакси иммергаз аристон дражице навьен термекс бош эван дакор,Юнипамп насос циркуляц. (ГВС) PH 20-60 130,4851.8505000000005,8.0,"{""КРД"": 3.0, ""Крым"": 5.0}",2026-05-15_13-05-59_unknown_supplier_12_05_бакси_иммергаз_аристон_дражице_навьен_термекс_бош_эван_дакор.xls,339
ib,unknown supplier 12 05 бакси иммергаз аристон дражице навьен термекс бош эван дакор,Юнипамп насос циркуляц. (ГВС) UPH 20-60 130,5970.783,15.0,"{""КРД"": 7.0, ""Крым"": 8.0}",2026-05-15_13-05-59_unknown_supplier_12_05_бакси_иммергаз_аристон_дражице_навьен_термекс_бош_эван_дакор.xls,340
ib,unknown supplier 12 05 бакси иммергаз аристон дражице навьен термекс бош эван дакор,"Юнипамп насос циркуляц. (ГВС, отопл) LPA 20-40 130 В латунь",7687.953,4.0,"{""КРД"": 2.0, ""Крым"": 2.0}",2026-05-15_13-05-59_unknown_supplier_12_05_бакси_иммергаз_аристон_дражице_навьен_термекс_бош_эван_дакор.xls,341
ib,unknown supplier 12 05 бакси иммергаз аристон дражице навьен термекс бош эван дакор,"Юнипамп насос циркуляц. (ГВС, отопл) LPA 20-60 130 В латунь",7687.953,8.0,"{""КРД"": 2.0, ""Крым"": 6.0}",2026-05-15_13-05-59_unknown_supplier_12_05_бакси_иммергаз_аристон_дражице_навьен_термекс_бош_эван_дакор.xls,342
ib,unknown supplier 12 05 бакси иммергаз аристон дражице навьен термекс бош эван дакор,"Юнипамп насос циркуляц. (ГВС, отопл) LPA 25-40 180 В латунь",8593.158000000001,5.0,"{""КРД"": 2.0, ""Крым"": 3.0}",2026-05-15_13-05-59_unknown_supplier_12_05_бакси_иммергаз_аристон_дражице_навьен_термекс_бош_эван_дакор.xls,343
ib,unknown supplier 12 05 бакси иммергаз аристон дражице навьен термекс бош эван дакор,"Юнипамп насос циркуляц. (ГВС, отопл) LPA 25-60 180 В латунь",8593.158000000001,9.0,"{""КРД"": 3.0, ""Крым"": 6.0}",2026-05-15_13-05-59_unknown_supplier_12_05_бакси_иммергаз_аристон_дражице_навьен_термекс_бош_эван_дакор.xls,344
ib,unknown supplier 12 05 бакси иммергаз аристон дражице навьен термекс бош эван дакор,Юнипамп насос циркуляц. (для пов. давления) UPA 15-120 195,8095.5,7.0,"{""КРД"": 3.0, ""Крым"": 4.0}",2026-05-15_13-05-59_unknown_supplier_12_05_бакси_иммергаз_аристон_дражице_навьен_термекс_бош_эван_дакор.xls,345
ib,unknown supplier 12 05 бакси иммергаз аристон дражице навьен термекс бош эван дакор,Юнипамп насос циркуляц. (для пов. давления) UPA 15-90 160,5099.1045,7.0,"{""КРД"": 3.0, ""Крым"": 4.0}",2026-05-15_13-05-59_unknown_supplier_12_05_бакси_иммергаз_аристон_дражице_навьен_термекс_бош_эван_дакор.xls,346
ib,unknown supplier 12 05 бакси иммергаз аристон дражице навьен термекс бош эван дакор,Юнипамп насос циркуляц. (отопл) LPA 20-40 130 чугун,5994.8805,8.0,"{""КРД"": 6.0, ""Крым"": 2.0}",2026-05-15_13-05-59_unknown_supplier_12_05_бакси_иммергаз_аристон_дражице_навьен_термекс_бош_эван_дакор.xls,347
ib,unknown supplier 12 05 бакси иммергаз аристон дражице навьен термекс бош эван дакор,Юнипамп насос циркуляц. (отопл) LPA 20-60 130 чугун,5994.8805,9.0,"{""КРД"": 3.0, ""Крым"": 6.0}",2026-05-15_13-05-59_unknown_supplier_12_05_бакси_иммергаз_аристон_дражице_навьен_термекс_бош_эван_дакор.xls,348
ib,unknown supplier 12 05 бакси иммергаз аристон дражице навьен термекс бош эван дакор,Юнипамп насос циркуляц. (отопл) LPA 25-40 180 чугун,6011.649,6.0,"{""КРД"": 4.0, ""Крым"": 2.0}",2026-05-15_13-05-59_unknown_supplier_12_05_бакси_иммергаз_аристон_дражице_навьен_термекс_бош_эван_дакор.xls,349
ib,unknown supplier 12 05 бакси иммергаз аристон дражице навьен термекс бош эван дакор,Юнипамп насос циркуляц. (отопл) LPA 25-60 180 чугун,6594.1575,17.0,"{""КРД"": 9.0, ""Крым"": 8.0}",2026-05-15_13-05-59_unknown_supplier_12_05_бакси_иммергаз_аристон_дражице_навьен_термекс_бош_эван_дакор.xls,350
ib,unknown supplier 12 05 бакси иммергаз аристон дражице навьен термекс бош эван дакор,Юнипамп насос циркуляц. (отопл) LPA 32-40 180 чугун,5834.587500000001,5.0,"{""КРД"": 3.0, ""Крым"": 2.0}",2026-05-15_13-05-59_unknown_supplier_12_05_бакси_иммергаз_аристон_дражице_навьен_термекс_бош_эван_дакор.xls,351
ib,unknown supplier 12 05 бакси иммергаз аристон дражице навьен термекс бош эван дакор,Юнипамп насос циркуляц. (отопл) LPA 32-60 180 чугун,6191.85,3.0,"{""КРД"": 2.0, ""Крым"": 1.0}",2026-05-15_13-05-59_unknown_supplier_12_05_бакси_иммергаз_аристон_дражице_навьен_термекс_бош_эван_дакор.xls,352
ib,unknown supplier 12 05 бакси иммергаз аристон дражице навьен термекс бош эван дакор,Юнипамп насос циркуляц. (отопл) UPF 40-160 250,24487.659000000003,1.0,"{""КРД"": 1.0}",2026-05-15_13-05-59_unknown_supplier_12_05_бакси_иммергаз_аристон_дражице_навьен_термекс_бош_эван_дакор.xls,353
ib,unknown supplier 12 05 бакси иммергаз аристон дражице навьен термекс бош эван дакор,Юнипамп насос циркуляц. (отопл) UPF 65-120 300,32656.5015,6.0,"{""КРД"": 3.0, ""Крым"": 3.0}",2026-05-15_13-05-59_unknown_supplier_12_05_бакси_иммергаз_аристон_дражице_навьен_термекс_бош_эван_дакор.xls,354
ib,unknown supplier 12 05 бакси иммергаз аристон дражице навьен термекс бош эван дакор,Юнипамп насос циркуляц. (отопл.) CP 25-40 130,2239.965,9.0,"{""КРД"": 7.0, ""Крым"": 2.0}",2026-05-15_13-05-59_unknown_supplier_12_05_бакси_иммергаз_аристон_дражице_навьен_термекс_бош_эван_дакор.xls,355
ib,unknown supplier 12 05 бакси иммергаз аристон дражице навьен термекс бош эван дакор,Юнипамп насос циркуляц. (отопл.) CP 25-40 180,2251.4835000000003,16.0,"{""КРД"": 11.0, ""Крым"": 5.0}",2026-05-15_13-05-59_unknown_supplier_12_05_бакси_иммергаз_аристон_дражице_навьен_термекс_бош_эван_дакор.xls,356
ib,unknown supplier 12 05 бакси иммергаз аристон дражице навьен термекс бош эван дакор,Юнипамп насос циркуляц. (отопл.) CP 25-60 130,2463.1215,19.0,"{""КРД"": 13.0, ""Крым"": 6.0}",2026-05-15_13-05-59_unknown_supplier_12_05_бакси_иммергаз_аристон_дражице_навьен_термекс_бош_эван_дакор.xls,357
ib,unknown supplier 12 05 бакси иммергаз аристон дражице навьен термекс бош эван дакор,Юнипамп насос циркуляц. (отопл.) CP 25-60 180,2519.6955000000003,14.0,"{""КРД"": 10.0, ""Крым"": 4.0}",2026-05-15_13-05-59_unknown_supplier_12_05_бакси_иммергаз_аристон_дражице_навьен_термекс_бош_эван_дакор.xls,358
ib,unknown supplier 12 05 бакси иммергаз аристон дражице навьен термекс бош эван дакор,Юнипамп насос циркуляц. (отопл.) CP 25-80 180,4815.1845,12.0,"{""КРД"": 5.0, ""Крым"": 7.0}",2026-05-15_13-05-59_unknown_supplier_12_05_бакси_иммергаз_аристон_дражице_навьен_термекс_бош_эван_дакор.xls,359
ib,unknown supplier 12 05 бакси иммергаз аристон дражице навьен термекс бош эван дакор,Юнипамп насос циркуляц. (отопл.) CP 32-40 180,2463.1215,3.0,"{""КРД"": 3.0}",2026-05-15_13-05-59_unknown_supplier_12_05_бакси_иммергаз_аристон_дражице_навьен_термекс_бош_эван_дакор.xls,360
ib,unknown supplier 12 05 бакси иммергаз аристон дражице навьен термекс бош эван дакор,Юнипамп насос циркуляц. (отопл.) CP 32-80 180,4927.2825,8.0,"{""КРД"": 1.0, ""Крым"": 7.0}",2026-05-15_13-05-59_unknown_supplier_12_05_бакси_иммергаз_аристон_дражице_навьен_термекс_бош_эван_дакор.xls,361
ib,unknown supplier 12 05 бакси иммергаз аристон дражице навьен термекс бош эван дакор,Юнипамп насос циркуляц. (отопл.) UPF3 50-120 280,25344.669,2.0,"{""КРД"": 1.0, ""Крым"": 1.0}",2026-05-15_13-05-59_unknown_supplier_12_05_бакси_иммергаз_аристон_дражице_навьен_термекс_бош_эван_дакор.xls,362
ib,unknown supplier 12 05 бакси иммергаз аристон дражице навьен термекс бош эван дакор,Юнипамп насос циркуляц. (отопл.) UPF3 50-160 280,43579.7145,1.0,"{""КРД"": 1.0}",2026-05-15_13-05-59_unknown_supplier_12_05_бакси_иммергаз_аристон_дражице_навьен_термекс_бош_эван_дакор.xls,363
ib,unknown supplier 12 05 бакси иммергаз аристон дражице навьен термекс бош эван дакор,Юнипамп насос циркуляц. (отопл.) UPF3 50-200 280,32656.5015,2.0,"{""КРД"": 1.0, ""Крым"": 1.0}",2026-05-15_13-05-59_unknown_supplier_12_05_бакси_иммергаз_аристон_дражице_навьен_термекс_бош_эван_дакор.xls,364
ib,unknown supplier 12 05 бакси иммергаз аристон дражице навьен термекс бош эван дакор,Юнипамп насос циркуляц. (отопл.) UPF3 65-120 300,47544.168000000005,3.0,"{""КРД"": 1.0, ""Крым"": 2.0}",2026-05-15_13-05-59_unknown_supplier_12_05_бакси_иммергаз_аристон_дражице_навьен_термекс_бош_эван_дакор.xls,365
ib,unknown supplier 12 05 бакси иммергаз аристон дражице навьен термекс бош эван дакор,Юнипамп насос циркуляц. (отопл.) UPC 25-40 130,3431.1900000000005,43.0,"{""КРД"": 1.0, ""Крым"": 42.0}",2026-05-15_13-05-59_unknown_supplier_12_05_бакси_иммергаз_аристон_дражице_навьен_термекс_бош_эван_дакор.xls,366
ib,unknown supplier 12 05 бакси иммергаз аристон дражице навьен термекс бош эван дакор,Юнипамп насос циркуляц. (отопл.) UPC 25-40 180,3483.5745,11.0,"{""КРД"": 6.0, ""Крым"": 5.0}",2026-05-15_13-05-59_unknown_supplier_12_05_бакси_иммергаз_аристон_дражице_навьен_термекс_бош_эван_дакор.xls,367
ib,unknown supplier 12 05 бакси иммергаз аристон дражице навьен термекс бош эван дакор,Юнипамп насос циркуляц. (отопл.) UPC 25-60 130,3549.5775000000003,27.0,"{""Крым"": 27.0}",2026-05-15_13-05-59_unknown_supplier_12_05_бакси_иммергаз_аристон_дражице_навьен_термекс_бош_эван_дакор.xls,368
ib,unknown supplier 12 05 бакси иммергаз аристон дражице навьен термекс бош эван дакор,Юнипамп насос циркуляц. (отопл.) UPC 25-60 180,3671.1045,7.0,"{""КРД"": 2.0, ""Крым"": 5.0}",2026-05-15_13-05-59_unknown_supplier_12_05_бакси_иммергаз_аристон_дражице_навьен_термекс_бош_эван_дакор.xls,369
ib,unknown supplier 12 05 бакси иммергаз аристон дражице навьен термекс бош эван дакор,Юнипамп насос циркуляц. (отопл.) UPC 25-80 180,6717.784500000001,4.0,"{""КРД"": 1.0, ""Крым"": 3.0}",2026-05-15_13-05-59_unknown_supplier_12_05_бакси_иммергаз_аристон_дражице_навьен_термекс_бош_эван_дакор.xls,370
ib,unknown supplier 12 05 бакси иммергаз аристон дражице навьен термекс бош эван дакор,Юнипамп насос циркуляц. (отопл.) UPC 32-120 220,16987.2465,2.0,"{""Крым"": 2.0}",2026-05-15_13-05-59_unknown_supplier_12_05_бакси_иммергаз_аристон_дражице_навьен_термекс_бош_эван_дакор.xls,371
ib,unknown supplier 12 05 бакси иммергаз аристон дражице навьен термекс бош эван дакор,Юнипамп насос циркуляц. (отопл.) UPC 32-40 180,3732.918,3.0,"{""КРД"": 3.0}",2026-05-15_13-05-59_unknown_supplier_12_05_бакси_иммергаз_аристон_дражице_навьен_термекс_бош_эван_дакор.xls,372
ib,unknown supplier 12 05 бакси иммергаз аристон дражице навьен термекс бош эван дакор,Юнипамп насос циркуляц. (отопл.) UPC 32-60 180,3857.595,6.0,"{""КРД"": 6.0}",2026-05-15_13-05-59_unknown_supplier_12_05_бакси_иммергаз_аристон_дражице_навьен_термекс_бош_эван_дакор.xls,373
ib,unknown supplier 12 05 бакси иммергаз аристон дражице навьен термекс бош эван дакор,Юнипамп насос циркуляц. (отопл.) UPC 32-80 180,7153.629,5.0,"{""КРД"": 3.0, ""Крым"": 2.0}",2026-05-15_13-05-59_unknown_supplier_12_05_бакси_иммергаз_аристон_дражице_навьен_термекс_бош_эван_дакор.xls,374
ib,unknown supplier 12 05 бакси иммергаз аристон дражице навьен термекс бош эван дакор,Юнипамп насос циркуляц. UPR 20-35 АКЦИЯ,30185.001,2.0,"{""Крым"": 2.0}",2026-05-15_13-05-59_unknown_supplier_12_05_бакси_иммергаз_аристон_дражице_навьен_термекс_бош_эван_дакор.xls,375
ib,unknown supplier 12 05 бакси иммергаз аристон дражице навьен термекс бош эван дакор,Юнипамп насос циркуляц. (отопл) LPA 25-80,13683.883500000002,2.0,"{""КРД"": 1.0, ""Крым"": 1.0}",2026-05-15_13-05-59_unknown_supplier_12_05_бакси_иммергаз_аристон_дражице_навьен_термекс_бош_эван_дакор.xls,376
ib,unknown supplier 12 05 бакси иммергаз аристон дражице навьен термекс бош эван дакор,Юнипамп Насос циркуляц. (отопл.) UPF3 65-80 280,26573.61,1.0,"{""КРД"": 1.0}",2026-05-15_13-05-59_unknown_supplier_12_05_бакси_иммергаз_аристон_дражице_навьен_термекс_бош_эван_дакор.xls,377
ib,unknown supplier 12 05 бакси иммергаз аристон дражице навьен термекс бош эван дакор,Юнипамп Насос циркуляц. (отопл.) UPF 50-160 280,31199.164500000003,3.0,"{""КРД"": 3.0}",2026-05-15_13-05-59_unknown_supplier_12_05_бакси_иммергаз_аристон_дражице_навьен_термекс_бош_эван_дакор.xls,378
ib,unknown supplier 12 05 бакси иммергаз аристон дражице навьен термекс бош эван дакор,Юнипамп Насос циркуляц. (отопл.) UPF 65-100 300,23699.7915,2.0,"{""КРД"": 2.0}",2026-05-15_13-05-59_unknown_supplier_12_05_бакси_иммергаз_аристон_дражице_навьен_термекс_бош_эван_дакор.xls,379
ib,unknown supplier 12 05 бакси иммергаз аристон дражице навьен термекс бош эван дакор,Юнипамп Насос циркуляц. (отопл.) UPFE 40-100,24259.263000000003,2.0,"{""Крым"": 2.0}",2026-05-15_13-05-59_unknown_supplier_12_05_бакси_иммергаз_аристон_дражице_навьен_термекс_бош_эван_дакор.xls,380
ib,unknown supplier 12 05 бакси иммергаз аристон дражице навьен термекс бош эван дакор,Юнипамп Насос циркуляц. (отопл.) UPFE 40-60,21770.994,1.0,"{""Крым"": 1.0}",2026-05-15_13-05-59_unknown_supplier_12_05_бакси_иммергаз_аристон_дражице_навьен_термекс_бош_эван_дакор.xls,381
ib,unknown supplier 12 05 бакси иммергаз аристон дражице навьен термекс бош эван дакор,Юнипамп Насос циркуляц. (отопл.) UPFE 40-80,23387.5845,2.0,"{""Крым"": 2.0}",2026-05-15_13-05-59_unknown_supplier_12_05_бакси_иммергаз_аристон_дражице_навьен_термекс_бош_эван_дакор.xls,382
ib,unknown supplier 12 05 бакси иммергаз аристон дражице навьен термекс бош эван дакор,Юнипамп Насос циркуляц. (ГВС) UPН 15-1.5,4354.2029999999995,11.0,"{""КРД"": 4.0, ""Крым"": 7.0}",2026-05-15_13-05-59_unknown_supplier_12_05_бакси_иммергаз_аристон_дражице_навьен_термекс_бош_эван_дакор.xls,383
ib,unknown supplier 12 05 бакси иммергаз аристон дражице навьен термекс бош эван дакор,Юнипамп Насос циркуляц. (ГВС) UPН 15-1.5 B II BL,5970.783,15.0,"{""КРД"": 7.0, ""Крым"": 8.0}",2026-05-15_13-05-59_unknown_supplier_12_05_бакси_иммергаз_аристон_дражице_навьен_термекс_бош_эван_дакор.xls,384
ib,unknown supplier 12 05 бакси иммергаз аристон дражице навьен термекс бош эван дакор,Юнипамп насос циркуляц. (отопл) LPA 32-80,13683.883500000002,2.0,"{""КРД"": 1.0, ""Крым"": 1.0}",2026-05-15_13-05-59_unknown_supplier_12_05_бакси_иммергаз_аристон_дражице_навьен_термекс_бош_эван_дакор.xls,385
ib,unknown supplier 12 05 бакси иммергаз аристон дражице навьен термекс бош эван дакор,Юнипамп Насос циркуляц. (отопл.) UPF3 65-100 300,27268.227000000003,1.0,"{""КРД"": 1.0}",2026-05-15_13-05-59_unknown_supplier_12_05_бакси_иммергаз_аристон_дражице_навьен_термекс_бош_эван_дакор.xls,386
ib,unknown supplier 12 05 бакси иммергаз аристон дражице навьен термекс бош эван дакор,Юнипамп насос циркуляц. (отопл.) CP 25-40 130 АКЦИЯ,2159.2935,1.0,"{""КРД"": 1.0}",2026-05-15_13-05-59_unknown_supplier_12_05_бакси_иммергаз_аристон_дражице_навьен_термекс_бош_эван_дакор.xls,387
ib,unknown supplier 12 05 бакси иммергаз аристон дражице навьен термекс бош эван дакор,Юнипамп насос циркуляц. (отопл.) CP 25-60 180 АКЦИЯ,2429.5950000000003,1.0,"{""КРД"": 1.0}",2026-05-15_13-05-59_unknown_supplier_12_05_бакси_иммергаз_аристон_дражице_навьен_термекс_бош_эван_дакор.xls,388
ib,unknown supplier 12 05 бакси иммергаз аристон дражице навьен термекс бош эван дакор,Юнипамп насос циркуляц. (отопл.) PF 50-130 280 3-х скоростной,26245.6845,2.0,"{""Крым"": 2.0}",2026-05-15_13-05-59_unknown_supplier_12_05_бакси_иммергаз_аристон_дражице_навьен_термекс_бош_эван_дакор.xls,389
ib,unknown supplier 12 05 бакси иммергаз аристон дражице навьен термекс бош эван дакор,Юнипамп насос циркуляц. Насос циркуляц. (отопл.) UPC 32-120 220 3-х скоростной,17665.1055,2.0,"{""Крым"": 2.0}",2026-05-15_13-05-59_unknown_supplier_12_05_бакси_иммергаз_аристон_дражице_навьен_термекс_бош_эван_дакор.xls,390
ib,unknown supplier 12 05 бакси иммергаз аристон дражице навьен термекс бош эван дакор,Насос циркуляц. (отопл.) PF 40-130 250 3-х скоростной,24479.28,1.0,"{""Крым"": 1.0}",2026-05-15_13-05-59_unknown_supplier_12_05_бакси_иммергаз_аристон_дражице_навьен_термекс_бош_эван_дакор.xls,391
ib,unknown supplier 12 05 бакси иммергаз аристон дражице навьен термекс бош эван дакор,Насос циркуляц. (отопл.) PF 40-180 250 3-х скоростной,29520.855,2.0,"{""Крым"": 2.0}",2026-05-15_13-05-59_unknown_supplier_12_05_бакси_иммергаз_аристон_дражице_навьен_термекс_бош_эван_дакор.xls,392
ib,unknown supplier 12 05 бакси иммергаз аристон дражице навьен термекс бош эван дакор,Насос циркуляц. (отопл.) PF 50-180 280 3-х скоростной,27573.105,2.0,"{""Крым"": 2.0}",2026-05-15_13-05-59_unknown_supplier_12_05_бакси_иммергаз_аристон_дражице_навьен_термекс_бош_эван_дакор.xls,393
ib,unknown supplier 12 05 бакси иммергаз аристон дражице навьен термекс бош эван дакор,Насос для диз. топлива BADT40S2 ЮНИПАМП АКЦИЯ,11082.4665,1.0,"{""Крым"": 1.0}",2026-05-15_13-05-59_unknown_supplier_12_05_бакси_иммергаз_аристон_дражице_навьен_термекс_бош_эван_дакор.xls,395
ib,unknown supplier 12 05 бакси иммергаз аристон дражице навьен термекс бош эван дакор,Юнипамп Насос для диз. топлива BCD-24V2 АКЦИЯ,10090.3005,1.0,"{""Крым"": 1.0}",2026-05-15_13-05-59_unknown_supplier_12_05_бакси_иммергаз_аристон_дражице_навьен_термекс_бош_эван_дакор.xls,396
ib,unknown supplier 12 05 бакси иммергаз аристон дражице навьен термекс бош эван дакор,Юнипамп станция авт. водосн. AUTO MJ 106 М,17273.445000000003,1.0,"{""Крым"": 1.0}",2026-05-15_13-05-59_unknown_supplier_12_05_бакси_иммергаз_аристон_дражице_навьен_термекс_бош_эван_дакор.xls,398
ib,unknown supplier 12 05 бакси иммергаз аристон дражице навьен термекс бош эван дакор,Насос для бассейна JET POOL SPPE075,10493.658,,{},2026-05-15_13-05-59_unknown_supplier_12_05_бакси_иммергаз_аристон_дражице_навьен_термекс_бош_эван_дакор.xls,400
ib,unknown supplier 12 05 бакси иммергаз аристон дражице навьен термекс бош эван дакор,Насос для бассейна JET POOL SPPE150,11862.9945,1.0,"{""Крым"": 1.0}",2026-05-15_13-05-59_unknown_supplier_12_05_бакси_иммергаз_аристон_дражице_навьен_термекс_бош_эван_дакор.xls,401
ib,unknown supplier 12 05 бакси иммергаз аристон дражице навьен термекс бош эван дакор,"Юнипамп Песочный фильтр с боковым клапаном 1 1/2"" SF-600",20063.2635,,{},2026-05-15_13-05-59_unknown_supplier_12_05_бакси_иммергаз_аристон_дражице_навьен_термекс_бош_эван_дакор.xls,402
ib,unknown supplier 12 05 бакси иммергаз аристон дражице навьен термекс бош эван дакор,"Юнипамп Песочный фильтр с боковым клапаном 2"" SF-750",27350.9985,1.0,"{""КРД"": 1.0}",2026-05-15_13-05-59_unknown_supplier_12_05_бакси_иммергаз_аристон_дражице_навьен_термекс_бош_эван_дакор.xls,403
ib,unknown supplier 12 05 бакси иммергаз аристон дражице навьен термекс бош эван дакор,"Юнипамп Песочный фильтр с верхним клапаном 2"" TF-750",24436.3245,1.0,"{""Крым"": 1.0}",2026-05-15_13-05-59_unknown_supplier_12_05_бакси_иммергаз_аристон_дражице_навьен_термекс_бош_эван_дакор.xls,404
ib,unknown supplier 12 05 бакси иммергаз аристон дражице навьен термекс бош эван дакор,Насос для бассейна JET POOL SPP 2200,21935.487,1.0,"{""Крым"": 1.0}",2026-05-15_13-05-59_unknown_supplier_12_05_бакси_иммергаз_аристон_дражице_навьен_термекс_бош_эван_дакор.xls,405
ib,unknown supplier 12 05 бакси иммергаз аристон дражице навьен термекс бош эван дакор,Рукав напорный (32мм; 25м),1189.125,5.0,"{""Крым"": 5.0}",2026-05-15_13-05-59_unknown_supplier_12_05_бакси_иммергаз_аристон_дражице_навьен_термекс_бош_эван_дакор.xls,407
ib,unknown supplier 12 05 бакси иммергаз аристон дражице навьен термекс бош эван дакор,Рукав напорный (32мм; 50м),2434.8345,3.0,"{""Крым"": 3.0}",2026-05-15_13-05-59_unknown_supplier_12_05_бакси_иммергаз_аристон_дражице_навьен_термекс_бош_эван_дакор.xls,408
ib,unknown supplier 12 05 бакси иммергаз аристон дражице навьен термекс бош эван дакор,Рукав напорный (50мм; 25м),1371.426,6.0,"{""Крым"": 6.0}",2026-05-15_13-05-59_unknown_supplier_12_05_бакси_иммергаз_аристон_дражице_навьен_термекс_бош_эван_дакор.xls,409
ib,unknown supplier 12 05 бакси иммергаз аристон дражице навьен термекс бош эван дакор,Рукав напорный (50мм; 50м),2990.106,8.0,"{""Крым"": 8.0}",2026-05-15_13-05-59_unknown_supplier_12_05_бакси_иммергаз_аристон_дражице_навьен_термекс_бош_эван_дакор.xls,410
ib,unknown supplier 12 05 бакси иммергаз аристон дражице навьен термекс бош эван дакор,"Юнипамп Насос ЭЦВ 5-10-135 (пр. часть, двиг.7,5 кВт), компл АКЦИЯ",55045.63050000001,1.0,"{""КРД"": 1.0}",2026-05-15_13-05-59_unknown_supplier_12_05_бакси_иммергаз_аристон_дражице_навьен_термекс_бош_эван_дакор.xls,413
ib,unknown supplier 12 05 бакси иммергаз аристон дражице навьен термекс бош эван дакор,"Юнипамп Насос ЭЦВ 5-20-60 (пр. часть, двиг.5,5 кВт), компл",48429.4755,1.0,"{""КРД"": 1.0}",2026-05-15_13-05-59_unknown_supplier_12_05_бакси_иммергаз_аристон_дражице_навьен_термекс_бош_эван_дакор.xls,414
ib,unknown supplier 12 05 бакси иммергаз аристон дражице навьен термекс бош эван дакор,"Юнипамп Насос ЭЦВ 6-12-82 (пр. часть, двиг.4 кВт) АКЦИЯ",55993.791,1.0,"{""Крым"": 1.0}",2026-05-15_13-05-59_unknown_supplier_12_05_бакси_иммергаз_аристон_дражице_навьен_термекс_бош_эван_дакор.xls,415
ib,unknown supplier 12 05 бакси иммергаз аристон дражице навьен термекс бош эван дакор,"Юнипамп Насос ЭЦВ 6-18-153 (пр. часть, двиг.13 кВт), компл АКЦИЯ",80413.34700000001,1.0,"{""Крым"": 1.0}",2026-05-15_13-05-59_unknown_supplier_12_05_бакси_иммергаз_аристон_дражице_навьен_термекс_бош_эван_дакор.xls,416
ib,unknown supplier 12 05 бакси иммергаз аристон дражице навьен термекс бош эван дакор,"Юнипамп Насос ЭЦВ 6-27-64 (пр. часть, двиг.7,5 кВт)",67141.2105,2.0,"{""Крым"": 2.0}",2026-05-15_13-05-59_unknown_supplier_12_05_бакси_иммергаз_аристон_дражице_навьен_термекс_бош_эван_дакор.xls,417
ib,unknown supplier 12 05 бакси иммергаз аристон дражице навьен термекс бош эван дакор,"Юнипамп Насос ЭЦВ 6-36-58 (пр. часть, двиг.7,5 кВт, пульт M3-D1C 7.5-9,2), компл АКЦИЯ",73882.053,1.0,"{""Крым"": 1.0}",2026-05-15_13-05-59_unknown_supplier_12_05_бакси_иммергаз_аристон_дражице_навьен_термекс_бош_эван_дакор.xls,418
ib,unknown supplier 12 05 бакси иммергаз аристон дражице навьен термекс бош эван дакор,"Юнипамп Насос ЭЦВ 5-20-73 (пр. часть, двиг.7,5 кВт) АКЦИЯ",54525.975000000006,2.0,"{""КРД"": 1.0, ""Крым"": 1.0}",2026-05-15_13-05-59_unknown_supplier_12_05_бакси_иммергаз_аристон_дражице_навьен_термекс_бош_эван_дакор.xls,419
ib,unknown supplier 12 05 бакси иммергаз аристон дражице навьен термекс бош эван дакор,"Юнипамп Насос ЭЦВ 5-15-60 (пр. часть, двиг.5,5 кВт), компл АКЦИЯ",55967.60400000001,2.0,"{""КРД"": 1.0, ""Крым"": 1.0}",2026-05-15_13-05-59_unknown_supplier_12_05_бакси_иммергаз_аристон_дражице_навьен_термекс_бош_эван_дакор.xls,420
ib,unknown supplier 12 05 бакси иммергаз аристон дражице навьен термекс бош эван дакор,"Юнипамп Насос ЭЦВ 5-20-100 (пр. часть, двиг.9,2 кВт)",61777.044,4.0,"{""Крым"": 4.0}",2026-05-15_13-05-59_unknown_supplier_12_05_бакси_иммергаз_аристон_дражице_навьен_термекс_бош_эван_дакор.xls,421
ib,unknown supplier 12 05 бакси иммергаз аристон дражице навьен термекс бош эван дакор,"Юнипамп Насос ЭЦВ 5-15-100 (пр часть, двиг.7,5 кВт)",57757.056,3.0,"{""КРД"": 1.0, ""Крым"": 2.0}",2026-05-15_13-05-59_unknown_supplier_12_05_бакси_иммергаз_аристон_дражице_навьен_термекс_бош_эван_дакор.xls,422
ib,unknown supplier 12 05 бакси иммергаз аристон дражице навьен термекс бош эван дакор,"Юнипамп Насос ЭЦВ 5-10-119 (пр часть, двиг.5,5 кВт) АКЦИЯ",49190.0955,3.0,"{""КРД"": 1.0, ""Крым"": 2.0}",2026-05-15_13-05-59_unknown_supplier_12_05_бакси_иммергаз_аристон_дражице_навьен_термекс_бош_эван_дакор.xls,423
ib,unknown supplier 12 05 бакси иммергаз аристон дражице навьен термекс бош эван дакор,"Юнипамп Насос ЭЦВ 5-15-80 (пр. часть, двиг.7,5 кВт)",62858.2605,1.0,"{""Крым"": 1.0}",2026-05-15_13-05-59_unknown_supplier_12_05_бакси_иммергаз_аристон_дражице_навьен_термекс_бош_эван_дакор.xls,424
ib,unknown supplier 12 05 бакси иммергаз аристон дражице навьен термекс бош эван дакор,"Юнипамп Насос ЭЦВ 4-3-80 (пр. часть, двиг.1,1 кВт)",14538.7935,5.0,"{""КРД"": 1.0, ""Крым"": 4.0}",2026-05-15_13-05-59_unknown_supplier_12_05_бакси_иммергаз_аристон_дражице_навьен_термекс_бош_эван_дакор.xls,425
ib,unknown supplier 12 05 бакси иммергаз аристон дражице навьен термекс бош эван дакор,"Юнипамп Насос ЭЦВ 5-15-81 (пр часть, двиг.5,5 кВт)",50008.3395,2.0,"{""Крым"": 2.0}",2026-05-15_13-05-59_unknown_supplier_12_05_бакси_иммергаз_аристон_дражице_навьен_термекс_бош_эван_дакор.xls,426
ib,unknown supplier 12 05 бакси иммергаз аристон дражице навьен термекс бош эван дакор,"Юнипамп Насос ЭЦВ 4-10-108 (пр.часть,двиг.5,5 кВт)",38211.348000000005,1.0,"{""КРД"": 1.0}",2026-05-15_13-05-59_unknown_supplier_12_05_бакси_иммергаз_аристон_дражице_навьен_термекс_бош_эван_дакор.xls,427
ib,unknown supplier 12 05 бакси иммергаз аристон дражице навьен термекс бош эван дакор,"Юнипамп Насос ЭЦВ 4-3-60 (пр. часть, двиг.0,9 кВт)",12101.8695,1.0,"{""Крым"": 1.0}",2026-05-15_13-05-59_unknown_supplier_12_05_бакси_иммергаз_аристон_дражице_навьен_термекс_бош_эван_дакор.xls,428
ib,unknown supplier 12 05 бакси иммергаз аристон дражице навьен термекс бош эван дакор,"Юнипамп Электродвигатель АИР 63B4 IM1081 (0,37 кВт/1500 об/мин)",5604.0914999999995,1.0,"{""Крым"": 1.0}",2026-05-15_13-05-59_unknown_supplier_12_05_бакси_иммергаз_аристон_дражице_навьен_термекс_бош_эван_дакор.xls,430
ib,unknown supplier 12 05 бакси иммергаз аристон дражице навьен термекс бош эван дакор,Юнипамп Электродвигатель АИР 90L6 IM2081 (1.5 кВт/1000об/м),11681.7435,1.0,"{""Крым"": 1.0}",2026-05-15_13-05-59_unknown_supplier_12_05_бакси_иммергаз_аристон_дражице_навьен_термекс_бош_эван_дакор.xls,431
ib,unknown supplier 12 05 бакси иммергаз аристон дражице навьен термекс бош эван дакор,"Юнипамп Электродвигатель АИРЕ 71B2 IM1081 (0,75 кВт/3000 об/мин)",5171.397000000001,1.0,"{""Крым"": 1.0}",2026-05-15_13-05-59_unknown_supplier_12_05_бакси_иммергаз_аристон_дражице_навьен_термекс_бош_эван_дакор.xls,432
ib,unknown supplier 12 05 бакси иммергаз аристон дражице навьен термекс бош эван дакор,"Юнипамп Электродвигатель АИРЕ 71C2 IM1081 (1,1 кВт/3000 об/мин)",5869.164000000001,1.0,"{""Крым"": 1.0}",2026-05-15_13-05-59_unknown_supplier_12_05_бакси_иммергаз_аристон_дражице_навьен_термекс_бош_эван_дакор.xls,433
ib,unknown supplier 12 05 бакси иммергаз аристон дражице навьен термекс бош эван дакор,"Юнипамп Электродвигатель АИРЕ 80B2 IM1081 (1,5 кВт/3000 об/мин)",7545.468,1.0,"{""Крым"": 1.0}",2026-05-15_13-05-59_unknown_supplier_12_05_бакси_иммергаз_аристон_дражице_навьен_термекс_бош_эван_дакор.xls,434
ib,unknown supplier 12 05 бакси иммергаз аристон дражице навьен термекс бош эван дакор,"Юнипамп Электродвигатель АИР 160M4 IM1081 (18,5 кВт/1500 об/мин)",53496.1035,1.0,"{""Крым"": 1.0}",2026-05-15_13-05-59_unknown_supplier_12_05_бакси_иммергаз_аристон_дражице_навьен_термекс_бош_эван_дакор.xls,435
ib,unknown supplier 12 05 бакси иммергаз аристон дражице навьен термекс бош эван дакор,Юнипамп Электродвигатель АИР 100S2 IM1081 (4 кВт/3000 об/мин),10673.8695,1.0,"{""Крым"": 1.0}",2026-05-15_13-05-59_unknown_supplier_12_05_бакси_иммергаз_аристон_дражице_навьен_термекс_бош_эван_дакор.xls,436
ib,unknown supplier 12 05 бакси иммергаз аристон дражице навьен термекс бош эван дакор,"Юнипамп дренажный насос FEKAMAX 100С4-3,7 (трехфазный 380 V) АКЦИЯ",45712.81050000001,2.0,"{""КРД"": 1.0, ""Крым"": 1.0}",2026-05-15_13-05-59_unknown_supplier_12_05_бакси_иммергаз_аристон_дражице_навьен_термекс_бош_эван_дакор.xls,438
ib,unknown supplier 12 05 бакси иммергаз аристон дражице навьен термекс бош эван дакор,"Юнипамп дренажный насос FEKAMAX 80C2-1,5 (трехфазный 380 V) АКЦИЯ",26025.6675,4.0,"{""КРД"": 2.0, ""Крым"": 2.0}",2026-05-15_13-05-59_unknown_supplier_12_05_бакси_иммергаз_аристон_дражице_навьен_термекс_бош_эван_дакор.xls,439
ib,unknown supplier 12 05 бакси иммергаз аристон дражице навьен термекс бош эван дакор,Юнипамп Фекальный насос FEKAMAX 10-10-0.75 (однофазный 220 V),18670.879500000003,5.0,"{""КРД"": 1.0, ""Крым"": 4.0}",2026-05-15_13-05-59_unknown_supplier_12_05_бакси_иммергаз_аристон_дражице_навьен_термекс_бош_эван_дакор.xls,440
ib,unknown supplier 12 05 бакси иммергаз аристон дражице навьен термекс бош эван дакор,Юнипамп Фекальный насос FEKAMAX 100-15-7.5 (трехфазный 380 V),58647.5925,1.0,"{""Крым"": 1.0}",2026-05-15_13-05-59_unknown_supplier_12_05_бакси_иммергаз_аристон_дражице_навьен_термекс_бош_эван_дакор.xls,441
ib,unknown supplier 12 05 бакси иммергаз аристон дражице навьен термекс бош эван дакор,Юнипамп Фекальный насос FEKAMAX 12-10-1.1 (однофазный 220 V),20943.321,4.0,"{""КРД"": 1.0, ""Крым"": 3.0}",2026-05-15_13-05-59_unknown_supplier_12_05_бакси_иммергаз_аристон_дражице_навьен_термекс_бош_эван_дакор.xls,442
ib,unknown supplier 12 05 бакси иммергаз аристон дражице навьен термекс бош эван дакор,Юнипамп Фекальный насос FEKAMAX 15-13-1.5 (однофазный 220 V),25612.881,4.0,"{""Крым"": 4.0}",2026-05-15_13-05-59_unknown_supplier_12_05_бакси_иммергаз_аристон_дражице_навьен_термекс_бош_эван_дакор.xls,443
ib,unknown supplier 12 05 бакси иммергаз аристон дражице навьен термекс бош эван дакор,"Юнипамп Фекальный насос FEKAMAX 25-15-2,2 (трехфазный 380 V)",31177.1565,5.0,"{""Крым"": 5.0}",2026-05-15_13-05-59_unknown_supplier_12_05_бакси_иммергаз_аристон_дражице_навьен_термекс_бош_эван_дакор.xls,444
ib,unknown supplier 12 05 бакси иммергаз аристон дражице навьен термекс бош эван дакор,Юнипамп Фекальный насос FEKAMAX 35-13-3 (трехфазный 380 V),36531.9045,5.0,"{""КРД"": 1.0, ""Крым"": 4.0}",2026-05-15_13-05-59_unknown_supplier_12_05_бакси_иммергаз_аристон_дражице_навьен_термекс_бош_эван_дакор.xls,445
ib,unknown supplier 12 05 бакси иммергаз аристон дражице навьен термекс бош эван дакор,Юнипамп Фекальный насос FEKAMAX 45-17-4 (трехфазный 380 V),43670.865000000005,6.0,"{""КРД"": 4.0, ""Крым"": 2.0}",2026-05-15_13-05-59_unknown_supplier_12_05_бакси_иммергаз_аристон_дражице_навьен_термекс_бош_эван_дакор.xls,446
ib,unknown supplier 12 05 бакси иммергаз аристон дражице навьен термекс бош эван дакор,"Юнипамп Фекальный насос FEKAMAX 65-15-5,5 (трехфазный 380 V)",52535.364,4.0,"{""Крым"": 4.0}",2026-05-15_13-05-59_unknown_supplier_12_05_бакси_иммергаз_аристон_дражице_навьен_термекс_бош_эван_дакор.xls,447
ib,unknown supplier 12 05 бакси иммергаз аристон дражице навьен термекс бош эван дакор,Юнипамп пульт управления C3-HP1 18.5-22 кВт,29825.6385,6.0,"{""КРД"": 1.0, ""Крым"": 5.0}",2026-05-15_13-05-59_unknown_supplier_12_05_бакси_иммергаз_аристон_дражице_навьен_термекс_бош_эван_дакор.xls,449
ib,unknown supplier 12 05 бакси иммергаз аристон дражице навьен термекс бош эван дакор,"Юнипамп Пульт управления M3-D1C 15 кВт, компл",17658.816,5.0,"{""КРД"": 1.0, ""Крым"": 4.0}",2026-05-15_13-05-59_unknown_supplier_12_05_бакси_иммергаз_аристон_дражице_навьен_термекс_бош_эван_дакор.xls,450
ib,unknown supplier 12 05 бакси иммергаз аристон дражице навьен термекс бош эван дакор,"Юнипамп Пульт управления M3-D1C 5.5 кВт, компл",11134.851,13.0,"{""КРД"": 5.0, ""Крым"": 8.0}",2026-05-15_13-05-59_unknown_supplier_12_05_бакси_иммергаз_аристон_дражице_навьен_термекс_бош_эван_дакор.xls,451
ib,unknown supplier 12 05 бакси иммергаз аристон дражице навьен термекс бош эван дакор,"Юнипамп Пульт управления М3-D1C 0.75-4 кВт, для насоса FEKAMAX",10722.0645,14.0,"{""КРД"": 2.0, ""Крым"": 12.0}",2026-05-15_13-05-59_unknown_supplier_12_05_бакси_иммергаз_аристон_дражице_навьен_термекс_бош_эван_дакор.xls,452
ib,unknown supplier 12 05 бакси иммергаз аристон дражице навьен термекс бош эван дакор,Юнипамп Пульт управления М3-D1C 11-13 кВт для насоса FEKAMAX,13059.459,9.0,"{""КРД"": 1.0, ""Крым"": 8.0}",2026-05-15_13-05-59_unknown_supplier_12_05_бакси_иммергаз_аристон_дражице_навьен_термекс_бош_эван_дакор.xls,453
ib,unknown supplier 12 05 бакси иммергаз аристон дражице навьен термекс бош эван дакор,"Юнипамп Пульт управления М3-D1C 7.5-9,2 кВт, для насоса FEKAMAX",12003.3795,14.0,"{""КРД"": 4.0, ""Крым"": 10.0}",2026-05-15_13-05-59_unknown_supplier_12_05_бакси_иммергаз_аристон_дражице_навьен_термекс_бош_эван_дакор.xls,454
ib,unknown supplier 12 05 бакси иммергаз аристон дражице навьен термекс бош эван дакор,"Насос верт. многоступенчатый VM 2-9 (Qном 2м3/ч, Нном 75м, 1""x 1"", 1,5кВт)",18083.1315,1.0,"{""Крым"": 1.0}",2026-05-15_13-05-59_unknown_supplier_12_05_бакси_иммергаз_аристон_дражице_навьен_термекс_бош_эван_дакор.xls,456
ib,unknown supplier 12 05 бакси иммергаз аристон дражице навьен термекс бош эван дакор,Мотопомпа бензиновая WP-15A,9340.1595,1.0,"{""Крым"": 1.0}",2026-05-15_13-05-59_unknown_supplier_12_05_бакси_иммергаз_аристон_дражице_навьен_термекс_бош_эван_дакор.xls,458
ib,unknown supplier 12 05 бакси иммергаз аристон дражице навьен термекс бош эван дакор,"Юнипамп Кабель КВВ-п 3*1,5 (бухта 100 м)",21118.2825,1.0,"{""КРД"": 1.0}",2026-05-15_13-05-59_unknown_supplier_12_05_бакси_иммергаз_аристон_дражице_навьен_термекс_бош_эван_дакор.xls,459
ib,unknown supplier 12 05 бакси иммергаз аристон дражице навьен термекс бош эван дакор,"Юнипамп Корпус ступени БЦП БАРУ.067663,001",41.9055,4.0,"{""Крым"": 4.0}",2026-05-15_13-05-59_unknown_supplier_12_05_бакси_иммергаз_аристон_дражице_навьен_термекс_бош_эван_дакор.xls,460
ib,unknown supplier 12 05 бакси иммергаз аристон дражице навьен термекс бош эван дакор,Юнипамп Рабочее колесо БЦП БАРУ.067573.001 СБ,47.145,3.0,"{""Крым"": 3.0}",2026-05-15_13-05-59_unknown_supplier_12_05_бакси_иммергаз_аристон_дражице_навьен_термекс_бош_эван_дакор.xls,461
ib,unknown supplier 12 05 бакси иммергаз аристон дражице навьен термекс бош эван дакор,Юнипамп Рабочее колесо БЦП БАРУ.067573.001-01 СБ,58.67400000000001,2.0,"{""Крым"": 2.0}",2026-05-15_13-05-59_unknown_supplier_12_05_бакси_иммергаз_аристон_дражице_навьен_термекс_бош_эван_дакор.xls,462
ib,unknown supplier 12 05 бакси иммергаз аристон дражице навьен термекс бош эван дакор,"Юнипамп Втулка подшипника БЦП БАРУ.713,191,002",49.245,3.0,"{""Крым"": 3.0}",2026-05-15_13-05-59_unknown_supplier_12_05_бакси_иммергаз_аристон_дражице_навьен_термекс_бош_эван_дакор.xls,463
ib,unknown supplier 12 05 бакси иммергаз аристон дражице навьен термекс бош эван дакор,Юнипамп КОМПЛЕКТ: Насосно-смесит.узел MIX LOOP 89 / СР 25-40 130,8587.9185,1.0,"{""КРД"": 1.0}",2026-05-15_13-05-59_unknown_supplier_12_05_бакси_иммергаз_аристон_дражице_навьен_термекс_бош_эван_дакор.xls,464
ib,unknown supplier 12 05 бакси иммергаз аристон дражице навьен термекс бош эван дакор,Юнипамп КОМПЛЕКТ: Насосно-смесит.узел MIX LOOP 89 / СР 25-60 130,7646.037,4.0,"{""КРД"": 4.0}",2026-05-15_13-05-59_unknown_supplier_12_05_бакси_иммергаз_аристон_дражице_навьен_термекс_бош_эван_дакор.xls,465
ib,unknown supplier 12 05 бакси иммергаз аристон дражице навьен термекс бош эван дакор,"Юнипамп Диффузор JET L (80L,100L,110L)",510.2265,1.0,"{""Крым"": 1.0}",2026-05-15_13-05-59_unknown_supplier_12_05_бакси_иммергаз_аристон_дражице_навьен_термекс_бош_эван_дакор.xls,466
ib,unknown supplier 12 05 бакси иммергаз аристон дражице навьен термекс бош эван дакор,"Клапан поплавковый 1"" VLF-100",750.141,6.0,"{""КРД"": 3.0, ""Крым"": 3.0}",2026-05-15_13-05-59_unknown_supplier_12_05_бакси_иммергаз_аристон_дражице_навьен_термекс_бош_эван_дакор.xls,467
ib,unknown supplier 12 05 бакси иммергаз аристон дражице навьен термекс бош эван дакор,Рабочий винт в сборе для ECO VINT 0,1658.496,1.0,"{""Крым"": 1.0}",2026-05-15_13-05-59_unknown_supplier_12_05_бакси_иммергаз_аристон_дражице_навьен_термекс_бош_эван_дакор.xls,468
ib,unknown supplier 12 05 бакси иммергаз аристон дражице навьен термекс бош эван дакор,"Насос скваж. ЭЦВ 4-4-90 (1800 Вт), (Россия, БЭЗ)",22273.8915,1.0,"{""Крым"": 1.0}",2026-05-15_13-05-59_unknown_supplier_12_05_бакси_иммергаз_аристон_дражице_навьен_термекс_бош_эван_дакор.xls,469
ib,unknown supplier 12 05 бакси иммергаз аристон дражице навьен термекс бош эван дакор,"Гефест 1200 - С6 белый, духовка газовая",21556.669800000003,11.0,"{""КРД"": 11.0}",2026-05-15_13-05-59_unknown_supplier_12_05_бакси_иммергаз_аристон_дражице_навьен_термекс_бош_эван_дакор.xls,472
ib,unknown supplier 12 05 бакси иммергаз аристон дражице навьен термекс бош эван дакор,"Гефест 1200 - С6 К19 коричневый, духовка газовая",21963.5274,1.0,"{""КРД"": 1.0}",2026-05-15_13-05-59_unknown_supplier_12_05_бакси_иммергаз_аристон_дражице_навьен_термекс_бош_эван_дакор.xls,473
ib,unknown supplier 12 05 бакси иммергаз аристон дражице навьен термекс бош эван дакор,"Гефест 1200 - С6 К33 белый, газ контроль стола, духовка газовая",23631.6456,27.0,"{""КРД"": 9.0, ""Крым"": 18.0}",2026-05-15_13-05-59_unknown_supplier_12_05_бакси_иммергаз_аристон_дражице_навьен_термекс_бош_эван_дакор.xls,474
ib,unknown supplier 12 05 бакси иммергаз аристон дражице навьен термекс бош эван дакор,"Гефест 1200 - С6 К43 коричневый, газ контроль стола ,духовка газовая",24119.8686,38.0,"{""КРД"": 7.0, ""Крым"": 31.0}",2026-05-15_13-05-59_unknown_supplier_12_05_бакси_иммергаз_аристон_дражице_навьен_термекс_бош_эван_дакор.xls,475
ib,unknown supplier 12 05 бакси иммергаз аристон дражице навьен термекс бош эван дакор,"Гефест 1200 - С7 К8 белый, духовка газовая",17196.516600000003,1.0,"{""КРД"": 1.0}",2026-05-15_13-05-59_unknown_supplier_12_05_бакси_иммергаз_аристон_дражице_навьен_термекс_бош_эван_дакор.xls,476
ib,unknown supplier 12 05 бакси иммергаз аристон дражице навьен термекс бош эван дакор,"Гефест 1200 - С7 К89 коричневый, духовка газовая",17535.5646,1.0,"{""КРД"": 1.0}",2026-05-15_13-05-59_unknown_supplier_12_05_бакси_иммергаз_аристон_дражице_навьен_термекс_бош_эван_дакор.xls,477
ib,unknown supplier 12 05 бакси иммергаз аристон дражице навьен термекс бош эван дакор,"Гефест 3200 - 05 белый, газовая духовка",21427.8336,4.0,"{""КРД"": 4.0}",2026-05-15_13-05-59_unknown_supplier_12_05_бакси_иммергаз_аристон_дражице_навьен_термекс_бош_эван_дакор.xls,478
ib,unknown supplier 12 05 бакси иммергаз аристон дражице навьен термекс бош эван дакор,"Гефест 3200 - 06 белый, газовая духовка",19529.1648,5.0,"{""КРД"": 5.0}",2026-05-15_13-05-59_unknown_supplier_12_05_бакси_иммергаз_аристон_дражице_навьен_термекс_бош_эван_дакор.xls,479
ib,unknown supplier 12 05 бакси иммергаз аристон дражице навьен термекс бош эван дакор,"Гефест 3200 - 06 К19 коричневый, газовая духовка",19929.2394,14.0,"{""КРД"": 14.0}",2026-05-15_13-05-59_unknown_supplier_12_05_бакси_иммергаз_аристон_дражице_навьен_термекс_бош_эван_дакор.xls,480
ib,unknown supplier 12 05 бакси иммергаз аристон дражице навьен термекс бош эван дакор,"Гефест 3200 - 06 К33 белый, газ контроль стола , газовая духовка",21583.7916,19.0,"{""КРД"": 6.0, ""Крым"": 13.0}",2026-05-15_13-05-59_unknown_supplier_12_05_бакси_иммергаз_аристон_дражице_навьен_термекс_бош_эван_дакор.xls,481
ib,unknown supplier 12 05 бакси иммергаз аристон дражице навьен термекс бош эван дакор,"Гефест 3200 - 06 К43 коричневый, газ контроль стола, газовая духовка",22031.337,29.0,"{""КРД"": 8.0, ""Крым"": 21.0}",2026-05-15_13-05-59_unknown_supplier_12_05_бакси_иммергаз_аристон_дражице_навьен_термекс_бош_эван_дакор.xls,482
ib,unknown supplier 12 05 бакси иммергаз аристон дражице навьен термекс бош эван дакор,"Гефест 3200 - 08 белый, щиток, газовая духовка",15555.5202,11.0,"{""КРД"": 11.0}",2026-05-15_13-05-59_unknown_supplier_12_05_бакси_иммергаз_аристон_дражице_навьен_термекс_бош_эван_дакор.xls,483
ib,unknown supplier 12 05 бакси иммергаз аристон дражице навьен термекс бош эван дакор,"Гефест 3200 - 08 К33 белый, газ контроль стола, газовая духовка",17603.3742,18.0,"{""КРД"": 7.0, ""Крым"": 11.0}",2026-05-15_13-05-59_unknown_supplier_12_05_бакси_иммергаз_аристон_дражице_навьен_термекс_бош_эван_дакор.xls,484
ib,unknown supplier 12 05 бакси иммергаз аристон дражице навьен термекс бош эван дакор,"Гефест 3200 - 08 К43 коричневый, газ контроль стола, газовая духовка",17955.978000000003,32.0,"{""КРД"": 11.0, ""Крым"": 21.0}",2026-05-15_13-05-59_unknown_supplier_12_05_бакси_иммергаз_аристон_дражице_навьен_термекс_бош_эван_дакор.xls,485
ib,unknown supplier 12 05 бакси иммергаз аристон дражице навьен термекс бош эван дакор,"Гефест 5100 - 02 (0181) белый( ретро), газовая духовка",29069.9694,1.0,"{""КРД"": 1.0}",2026-05-15_13-05-59_unknown_supplier_12_05_бакси_иммергаз_аристон_дражице_навьен_термекс_бош_эван_дакор.xls,486
ib,unknown supplier 12 05 бакси иммергаз аристон дражице навьен термекс бош эван дакор,"Гефест 5100 - 02 (0182) кремовый(ретро) , газовая духовка",29639.5782,,{},2026-05-15_13-05-59_unknown_supplier_12_05_бакси_иммергаз_аристон_дражице_навьен_термекс_бош_эван_дакор.xls,487
ib,unknown supplier 12 05 бакси иммергаз аристон дражице навьен термекс бош эван дакор,"Гефест 5100 - 02 (0185) белый(ретро), газовая духовка",26411.8392,1.0,"{""КРД"": 1.0}",2026-05-15_13-05-59_unknown_supplier_12_05_бакси_иммергаз_аристон_дражице_навьен_термекс_бош_эван_дакор.xls,488
ib,unknown supplier 12 05 бакси иммергаз аристон дражице навьен термекс бош эван дакор,"Гефест 5100 - 02 (0186) кремовый(ретро), газовая духовка",26581.3632,4.0,"{""КРД"": 4.0}",2026-05-15_13-05-59_unknown_supplier_12_05_бакси_иммергаз_аристон_дражице_навьен_термекс_бош_эван_дакор.xls,489
ib,unknown supplier 12 05 бакси иммергаз аристон дражице навьен термекс бош эван дакор,"Гефест 5100 - 03 (0002) белый,газ контроль стола, газовая духовка",31321.252200000003,3.0,"{""Крым"": 3.0}",2026-05-15_13-05-59_unknown_supplier_12_05_бакси_иммергаз_аристон_дражице_навьен_термекс_бош_эван_дакор.xls,490
ib,unknown supplier 12 05 бакси иммергаз аристон дражице навьен термекс бош эван дакор,"Гефест 5100 - 03 (0004) нержавеющая сталь, газ контроль стола, газовая духовка",34237.065,10.0,"{""КРД"": 3.0, ""Крым"": 7.0}",2026-05-15_13-05-59_unknown_supplier_12_05_бакси_иммергаз_аристон_дражице_навьен_термекс_бош_эван_дакор.xls,491
ib,unknown supplier 12 05 бакси иммергаз аристон дражице навьен термекс бош эван дакор,"Гефест 5100 - 03 белый, газ контроль стола, газовая духовка",29822.658000000003,4.0,"{""КРД"": 4.0}",2026-05-15_13-05-59_unknown_supplier_12_05_бакси_иммергаз_аристон_дражице_навьен_термекс_бош_эван_дакор.xls,492
ib,unknown supplier 12 05 бакси иммергаз аристон дражице навьен термекс бош эван дакор,"Гефест 5100 - 04 (0004) нержавеющая сталь, газ контроль стола, газовая духовка",37830.9738,5.0,"{""КРД"": 4.0, ""Крым"": 1.0}",2026-05-15_13-05-59_unknown_supplier_12_05_бакси_иммергаз_аристон_дражице_навьен_термекс_бош_эван_дакор.xls,493
ib,unknown supplier 12 05 бакси иммергаз аристон дражице навьен термекс бош эван дакор,"Гефест 5100 - 04 белый, газ контроль стола, газовая духовка",32867.307,20.0,"{""КРД"": 6.0, ""Крым"": 14.0}",2026-05-15_13-05-59_unknown_supplier_12_05_бакси_иммергаз_аристон_дражице_навьен_термекс_бош_эван_дакор.xls,494
ib,unknown supplier 12 05 бакси иммергаз аристон дражице навьен термекс бош эван дакор,"Гефест 5102 - 02 (0001) коричневый, электро духовка",28656.339,2.0,"{""КРД"": 2.0}",2026-05-15_13-05-59_unknown_supplier_12_05_бакси_иммергаз_аристон_дражице_навьен_термекс_бош_эван_дакор.xls,495
ib,unknown supplier 12 05 бакси иммергаз аристон дражице навьен термекс бош эван дакор,"Гефест 5102 - 02 белый, электро духовка",28100.2962,,{},2026-05-15_13-05-59_unknown_supplier_12_05_бакси_иммергаз_аристон_дражице_навьен_термекс_бош_эван_дакор.xls,496
ib,unknown supplier 12 05 бакси иммергаз аристон дражице навьен термекс бош эван дакор,"Гефест 5102 - 03 (0023) белый, электро духовка",29212.3716,5.0,"{""КРД"": 5.0}",2026-05-15_13-05-59_unknown_supplier_12_05_бакси_иммергаз_аристон_дражице_навьен_термекс_бош_эван_дакор.xls,497
ib,unknown supplier 12 05 бакси иммергаз аристон дражице навьен термекс бош эван дакор,"Гефест 5102 - 03 (0027) нержавеющая сталь, электрическая духовка",33633.5616,1.0,"{""КРД"": 1.0}",2026-05-15_13-05-59_unknown_supplier_12_05_бакси_иммергаз_аристон_дражице_навьен_термекс_бош_эван_дакор.xls,498
ib,unknown supplier 12 05 бакси иммергаз аристон дражице навьен термекс бош эван дакор,"Гефест 5102 - 03 белый, газ контроль стола, электро духовка",33328.4184,41.0,"{""КРД"": 9.0, ""Крым"": 32.0}",2026-05-15_13-05-59_unknown_supplier_12_05_бакси_иммергаз_аристон_дражице_навьен_термекс_бош_эван_дакор.xls,499
ib,unknown supplier 12 05 бакси иммергаз аристон дражице навьен термекс бош эван дакор,"Гефест 5110 - 01 белый, 3(газ)+1(электро), газовая духовка",21760.0986,5.0,"{""КРД"": 2.0, ""Крым"": 3.0}",2026-05-15_13-05-59_unknown_supplier_12_05_бакси_иммергаз_аристон_дражице_навьен_термекс_бош_эван_дакор.xls,500
ib,unknown supplier 12 05 бакси иммергаз аристон дражице навьен термекс бош эван дакор,"Гефест 5112 - 02 белый, 3(газ)+1(электро), электро духовка",26886.5064,2.0,"{""КРД"": 2.0}",2026-05-15_13-05-59_unknown_supplier_12_05_бакси_иммергаз_аристон_дражице_навьен_термекс_бош_эван_дакор.xls,501
ib,unknown supplier 12 05 бакси иммергаз аристон дражице навьен термекс бош эван дакор,"Гефест 5140 - 01 (0035) белый, ЭЛЕКТРО",19230.8046,,{},2026-05-15_13-05-59_unknown_supplier_12_05_бакси_иммергаз_аристон_дражице_навьен_термекс_бош_эван_дакор.xls,502
ib,unknown supplier 12 05 бакси иммергаз аристон дражице навьен термекс бош эван дакор,"Гефест 5140 - 01 (0121) белый (ретро), ЭЛЕКТРО",22322.9142,1.0,"{""КРД"": 1.0}",2026-05-15_13-05-59_unknown_supplier_12_05_бакси_иммергаз_аристон_дражице_навьен_термекс_бош_эван_дакор.xls,503
ib,unknown supplier 12 05 бакси иммергаз аристон дражице навьен термекс бош эван дакор,"Гефест 5140 белый, ЭЛЕКТРО (3-х конф.)",17793.236999999997,3.0,"{""КРД"": 2.0, ""Крым"": 1.0}",2026-05-15_13-05-59_unknown_supplier_12_05_бакси_иммергаз_аристон_дражице_навьен_термекс_бош_эван_дакор.xls,504
ib,unknown supplier 12 05 бакси иммергаз аристон дражице навьен термекс бош эван дакор,"Гефест 5300 - 02 (0047)коричневый , газовая духовка",29314.086,2.0,"{""КРД"": 2.0}",2026-05-15_13-05-59_unknown_supplier_12_05_бакси_иммергаз_аристон_дражице_навьен_термекс_бош_эван_дакор.xls,505
ib,unknown supplier 12 05 бакси иммергаз аристон дражице навьен термекс бош эван дакор,"Гефест 5300 - 03 (0040) белый, газ контроль стола, газовая духовка",33389.445,3.0,"{""КРД"": 1.0, ""Крым"": 2.0}",2026-05-15_13-05-59_unknown_supplier_12_05_бакси_иммергаз_аристон_дражице_навьен_термекс_бош_эван_дакор.xls,506
ib,unknown supplier 12 05 бакси иммергаз аристон дражице навьен термекс бош эван дакор,"Гефест 5300 - 03 (0046) черный, газ контроль стола, газовая духовка",33389.445,6.0,"{""КРД"": 2.0, ""Крым"": 4.0}",2026-05-15_13-05-59_unknown_supplier_12_05_бакси_иммергаз_аристон_дражице_навьен_термекс_бош_эван_дакор.xls,507
ib,unknown supplier 12 05 бакси иммергаз аристон дражице навьен термекс бош эван дакор,"Гефест 5500 - 02 (0115) черный, газовая духовка",32040.036,2.0,"{""КРД"": 2.0}",2026-05-15_13-05-59_unknown_supplier_12_05_бакси_иммергаз_аристон_дражице_навьен_термекс_бош_эван_дакор.xls,508
ib,unknown supplier 12 05 бакси иммергаз аристон дражице навьен термекс бош эван дакор,"Гефест 5500 - 03 (0042) белый, газ контроль стола, газовая духовка",37308.8358,10.0,"{""КРД"": 7.0, ""Крым"": 3.0}",2026-05-15_13-05-59_unknown_supplier_12_05_бакси_иммергаз_аристон_дражице_навьен_термекс_бош_эван_дакор.xls,509
ib,unknown supplier 12 05 бакси иммергаз аристон дражице навьен термекс бош эван дакор,"Гефест 5500 - 03 (0044) черный, газ контроль стола, газовая духовка",37308.8358,7.0,"{""Крым"": 7.0}",2026-05-15_13-05-59_unknown_supplier_12_05_бакси_иммергаз_аристон_дражице_навьен_термекс_бош_эван_дакор.xls,510
ib,unknown supplier 12 05 бакси иммергаз аристон дражице навьен термекс бош эван дакор,"Гефест 5502 - 02 (0044) черный, электро духовка",32840.1852,1.0,"{""КРД"": 1.0}",2026-05-15_13-05-59_unknown_supplier_12_05_бакси_иммергаз_аристон_дражице_навьен_термекс_бош_эван_дакор.xls,511
ib,unknown supplier 12 05 бакси иммергаз аристон дражице навьен термекс бош эван дакор,"Гефест 5502 - 02 (0045) коричневый,электро духовка",32840.1852,1.0,"{""КРД"": 1.0}",2026-05-15_13-05-59_unknown_supplier_12_05_бакси_иммергаз_аристон_дражице_навьен_термекс_бош_эван_дакор.xls,512
ib,unknown supplier 12 05 бакси иммергаз аристон дражице навьен термекс бош эван дакор,"Гефест 5502 - 03 (0042) белый,газ контроль стола, электро духовка",38041.1856,9.0,"{""КРД"": 1.0, ""Крым"": 8.0}",2026-05-15_13-05-59_unknown_supplier_12_05_бакси_иммергаз_аристон_дражице_навьен_термекс_бош_эван_дакор.xls,513
ib,unknown supplier 12 05 бакси иммергаз аристон дражице навьен термекс бош эван дакор,"Гефест 5502 - 03 (0044) черный, газ контроль стола, электро духовка",38041.1856,9.0,"{""КРД"": 2.0, ""Крым"": 7.0}",2026-05-15_13-05-59_unknown_supplier_12_05_бакси_иммергаз_аристон_дражице_навьен_термекс_бош_эван_дакор.xls,514
ib,unknown supplier 12 05 бакси иммергаз аристон дражице навьен термекс бош эван дакор,"Гефест 5502 - 03 (0045) коричневый,газ контроль стола, электро духовка",38041.1856,12.0,"{""КРД"": 6.0, ""Крым"": 6.0}",2026-05-15_13-05-59_unknown_supplier_12_05_бакси_иммергаз_аристон_дражице_навьен_термекс_бош_эван_дакор.xls,515
ib,unknown supplier 12 05 бакси иммергаз аристон дражице навьен термекс бош эван дакор,"Гефест 6100 - 01 (0001)коричневый, газовая духовка",24072.408000000003,3.0,"{""КРД"": 3.0}",2026-05-15_13-05-59_unknown_supplier_12_05_бакси_иммергаз_аристон_дражице_навьен_термекс_бош_эван_дакор.xls,516
ib,unknown supplier 12 05 бакси иммергаз аристон дражице навьен термекс бош эван дакор,"Гефест 6100 - 01 белый, газовая духовка",23590.9578,2.0,"{""КРД"": 2.0}",2026-05-15_13-05-59_unknown_supplier_12_05_бакси_иммергаз_аристон_дражице_навьен_термекс_бош_эван_дакор.xls,517
ib,unknown supplier 12 05 бакси иммергаз аристон дражице навьен термекс бош эван дакор,"Гефест 6100 - 02 (0010)коричневый , газовая духовка",27083.1522,1.0,"{""КРД"": 1.0}",2026-05-15_13-05-59_unknown_supplier_12_05_бакси_иммергаз_аристон_дражице_навьен_термекс_бош_эван_дакор.xls,518
ib,unknown supplier 12 05 бакси иммергаз аристон дражице навьен термекс бош эван дакор,"Гефест 6100 - 02 (0183) черный (ретро) , газовая духовка",31809.4854,4.0,"{""Крым"": 4.0}",2026-05-15_13-05-59_unknown_supplier_12_05_бакси_иммергаз_аристон_дражице_навьен_термекс_бош_эван_дакор.xls,519
ib,unknown supplier 12 05 бакси иммергаз аристон дражице навьен термекс бош эван дакор,"Гефест 6100 - 02 (0185) белый( ретро), газовая духовка",28107.0792,4.0,"{""КРД"": 3.0, ""Крым"": 1.0}",2026-05-15_13-05-59_unknown_supplier_12_05_бакси_иммергаз_аристон_дражице_навьен_термекс_бош_эван_дакор.xls,520
ib,unknown supplier 12 05 бакси иммергаз аристон дражице навьен термекс бош эван дакор,"Гефест 6100 - 02 (0187)черный(ретро),газовя духовка",30154.923000000003,2.0,"{""КРД"": 2.0}",2026-05-15_13-05-59_unknown_supplier_12_05_бакси_иммергаз_аристон_дражице_навьен_термекс_бош_эван_дакор.xls,521
ib,unknown supplier 12 05 бакси иммергаз аристон дражице навьен термекс бош эван дакор,"Гефест 6100 - 03 (0001) коричневый, газ контроль стола , газовая духовка",32243.4648,11.0,"{""КРД"": 2.0, ""Крым"": 9.0}",2026-05-15_13-05-59_unknown_supplier_12_05_бакси_иммергаз_аристон_дражице_навьен_термекс_бош_эван_дакор.xls,522
ib,unknown supplier 12 05 бакси иммергаз аристон дражице навьен термекс бош эван дакор,"Гефест 6100 - 03 (0004) нержавеющая сталь, газ контроль стола, газовая духовка",36264.57,15.0,"{""КРД"": 7.0, ""Крым"": 8.0}",2026-05-15_13-05-59_unknown_supplier_12_05_бакси_иммергаз_аристон_дражице_навьен_термекс_бош_эван_дакор.xls,523
ib,unknown supplier 12 05 бакси иммергаз аристон дражице навьен термекс бош эван дакор,"Гефест 6100 - 03 (0179) черный ( ретро) , газ контроль стола , газовая духовка",34508.3034,6.0,"{""КРД"": 2.0, ""Крым"": 4.0}",2026-05-15_13-05-59_unknown_supplier_12_05_бакси_иммергаз_аристон_дражице_навьен_термекс_бош_эван_дакор.xls,524
ib,unknown supplier 12 05 бакси иммергаз аристон дражице навьен термекс бош эван дакор,"Гефест 6100 - 03 (0279), кремовый, ретро, газ контроль стола и дух.",34508.3034,2.0,"{""КРД"": 2.0}",2026-05-15_13-05-59_unknown_supplier_12_05_бакси_иммергаз_аристон_дражице_навьен_термекс_бош_эван_дакор.xls,525
ib,unknown supplier 12 05 бакси иммергаз аристон дражице навьен термекс бош эван дакор,"Гефест 6100 - 03 белый, газ контроль стола, газовая духовка",31599.2736,9.0,"{""Крым"": 9.0}",2026-05-15_13-05-59_unknown_supplier_12_05_бакси_иммергаз_аристон_дражице_навьен_термекс_бош_эван_дакор.xls,526
ib,unknown supplier 12 05 бакси иммергаз аристон дражице навьен термекс бош эван дакор,"Гефест 6100 - 04 (0004) нержавеющая сталь, газ контроль стола, газовая духовка",39939.8544,3.0,"{""Крым"": 3.0}",2026-05-15_13-05-59_unknown_supplier_12_05_бакси_иммергаз_аристон_дражице_навьен_термекс_бош_эван_дакор.xls,527
ib,unknown supplier 12 05 бакси иммергаз аристон дражице навьен термекс бош эван дакор,"Гефест 6100 - 04 белый , газ контроль стола, газовая духовка",34725.298200000005,11.0,"{""КРД"": 5.0, ""Крым"": 6.0}",2026-05-15_13-05-59_unknown_supplier_12_05_бакси_иммергаз_аристон_дражице_навьен_термекс_бош_эван_дакор.xls,528
ib,unknown supplier 12 05 бакси иммергаз аристон дражице навьен термекс бош эван дакор,"Гефест 6101 - 02 (0001) коричневый ,электрическая духовка",29056.4136,3.0,"{""КРД"": 3.0}",2026-05-15_13-05-59_unknown_supplier_12_05_бакси_иммергаз_аристон_дражице_навьен_термекс_бош_эван_дакор.xls,529
ib,unknown supplier 12 05 бакси иммергаз аристон дражице навьен термекс бош эван дакор,"Гефест 6102 - 03 белый , газ контроль стола, электро духовка",34847.3514,17.0,"{""КРД"": 8.0, ""Крым"": 9.0}",2026-05-15_13-05-59_unknown_supplier_12_05_бакси_иммергаз_аристон_дражице_навьен_термекс_бош_эван_дакор.xls,530
ib,unknown supplier 12 05 бакси иммергаз аристон дражице навьен термекс бош эван дакор,"Гефест 6102 - 03 (0001) коричневый , газ контроль стола , электро духовка",35559.3522,27.0,"{""КРД"": 1.0, ""Крым"": 26.0}",2026-05-15_13-05-59_unknown_supplier_12_05_бакси_иммергаз_аристон_дражице_навьен_термекс_бош_эван_дакор.xls,531
ib,unknown supplier 12 05 бакси иммергаз аристон дражице навьен термекс бош эван дакор,"Гефест 6102 - 03 (0167)кремовый ,газ контроль стола , электро дух.",35891.6172,7.0,"{""КРД"": 2.0, ""Крым"": 5.0}",2026-05-15_13-05-59_unknown_supplier_12_05_бакси_иммергаз_аристон_дражице_навьен_термекс_бош_эван_дакор.xls,532
ib,unknown supplier 12 05 бакси иммергаз аристон дражице навьен термекс бош эван дакор,"Гефест 6110 - 01 белый, 3(газ)+1(электро), газовая духовка",23672.3334,4.0,"{""КРД"": 4.0}",2026-05-15_13-05-59_unknown_supplier_12_05_бакси_иммергаз_аристон_дражице_навьен_термекс_бош_эван_дакор.xls,533
ib,unknown supplier 12 05 бакси иммергаз аристон дражице навьен термекс бош эван дакор,"Гефест 6112 - 02 белый, 3(газ)+1(электро), электро духовка",28697.016600000003,1.0,"{""КРД"": 1.0}",2026-05-15_13-05-59_unknown_supplier_12_05_бакси_иммергаз_аристон_дражице_навьен_термекс_бош_эван_дакор.xls,534
ib,unknown supplier 12 05 бакси иммергаз аристон дражице навьен термекс бош эван дакор,"Гефест 6140 - 03(0001) коричневый,ЭЛЕКТРО",28900.4454,1.0,"{""КРД"": 1.0}",2026-05-15_13-05-59_unknown_supplier_12_05_бакси_иммергаз_аристон_дражице_навьен_термекс_бош_эван_дакор.xls,535
ib,unknown supplier 12 05 бакси иммергаз аристон дражице навьен термекс бош эван дакор,"Гефест 6300 - 02 (0046) черный с растровым рисунком, газовая духовка",31321.252200000003,3.0,"{""КРД"": 3.0}",2026-05-15_13-05-59_unknown_supplier_12_05_бакси_иммергаз_аристон_дражице_навьен_термекс_бош_эван_дакор.xls,536
ib,unknown supplier 12 05 бакси иммергаз аристон дражице навьен термекс бош эван дакор,"Гефест 6300 - 03 (0040) белый, газ контроль стола, газовая духовка",35715.3102,9.0,"{""КРД"": 1.0, ""Крым"": 8.0}",2026-05-15_13-05-59_unknown_supplier_12_05_бакси_иммергаз_аристон_дражице_навьен_термекс_бош_эван_дакор.xls,537
ib,unknown supplier 12 05 бакси иммергаз аристон дражице навьен термекс бош эван дакор,"Гефест 6300 - 03 (0046) черный, газ контроль стола, газовая духовка",35715.3102,6.0,"{""КРД"": 2.0, ""Крым"": 4.0}",2026-05-15_13-05-59_unknown_supplier_12_05_бакси_иммергаз_аристон_дражице_навьен_термекс_бош_эван_дакор.xls,538
ib,unknown supplier 12 05 бакси иммергаз аристон дражице навьен термекс бош эван дакор,"Гефест 6300 - 03 (0047) коричневый, с растровым рисунком , газ контроль стола, газовая духовка",35715.3102,2.0,"{""КРД"": 1.0, ""Крым"": 1.0}",2026-05-15_13-05-59_unknown_supplier_12_05_бакси_иммергаз_аристон_дражице_навьен_термекс_бош_эван_дакор.xls,539
ib,unknown supplier 12 05 бакси иммергаз аристон дражице навьен термекс бош эван дакор,"Гефест 6500 - 02 (0042) белый, газовая духовка",34691.3934,2.0,"{""КРД"": 2.0}",2026-05-15_13-05-59_unknown_supplier_12_05_бакси_иммергаз_аристон_дражице_навьен_термекс_бош_эван_дакор.xls,540
ib,unknown supplier 12 05 бакси иммергаз аристон дражице навьен термекс бош эван дакор,"Гефест 6500 - 02 (0044)черный с растровым рисунком, газовая духовка",34691.3934,2.0,"{""КРД"": 2.0}",2026-05-15_13-05-59_unknown_supplier_12_05_бакси_иммергаз_аристон_дражице_навьен_термекс_бош_эван_дакор.xls,541
ib,unknown supplier 12 05 бакси иммергаз аристон дражице навьен термекс бош эван дакор,"Гефест 6500 - 02 (0114) коричневый ( мрамор) , газовая духовка",33979.3926,2.0,"{""КРД"": 2.0}",2026-05-15_13-05-59_unknown_supplier_12_05_бакси_иммергаз_аристон_дражице_навьен_термекс_бош_эван_дакор.xls,542
ib,unknown supplier 12 05 бакси иммергаз аристон дражице навьен термекс бош эван дакор,"Гефест 6500 - 02 (0115) черный , газовая духовка",33979.3926,1.0,"{""КРД"": 1.0}",2026-05-15_13-05-59_unknown_supplier_12_05_бакси_иммергаз_аристон_дражице_навьен_термекс_бош_эван_дакор.xls,543
ib,unknown supplier 12 05 бакси иммергаз аристон дражице навьен термекс бош эван дакор,"Гефест 6500 - 03 (0042) белый, газ контроль стола, газовая духовка",38956.6152,,{},2026-05-15_13-05-59_unknown_supplier_12_05_бакси_иммергаз_аристон_дражице_навьен_термекс_бош_эван_дакор.xls,544
ib,unknown supplier 12 05 бакси иммергаз аристон дражице навьен термекс бош эван дакор,"Гефест 6500 - 03 (0044) черный, газ контроль стола, газовая духовка",38956.6152,6.0,"{""КРД"": 1.0, ""Крым"": 5.0}",2026-05-15_13-05-59_unknown_supplier_12_05_бакси_иммергаз_аристон_дражице_навьен_термекс_бош_эван_дакор.xls,545
ib,unknown supplier 12 05 бакси иммергаз аристон дражице навьен термекс бош эван дакор,"Гефест 6500 - 03 (0045)коричневый , газ контроль стола, газовая духовка",38956.6152,1.0,"{""КРД"": 1.0}",2026-05-15_13-05-59_unknown_supplier_12_05_бакси_иммергаз_аристон_дражице_навьен_термекс_бош_эван_дакор.xls,546
ib,unknown supplier 12 05 бакси иммергаз аристон дражице навьен термекс бош эван дакор,"Гефест 6500 - 04 (0069) черный с нерж. накладками, газ контроль стола, газовая духовка",42714.6726,6.0,"{""КРД"": 3.0, ""Крым"": 3.0}",2026-05-15_13-05-59_unknown_supplier_12_05_бакси_иммергаз_аристон_дражице_навьен_термекс_бош_эван_дакор.xls,547
ib,unknown supplier 12 05 бакси иммергаз аристон дражице навьен термекс бош эван дакор,"Гефест 6502 - 02 (0042) белый, электро духовка",34698.1662,1.0,"{""КРД"": 1.0}",2026-05-15_13-05-59_unknown_supplier_12_05_бакси_иммергаз_аристон_дражице_навьен_термекс_бош_эван_дакор.xls,548
ib,unknown supplier 12 05 бакси иммергаз аристон дражице навьен термекс бош эван дакор,"Гефест 6502 - 02 (0045) коричневый с растровым рисунком, электро духовка",34698.1662,2.0,"{""КРД"": 2.0}",2026-05-15_13-05-59_unknown_supplier_12_05_бакси_иммергаз_аристон_дражице_навьен_термекс_бош_эван_дакор.xls,549
ib,unknown supplier 12 05 бакси иммергаз аристон дражице навьен термекс бош эван дакор,"Гефест 6502 - 03 (0030) коричневый с растровым рисунком,электро духовка",36284.918999999994,1.0,"{""КРД"": 1.0}",2026-05-15_13-05-59_unknown_supplier_12_05_бакси_иммергаз_аристон_дражице_навьен_термекс_бош_эван_дакор.xls,550
ib,unknown supplier 12 05 бакси иммергаз аристон дражице навьен термекс бош эван дакор,"Гефест 6502 - 03 (0044) черный с растровым рисунком, газ контроль стола , электро духовка",39458.4042,18.0,"{""КРД"": 4.0, ""Крым"": 14.0}",2026-05-15_13-05-59_unknown_supplier_12_05_бакси_иммергаз_аристон_дражице_навьен_термекс_бош_эван_дакор.xls,551
ib,unknown supplier 12 05 бакси иммергаз аристон дражице навьен термекс бош эван дакор,"Гефест 6502 - 03 (0045)коричневый с растровым рисунком, газ контроль стола, электро духовка",39458.4042,5.0,"{""КРД"": 2.0, ""Крым"": 3.0}",2026-05-15_13-05-59_unknown_supplier_12_05_бакси_иммергаз_аристон_дражице_навьен_термекс_бош_эван_дакор.xls,552
ib,unknown supplier 12 05 бакси иммергаз аристон дражице навьен термекс бош эван дакор,"Гефест 6502 - 03 (0242)белый, газ контроль стола, электро духовка",40373.8338,10.0,"{""КРД"": 6.0, ""Крым"": 4.0}",2026-05-15_13-05-59_unknown_supplier_12_05_бакси_иммергаз_аристон_дражице_навьен_термекс_бош_эван_дакор.xls,553
ib,unknown supplier 12 05 бакси иммергаз аристон дражице навьен термекс бош эван дакор,"Гефест 6502 - 03 (0244)черный, газ контроль стола, электро духовка",40373.8338,28.0,"{""КРД"": 7.0, ""Крым"": 21.0}",2026-05-15_13-05-59_unknown_supplier_12_05_бакси_иммергаз_аристон_дражице_навьен_термекс_бош_эван_дакор.xls,554
ib,unknown supplier 12 05 бакси иммергаз аристон дражице навьен термекс бош эван дакор,"Гефест 6502 - 03 (0245) коричневый, газ контроль стола, электро духовка",40373.8338,7.0,"{""КРД"": 3.0, ""Крым"": 4.0}",2026-05-15_13-05-59_unknown_supplier_12_05_бакси_иммергаз_аристон_дражице_навьен_термекс_бош_эван_дакор.xls,555
ib,unknown supplier 12 05 бакси иммергаз аристон дражице навьен термекс бош эван дакор,"Гефест 6502 - 03 (0284)черный +стальные накладки,газ контроль стола , электро духовка",45134.0616,8.0,"{""КРД"": 3.0, ""Крым"": 5.0}",2026-05-15_13-05-59_unknown_supplier_12_05_бакси_иммергаз_аристон_дражице_навьен_термекс_бош_эван_дакор.xls,556
ib,unknown supplier 12 05 бакси иммергаз аристон дражице навьен термекс бош эван дакор,"Гефест 6570 - 04 белый, стеклокерамика,ЭЛЕКТРО",60069.177,3.0,"{""КРД"": 1.0, ""Крым"": 2.0}",2026-05-15_13-05-59_unknown_supplier_12_05_бакси_иммергаз_аристон_дражице_навьен_термекс_бош_эван_дакор.xls,557
ib,unknown supplier 12 05 бакси иммергаз аристон дражице навьен термекс бош эван дакор,"Гефест ПГ 100 К19 коричневый, газ. духовка + 2 газ. конфорки",9276.6552,2.0,"{""КРД"": 1.0, ""Крым"": 1.0}",2026-05-15_13-05-59_unknown_supplier_12_05_бакси_иммергаз_аристон_дражице_навьен_термекс_бош_эван_дакор.xls,558
ib,unknown supplier 12 05 бакси иммергаз аристон дражице навьен термекс бош эван дакор,"Гефест 700 - 02 коричневый, таганок 2-конф.",2502.2538,,{},2026-05-15_13-05-59_unknown_supplier_12_05_бакси_иммергаз_аристон_дражице_навьен_термекс_бош_эван_дакор.xls,559
ib,unknown supplier 12 05 бакси иммергаз аристон дражице навьен термекс бош эван дакор,"Гефест 700 - 03 белый, таганок 2-конф.",2502.2538,,{},2026-05-15_13-05-59_unknown_supplier_12_05_бакси_иммергаз_аристон_дражице_навьен_термекс_бош_эван_дакор.xls,560
ib,unknown supplier 12 05 бакси иммергаз аристон дражице навьен термекс бош эван дакор,"Гефест 900 белый, ТАГАНОК 4-конф.",5228.285400000001,5.0,"{""КРД"": 5.0}",2026-05-15_13-05-59_unknown_supplier_12_05_бакси_иммергаз_аристон_дражице_навьен_термекс_бош_эван_дакор.xls,561
ib,unknown supplier 12 05 бакси иммергаз аристон дражице навьен термекс бош эван дакор,"Гефест 900 К 17 коричневый, ТАГАНОК 4-конф.",5228.285400000001,6.0,"{""КРД"": 6.0}",2026-05-15_13-05-59_unknown_supplier_12_05_бакси_иммергаз_аристон_дражице_навьен_термекс_бош_эван_дакор.xls,562
ib,unknown supplier 12 05 бакси иммергаз аристон дражице навьен термекс бош эван дакор,"Гефест ПГТ 1 802 коричневый, ТАГАНОК 1-конф",1051.0794,11.0,"{""КРД"": 7.0, ""Крым"": 4.0}",2026-05-15_13-05-59_unknown_supplier_12_05_бакси_иммергаз_аристон_дражице_навьен_термекс_бош_эван_дакор.xls,563
ib,unknown supplier 12 05 бакси иммергаз аристон дражице навьен термекс бош эван дакор,"Гефест 120 белый, электро духовка + 2 газ. конфорки",11249.9778,2.0,"{""КРД"": 1.0, ""Крым"": 1.0}",2026-05-15_13-05-59_unknown_supplier_12_05_бакси_иммергаз_аристон_дражице_навьен_термекс_бош_эван_дакор.xls,564
ib,unknown supplier 12 05 бакси иммергаз аристон дражице навьен термекс бош эван дакор,"Гефест 120 К19 коричневый, электро духовка + 2 газ. конфорки",11249.9778,3.0,"{""КРД"": 1.0, ""Крым"": 2.0}",2026-05-15_13-05-59_unknown_supplier_12_05_бакси_иммергаз_аристон_дражице_навьен_термекс_бош_эван_дакор.xls,565
ib,unknown supplier 12 05 бакси иммергаз аристон дражице навьен термекс бош эван дакор,"Гефест 720 белый, таганок ЭЛЕКТРО 2-конф.",4339.9572,33.0,"{""КРД"": 20.0, ""Крым"": 13.0}",2026-05-15_13-05-59_unknown_supplier_12_05_бакси_иммергаз_аристон_дражице_навьен_термекс_бош_эван_дакор.xls,566
ib,unknown supplier 12 05 бакси иммергаз аристон дражице навьен термекс бош эван дакор,"Гефест ЭП Нс Д 420 белый, эл. духовка + 2 эл. конфорки",12762.189,1.0,"{""КРД"": 1.0}",2026-05-15_13-05-59_unknown_supplier_12_05_бакси_иммергаз_аристон_дражице_навьен_термекс_бош_эван_дакор.xls,567
ib,unknown supplier 12 05 бакси иммергаз аристон дражице навьен термекс бош эван дакор,"Гефест 6500 - 04 (0244)черный, газ контроль стола, газовая духовка",43784.6526,10.0,"{""КРД"": 2.0, ""Крым"": 8.0}",2026-05-15_13-05-59_unknown_supplier_12_05_бакси_иммергаз_аристон_дражице_навьен_термекс_бош_эван_дакор.xls,568
ib,unknown supplier 12 05 бакси иммергаз аристон дражице навьен термекс бош эван дакор,"Гефест 6502 - 04 (0053)черный мрамор, газ контроль стола , электро духовка",39682.1718,2.0,"{""Крым"": 2.0}",2026-05-15_13-05-59_unknown_supplier_12_05_бакси_иммергаз_аристон_дражице_навьен_термекс_бош_эван_дакор.xls,569
ib,unknown supplier 12 05 бакси иммергаз аристон дражице навьен термекс бош эван дакор,"Гефест CG 50М02 К73, белый, газ контроль стола, газовая духовка",19540.14,3.0,"{""Крым"": 3.0}",2026-05-15_13-05-59_unknown_supplier_12_05_бакси_иммергаз_аристон_дражице_навьен_термекс_бош_эван_дакор.xls,570
ib,unknown supplier 12 05 бакси иммергаз аристон дражице навьен термекс бош эван дакор,"Гефест CG 50М02 К83, коричневый, газ контроль стола, газовая духовка",19907.4828,3.0,"{""Крым"": 3.0}",2026-05-15_13-05-59_unknown_supplier_12_05_бакси_иммергаз_аристон_дражице_навьен_термекс_бош_эван_дакор.xls,571
ib,unknown supplier 12 05 бакси иммергаз аристон дражице навьен термекс бош эван дакор,"Гефест CG 50М04 К73 белый, газ контроль стола, газовяа духовка",23701.1178,1.0,"{""Крым"": 1.0}",2026-05-15_13-05-59_unknown_supplier_12_05_бакси_иммергаз_аристон_дражице_навьен_термекс_бош_эван_дакор.xls,572
ib,unknown supplier 12 05 бакси иммергаз аристон дражице навьен термекс бош эван дакор,"Гефест CG 50М04 К83 коричневый , газ контроль стола, газовая духовка",24168.0024,3.0,"{""Крым"": 3.0}",2026-05-15_13-05-59_unknown_supplier_12_05_бакси_иммергаз_аристон_дражице_навьен_термекс_бош_эван_дакор.xls,573
ib,unknown supplier 12 05 бакси иммергаз аристон дражице навьен термекс бош эван дакор,"Гефест 5100 0017 белый, газовая духовка",15209.6892,29.0,"{""КРД"": 18.0, ""Крым"": 11.0}",2026-05-15_13-05-59_unknown_supplier_12_05_бакси_иммергаз_аристон_дражице_навьен_термекс_бош_эван_дакор.xls,574
ib,unknown supplier 12 05 бакси иммергаз аристон дражице навьен термекс бош эван дакор,"Гефест 5100 0018, коричневый ,газовая духовка",15501.2766,32.0,"{""КРД"": 19.0, ""Крым"": 13.0}",2026-05-15_13-05-59_unknown_supplier_12_05_бакси_иммергаз_аристон_дражице_навьен_термекс_бош_эван_дакор.xls,575
ib,unknown supplier 12 05 бакси иммергаз аристон дражице навьен термекс бош эван дакор,"Гефест 900-03 К17 коричневый, таганок 4-конф, газ контроль",7255.861800000001,49.0,"{""КРД"": 26.0, ""Крым"": 23.0}",2026-05-15_13-05-59_unknown_supplier_12_05_бакси_иммергаз_аристон_дражице_навьен_термекс_бош_эван_дакор.xls,576
ib,unknown supplier 12 05 бакси иммергаз аристон дражице навьен термекс бош эван дакор,"Гефест 900-03 белый, таганок 4-конф, газ контроль",7255.861800000001,34.0,"{""КРД"": 6.0, ""Крым"": 28.0}",2026-05-15_13-05-59_unknown_supplier_12_05_бакси_иммергаз_аристон_дражице_навьен_термекс_бош_эван_дакор.xls,577
ib,unknown supplier 12 05 бакси иммергаз аристон дражице навьен термекс бош эван дакор,"Гефест 5302 - 04 0267 кремовый, газ контроль стола , электро духовка",36413.7552,22.0,"{""КРД"": 8.0, ""Крым"": 14.0}",2026-05-15_13-05-59_unknown_supplier_12_05_бакси_иммергаз_аристон_дражице_навьен_термекс_бош_эван_дакор.xls,578
ib,unknown supplier 12 05 бакси иммергаз аристон дражице навьен термекс бош эван дакор,"Гефест 5302-03 0054 коричневый мрамор, газ контроль стола,электро духовка",33986.1654,6.0,"{""КРД"": 2.0, ""Крым"": 4.0}",2026-05-15_13-05-59_unknown_supplier_12_05_бакси_иммергаз_аристон_дражице_навьен_термекс_бош_эван_дакор.xls,579
ib,unknown supplier 12 05 бакси иммергаз аристон дражице навьен термекс бош эван дакор,"Гефест 6302-04 (0267), кремовый , газ контроль стола , электро духовка",38298.858,2.0,"{""Крым"": 2.0}",2026-05-15_13-05-59_unknown_supplier_12_05_бакси_иммергаз_аристон_дражице_навьен_термекс_бош_эван_дакор.xls,580
ib,unknown supplier 12 05 бакси иммергаз аристон дражице навьен термекс бош эван дакор,"Гефест 6300 - 03 (0053)черный, мрамор, газ контроль стола, газовая духовка",35715.3102,5.0,"{""КРД"": 2.0, ""Крым"": 3.0}",2026-05-15_13-05-59_unknown_supplier_12_05_бакси_иммергаз_аристон_дражице_навьен_термекс_бош_эван_дакор.xls,581
ib,unknown supplier 12 05 бакси иммергаз аристон дражице навьен термекс бош эван дакор,"Гефест 6300-03 0054 коричневый мрамор, газ контроль стола, газовая духовка",35715.3102,5.0,"{""Крым"": 5.0}",2026-05-15_13-05-59_unknown_supplier_12_05_бакси_иммергаз_аристон_дражице_навьен_термекс_бош_эван_дакор.xls,582
ib,unknown supplier 12 05 бакси иммергаз аристон дражице навьен термекс бош эван дакор,"Гефест 6500-03 0053, черный, мрамор, газ контроль стола, газовая духовка",38956.6152,5.0,"{""КРД"": 1.0, ""Крым"": 4.0}",2026-05-15_13-05-59_unknown_supplier_12_05_бакси_иммергаз_аристон_дражице_навьен_термекс_бош_эван_дакор.xls,583
ib,unknown supplier 12 05 бакси иммергаз аристон дражице навьен термекс бош эван дакор,"Гефест 6500-03 0054 , коричневый , мрамор , газ контроль стола, газовая духовка",38956.6152,4.0,"{""КРД"": 3.0, ""Крым"": 1.0}",2026-05-15_13-05-59_unknown_supplier_12_05_бакси_иммергаз_аристон_дражице_навьен_термекс_бош_эван_дакор.xls,584
ib,unknown supplier 12 05 бакси иммергаз аристон дражице навьен термекс бош эван дакор,"Гефест 6500-04 0245, коричневый , газ контроль стола, газовая духовка",43784.6526,1.0,"{""КРД"": 1.0}",2026-05-15_13-05-59_unknown_supplier_12_05_бакси_иммергаз_аристон_дражице_навьен_термекс_бош_эван_дакор.xls,585
ib,unknown supplier 12 05 бакси иммергаз аристон дражице навьен термекс бош эван дакор,"Гефест 5302-03 0052, белый мрамор , газ контроль стола, электро духовка",33986.1654,3.0,"{""КРД"": 3.0}",2026-05-15_13-05-59_unknown_supplier_12_05_бакси_иммергаз_аристон_дражице_навьен_термекс_бош_эван_дакор.xls,586
ib,unknown supplier 12 05 бакси иммергаз аристон дражице навьен термекс бош эван дакор,"Гефест 5302-03 0053, черный мрамор , газ контроль стола , электро духовка",33986.1654,5.0,"{""КРД"": 3.0, ""Крым"": 2.0}",2026-05-15_13-05-59_unknown_supplier_12_05_бакси_иммергаз_аристон_дражице_навьен_термекс_бош_эван_дакор.xls,587
ib,unknown supplier 12 05 бакси иммергаз аристон дражице навьен термекс бош эван дакор,"Гефест 5502-04 0053, черный мрамор, газ контроль стола, электро духовка",38251.3974,5.0,"{""КРД"": 3.0, ""Крым"": 2.0}",2026-05-15_13-05-59_unknown_supplier_12_05_бакси_иммергаз_аристон_дражице_навьен_термекс_бош_эван_дакор.xls,588
ib,unknown supplier 12 05 бакси иммергаз аристон дражице навьен термекс бош эван дакор,"Гефест 5502-04 0054, коричневый мрамор, газ контроль стола , электро духовка",38251.3974,5.0,"{""КРД"": 2.0, ""Крым"": 3.0}",2026-05-15_13-05-59_unknown_supplier_12_05_бакси_иммергаз_аристон_дражице_навьен_термекс_бош_эван_дакор.xls,589
ib,unknown supplier 12 05 бакси иммергаз аристон дражице навьен термекс бош эван дакор,"Гефест 6302-03 0052 , белый мрамор , газ контроль стола , электро духовка",35579.691000000006,3.0,"{""КРД"": 3.0}",2026-05-15_13-05-59_unknown_supplier_12_05_бакси_иммергаз_аристон_дражице_навьен_термекс_бош_эван_дакор.xls,590
ib,unknown supplier 12 05 бакси иммергаз аристон дражице навьен термекс бош эван дакор,"Гефест 6302-03 0053 , черный мрамор, газ контроль стола , электро духовка",35579.691000000006,1.0,"{""КРД"": 1.0}",2026-05-15_13-05-59_unknown_supplier_12_05_бакси_иммергаз_аристон_дражице_навьен_термекс_бош_эван_дакор.xls,591
ib,unknown supplier 12 05 бакси иммергаз аристон дражице навьен термекс бош эван дакор,"Гефест 6302-03 0054, коричневый мрамор , газ контроль стола , электро духовка",35579.691000000006,7.0,"{""КРД"": 6.0, ""Крым"": 1.0}",2026-05-15_13-05-59_unknown_supplier_12_05_бакси_иммергаз_аристон_дражице_навьен_термекс_бош_эван_дакор.xls,592
ib,unknown supplier 12 05 бакси иммергаз аристон дражице навьен термекс бош эван дакор,"Вст.духовка Гефест 602-01 А черный, эмаль,конвекция, электро",15895.0884,13.0,"{""КРД"": 7.0, ""Крым"": 6.0}",2026-05-15_13-05-59_unknown_supplier_12_05_бакси_иммергаз_аристон_дражице_навьен_термекс_бош_эван_дакор.xls,595
ib,unknown supplier 12 05 бакси иммергаз аристон дражице навьен термекс бош эван дакор,"Вст.духовка Гефест 602-01 белый, эмаль,конвекция, электро",15881.5326,15.0,"{""КРД"": 7.0, ""Крым"": 8.0}",2026-05-15_13-05-59_unknown_supplier_12_05_бакси_иммергаз_аристон_дражице_навьен_термекс_бош_эван_дакор.xls,596
ib,unknown supplier 12 05 бакси иммергаз аристон дражице навьен термекс бош эван дакор,"Вст.духовка Гефест 602-01 К коричневый, эмаль,конвекция, электро",15881.5326,5.0,"{""КРД"": 3.0, ""Крым"": 2.0}",2026-05-15_13-05-59_unknown_supplier_12_05_бакси_иммергаз_аристон_дражице_навьен_термекс_бош_эван_дакор.xls,597
ib,unknown supplier 12 05 бакси иммергаз аристон дражице навьен термекс бош эван дакор,"Вст.духовка Гефест 602-01 Н1 нержавеющая сталь - панель, черное стекло, конвекция, электро",16824.1248,13.0,"{""КРД"": 6.0, ""Крым"": 7.0}",2026-05-15_13-05-59_unknown_supplier_12_05_бакси_иммергаз_аристон_дражице_навьен_термекс_бош_эван_дакор.xls,598
ib,unknown supplier 12 05 бакси иммергаз аристон дражице навьен термекс бош эван дакор,"Вст.духовка Гефест 602-02 А черный,эмаль,конвекция, электро",21964.251600000003,14.0,"{""КРД"": 6.0, ""Крым"": 8.0}",2026-05-15_13-05-59_unknown_supplier_12_05_бакси_иммергаз_аристон_дражице_навьен_термекс_бош_эван_дакор.xls,599
ib,unknown supplier 12 05 бакси иммергаз аристон дражице навьен термекс бош эван дакор,"Вст.духовка Гефест 602-02 белый, эмаль,конвекция, электро",21726.9078,4.0,"{""КРД"": 1.0, ""Крым"": 3.0}",2026-05-15_13-05-59_unknown_supplier_12_05_бакси_иммергаз_аристон_дражице_навьен_термекс_бош_эван_дакор.xls,600
ib,unknown supplier 12 05 бакси иммергаз аристон дражице навьен термекс бош эван дакор,"Вст.духовка Гефест 602-02 К коричневый,эмаль,конвекция, электро",21096.252,2.0,"{""Крым"": 2.0}",2026-05-15_13-05-59_unknown_supplier_12_05_бакси_иммергаз_аристон_дражице_навьен_термекс_бош_эван_дакор.xls,601
ib,unknown supplier 12 05 бакси иммергаз аристон дражице навьен термекс бош эван дакор,"Вст.духовка Гефест 602-02 К55 кремовый,эмаль,ретро,конвекция, электро",25158.1878,12.0,"{""КРД"": 9.0, ""Крым"": 3.0}",2026-05-15_13-05-59_unknown_supplier_12_05_бакси_иммергаз_аристон_дражице_навьен_термекс_бош_эван_дакор.xls,602
ib,unknown supplier 12 05 бакси иммергаз аристон дражице навьен термекс бош эван дакор,"Вст.духовка Гефест 602-02 К82 белый,эмаль,ретро,конвекция, электро",23862.9714,5.0,"{""КРД"": 1.0, ""Крым"": 4.0}",2026-05-15_13-05-59_unknown_supplier_12_05_бакси_иммергаз_аристон_дражице_навьен_термекс_бош_эван_дакор.xls,603
ib,unknown supplier 12 05 бакси иммергаз аристон дражице навьен термекс бош эван дакор,"Вст.духовка Гефест 602-02 К93 черный,эмаль, ретро,конвекция, электро",23862.9714,5.0,"{""КРД"": 2.0, ""Крым"": 3.0}",2026-05-15_13-05-59_unknown_supplier_12_05_бакси_иммергаз_аристон_дражице_навьен_термекс_бош_эван_дакор.xls,604
ib,unknown supplier 12 05 бакси иммергаз аристон дражице навьен термекс бош эван дакор,"Вст.духовка Гефест 602-02 Н1 нержавеющая сталь, конвекция, электро",22662.7068,6.0,"{""КРД"": 3.0, ""Крым"": 3.0}",2026-05-15_13-05-59_unknown_supplier_12_05_бакси_иммергаз_аристон_дражице_навьен_термекс_бош_эван_дакор.xls,605
ib,unknown supplier 12 05 бакси иммергаз аристон дражице навьен термекс бош эван дакор,"Вст.духовка Гефест 602-02 РА черный,эмаль,конвекция, электро",23496.7914,7.0,"{""КРД"": 3.0, ""Крым"": 4.0}",2026-05-15_13-05-59_unknown_supplier_12_05_бакси_иммергаз_аристон_дражице_навьен_термекс_бош_эван_дакор.xls,606
ib,unknown supplier 12 05 бакси иммергаз аристон дражице навьен термекс бош эван дакор,"Вст.духовка Гефест 602-02 РН7 нержавеющая сталь,конвекция, электро",24134.22,7.0,"{""КРД"": 2.0, ""Крым"": 5.0}",2026-05-15_13-05-59_unknown_supplier_12_05_бакси_иммергаз_аристон_дражице_навьен_термекс_бош_эван_дакор.xls,607
ib,unknown supplier 12 05 бакси иммергаз аристон дражице навьен термекс бош эван дакор,"Вст.духовка Гефест 622-01 Н3 черн. стекло с накладками из нерж. стали,конвекция,электро",22520.3046,12.0,"{""КРД"": 9.0, ""Крым"": 3.0}",2026-05-15_13-05-59_unknown_supplier_12_05_бакси_иммергаз_аристон_дражице_навьен_термекс_бош_эван_дакор.xls,608
ib,unknown supplier 12 05 бакси иммергаз аристон дражице навьен термекс бош эван дакор,"Вст.духовка Гефест 622-01 черный,стекло, конвекция,электро",22337.2146,16.0,"{""КРД"": 6.0, ""Крым"": 10.0}",2026-05-15_13-05-59_unknown_supplier_12_05_бакси_иммергаз_аристон_дражице_навьен_термекс_бош_эван_дакор.xls,609
ib,unknown supplier 12 05 бакси иммергаз аристон дражице навьен термекс бош эван дакор,"Вст.духовка Гефест 622-02 А черный,стекло,конвекция,электро",25436.2092,11.0,"{""КРД"": 8.0, ""Крым"": 3.0}",2026-05-15_13-05-59_unknown_supplier_12_05_бакси_иммергаз_аристон_дражице_навьен_термекс_бош_эван_дакор.xls,610
ib,unknown supplier 12 05 бакси иммергаз аристон дражице навьен термекс бош эван дакор,"Вст.духовка Гефест 622-02 АS черный,стекло,конвекция,электро",26365.2354,12.0,"{""Крым"": 12.0}",2026-05-15_13-05-59_unknown_supplier_12_05_бакси_иммергаз_аристон_дражице_навьен_термекс_бош_эван_дакор.xls,611
ib,unknown supplier 12 05 бакси иммергаз аристон дражице навьен термекс бош эван дакор,"Вст.духовка Гефест 622-02 Б белый,стекло,конвекция,электро",25436.2092,26.0,"{""КРД"": 12.0, ""Крым"": 14.0}",2026-05-15_13-05-59_unknown_supplier_12_05_бакси_иммергаз_аристон_дражице_навьен_термекс_бош_эван_дакор.xls,612
ib,unknown supplier 12 05 бакси иммергаз аристон дражице навьен термекс бош эван дакор,"Вст.духовка Гефест 622-02 БS белый,стекло,конвекция,электро",26365.2354,15.0,"{""КРД"": 8.0, ""Крым"": 7.0}",2026-05-15_13-05-59_unknown_supplier_12_05_бакси_иммергаз_аристон_дражице_навьен_термекс_бош_эван_дакор.xls,613
ib,unknown supplier 12 05 бакси иммергаз аристон дражице навьен термекс бош эван дакор,"Вст.духовка Гефест 622-02 В1 кремовый,стекло,конвекция,электро",26548.3254,11.0,"{""КРД"": 6.0, ""Крым"": 5.0}",2026-05-15_13-05-59_unknown_supplier_12_05_бакси_иммергаз_аристон_дражице_навьен_термекс_бош_эван_дакор.xls,614
ib,unknown supplier 12 05 бакси иммергаз аристон дражице навьен термекс бош эван дакор,"Вст.духовка Гефест 622-02 К коричневый,стекло, конвекция,электро",25436.2092,1.0,"{""Крым"": 1.0}",2026-05-15_13-05-59_unknown_supplier_12_05_бакси_иммергаз_аристон_дражице_навьен_термекс_бош_эван_дакор.xls,615
ib,unknown supplier 12 05 бакси иммергаз аристон дражице навьен термекс бош эван дакор,"Вст.духовка Гефест 622-02 К16 черный с красным рис. стекл. фасад,конвекция,электро",25179.5466,2.0,"{""Крым"": 2.0}",2026-05-15_13-05-59_unknown_supplier_12_05_бакси_иммергаз_аристон_дражице_навьен_термекс_бош_эван_дакор.xls,616
ib,unknown supplier 12 05 бакси иммергаз аристон дражице навьен термекс бош эван дакор,"Вст.духовка Гефест 622-02 К17 коричневый стекл. фасад с рисунком(кофе),конвекция,электро",25179.5466,1.0,"{""Крым"": 1.0}",2026-05-15_13-05-59_unknown_supplier_12_05_бакси_иммергаз_аристон_дражице_навьен_термекс_бош_эван_дакор.xls,617
ib,unknown supplier 12 05 бакси иммергаз аристон дражице навьен термекс бош эван дакор,"Вст.духовка Гефест 622-02 К35 серый (дерево),конвекция,электро",25768.4946,2.0,"{""КРД"": 2.0}",2026-05-15_13-05-59_unknown_supplier_12_05_бакси_иммергаз_аристон_дражице_навьен_термекс_бош_эван_дакор.xls,618
ib,unknown supplier 12 05 бакси иммергаз аристон дражице навьен термекс бош эван дакор,"Вст.духовка Гефест 622-02 К43 черный камень,стекло,конвекция,электро",25788.8334,9.0,"{""КРД"": 5.0, ""Крым"": 4.0}",2026-05-15_13-05-59_unknown_supplier_12_05_бакси_иммергаз_аристон_дражице_навьен_термекс_бош_эван_дакор.xls,619
ib,unknown supplier 12 05 бакси иммергаз аристон дражице навьен термекс бош эван дакор,"Вст.духовка Гефест 622-02 К53 черный мрамор,стекло,конвекция,электро",25788.8334,7.0,"{""КРД"": 4.0, ""Крым"": 3.0}",2026-05-15_13-05-59_unknown_supplier_12_05_бакси_иммергаз_аристон_дражице_навьен_термекс_бош_эван_дакор.xls,620
ib,unknown supplier 12 05 бакси иммергаз аристон дражице навьен термекс бош эван дакор,"Вст.духовка Гефест 622-02 К55 стеклянный фасад, рисунок ""рубиновый мрамор"", дизайн ""Ретро"",конвекция",25785.8754,1.0,"{""КРД"": 1.0}",2026-05-15_13-05-59_unknown_supplier_12_05_бакси_иммергаз_аристон_дражице_навьен_термекс_бош_эван_дакор.xls,621
ib,unknown supplier 12 05 бакси иммергаз аристон дражице навьен термекс бош эван дакор,"Вст.духовка Гефест 622-02 К56S графит,стекло, конвекция,электро",26812.8012,8.0,"{""КРД"": 4.0, ""Крым"": 4.0}",2026-05-15_13-05-59_unknown_supplier_12_05_бакси_иммергаз_аристон_дражице_навьен_термекс_бош_эван_дакор.xls,622
ib,unknown supplier 12 05 бакси иммергаз аристон дражице навьен термекс бош эван дакор,"Вст.духовка Гефест 622-03 Н5 нержавеющая сталь(стекло с накладками из нержавеющей стали),конвекция,э",27484.1346,7.0,"{""КРД"": 6.0, ""Крым"": 1.0}",2026-05-15_13-05-59_unknown_supplier_12_05_бакси_иммергаз_аристон_дражице_навьен_термекс_бош_эван_дакор.xls,623
ib,unknown supplier 12 05 бакси иммергаз аристон дражице навьен термекс бош эван дакор,"Вст.духовка Гефест 622-03 РНЗ нержавеющая сталь(стекло с накладками из нержавеющей стали),конвекция,",29843.986200000003,4.0,"{""КРД"": 2.0, ""Крым"": 2.0}",2026-05-15_13-05-59_unknown_supplier_12_05_бакси_иммергаз_аристон_дражице_навьен_термекс_бош_эван_дакор.xls,624
ib,unknown supplier 12 05 бакси иммергаз аристон дражице навьен термекс бош эван дакор,"Вст.духовка Гефест 622-04 А черный,стекло, сенсорное управление,конвекция,электро",32264.8644,5.0,"{""КРД"": 3.0, ""Крым"": 2.0}",2026-05-15_13-05-59_unknown_supplier_12_05_бакси_иммергаз_аристон_дражице_навьен_термекс_бош_эван_дакор.xls,625
ib,unknown supplier 12 05 бакси иммергаз аристон дражице навьен термекс бош эван дакор,"Вст.духовка Гефест 622-04 А1S черный, стекло,сенсорное управление,конвекция,электро",34014.399,1.0,"{""Крым"": 1.0}",2026-05-15_13-05-59_unknown_supplier_12_05_бакси_иммергаз_аристон_дражице_навьен_термекс_бош_эван_дакор.xls,626
ib,unknown supplier 12 05 бакси иммергаз аристон дражице навьен термекс бош эван дакор,"Вст.духовка Гефест 622-04 Б белый,стекло,сенсорное управление,конвекция,электро",32902.293000000005,2.0,"{""КРД"": 1.0, ""Крым"": 1.0}",2026-05-15_13-05-59_unknown_supplier_12_05_бакси_иммергаз_аристон_дражице_навьен_термекс_бош_эван_дакор.xls,627
ib,unknown supplier 12 05 бакси иммергаз аристон дражице навьен термекс бош эван дакор,"Вст.духовка Гефест 601-01 белый, эмаль,газоэлектро",17929.4376,7.0,"{""КРД"": 1.0, ""Крым"": 6.0}",2026-05-15_13-05-59_unknown_supplier_12_05_бакси_иммергаз_аристон_дражице_навьен_термекс_бош_эван_дакор.xls,628
ib,unknown supplier 12 05 бакси иммергаз аристон дражице навьен термекс бош эван дакор,"Вст.духовка Гефест 601-01 H1нержавеющая сталь+черный, газоэлектро",18885.595800000003,2.0,"{""КРД"": 2.0}",2026-05-15_13-05-59_unknown_supplier_12_05_бакси_иммергаз_аристон_дражице_навьен_термекс_бош_эван_дакор.xls,629
ib,unknown supplier 12 05 бакси иммергаз аристон дражице навьен термекс бош эван дакор,"Вст.духовка Гефест 601-01 А черный эмаль,газоэлектро",17929.4376,6.0,"{""КРД"": 1.0, ""Крым"": 5.0}",2026-05-15_13-05-59_unknown_supplier_12_05_бакси_иммергаз_аристон_дражице_навьен_термекс_бош_эван_дакор.xls,630
ib,unknown supplier 12 05 бакси иммергаз аристон дражице навьен термекс бош эван дакор,"Вст.духовка Гефест 601-01 К коричневый, эмаль,газоэлектро",17929.4376,1.0,"{""Крым"": 1.0}",2026-05-15_13-05-59_unknown_supplier_12_05_бакси_иммергаз_аристон_дражице_навьен_термекс_бош_эван_дакор.xls,631
ib,unknown supplier 12 05 бакси иммергаз аристон дражице навьен термекс бош эван дакор,"Вст.духовка Гефест 621-01 черный,стекло, газоэлектро",19244.9928,3.0,"{""Крым"": 3.0}",2026-05-15_13-05-59_unknown_supplier_12_05_бакси_иммергаз_аристон_дражице_навьен_термекс_бош_эван_дакор.xls,632
ib,unknown supplier 12 05 бакси иммергаз аристон дражице навьен термекс бош эван дакор,"Вст.духовка Гефест 621-01 B1 кремовый,стекло,газоэлектро",19963.8072,5.0,"{""Крым"": 5.0}",2026-05-15_13-05-59_unknown_supplier_12_05_бакси_иммергаз_аристон_дражице_навьен_термекс_бош_эван_дакор.xls,633
ib,unknown supplier 12 05 бакси иммергаз аристон дражице навьен термекс бош эван дакор,"Вст.духовка Гефест 621-01 K53 черный мрамор,стекло,газоэлектро",19509.4686,1.0,"{""Крым"": 1.0}",2026-05-15_13-05-59_unknown_supplier_12_05_бакси_иммергаз_аристон_дражице_навьен_термекс_бош_эван_дакор.xls,634
ib,unknown supplier 12 05 бакси иммергаз аристон дражице навьен термекс бош эван дакор,"Вст.духовка Гефест 621-01 Б белый ,стекло, газоэлектро",19963.8072,8.0,"{""КРД"": 6.0, ""Крым"": 2.0}",2026-05-15_13-05-59_unknown_supplier_12_05_бакси_иммергаз_аристон_дражице_навьен_термекс_бош_эван_дакор.xls,635
ib,unknown supplier 12 05 бакси иммергаз аристон дражице навьен термекс бош эван дакор,"Вст.духовка Гефест 621-03 Б1 белый,стекло,газоэлектро",21699.775800000003,8.0,"{""КРД"": 4.0, ""Крым"": 4.0}",2026-05-15_13-05-59_unknown_supplier_12_05_бакси_иммергаз_аристон_дражице_навьен_термекс_бош_эван_дакор.xls,636
ib,unknown supplier 12 05 бакси иммергаз аристон дражице навьен термекс бош эван дакор,"Вст.духовка Гефест 621-03 черный,стекло, газоэлектро",21672.654,7.0,"{""КРД"": 3.0, ""Крым"": 4.0}",2026-05-15_13-05-59_unknown_supplier_12_05_бакси_иммергаз_аристон_дражице_навьен_термекс_бош_эван_дакор.xls,637
ib,unknown supplier 12 05 бакси иммергаз аристон дражице навьен термекс бош эван дакор,"Вст.духовка Гефест 622-05 S черный,стекло,сенсорное управление,конвекция,электро",35390.991,1.0,"{""КРД"": 1.0}",2026-05-15_13-05-59_unknown_supplier_12_05_бакси_иммергаз_аристон_дражице_навьен_термекс_бош_эван_дакор.xls,638
ib,unknown supplier 12 05 бакси иммергаз аристон дражице навьен термекс бош эван дакор,"Вст.духовка Гефест 622-02 АМ черный,стекло,конвекция,электро",25436.2092,6.0,"{""КРД"": 3.0, ""Крым"": 3.0}",2026-05-15_13-05-59_unknown_supplier_12_05_бакси_иммергаз_аристон_дражице_навьен_термекс_бош_эван_дакор.xls,639
ib,unknown supplier 12 05 бакси иммергаз аристон дражице навьен термекс бош эван дакор,"Вст.духовка Гефест 622-02 М51 тауп(серо-коричневый),стекло,конвекция,электро",25761.7116,5.0,"{""Крым"": 5.0}",2026-05-15_13-05-59_unknown_supplier_12_05_бакси_иммергаз_аристон_дражице_навьен_термекс_бош_эван_дакор.xls,640
ib,unknown supplier 12 05 бакси иммергаз аристон дражице навьен термекс бош эван дакор,"Вст.духовка Гефест 622-03 К55S рубиновый,ретро, стекло,конвекция,электро",28765.774800000003,3.0,"{""КРД"": 1.0, ""Крым"": 2.0}",2026-05-15_13-05-59_unknown_supplier_12_05_бакси_иммергаз_аристон_дражице_навьен_термекс_бош_эван_дакор.xls,641
ib,unknown supplier 12 05 бакси иммергаз аристон дражице навьен термекс бош эван дакор,"Вст.духовка Гефест 622-05 БS белый+черный, стекло,сенсорное управление,конвекция,электро",36014.8536,2.0,"{""КРД"": 2.0}",2026-05-15_13-05-59_unknown_supplier_12_05_бакси_иммергаз_аристон_дражице_навьен_термекс_бош_эван_дакор.xls,642
ib,unknown supplier 12 05 бакси иммергаз аристон дражице навьен термекс бош эван дакор,"Вст.духовка Гефест 602 К2 чёрный, эмаль ,конвекция,электро",13169.0568,6.0,"{""КРД"": 3.0, ""Крым"": 3.0}",2026-05-15_13-05-59_unknown_supplier_12_05_бакси_иммергаз_аристон_дражице_навьен_термекс_бош_эван_дакор.xls,643
ib,unknown supplier 12 05 бакси иммергаз аристон дражице навьен термекс бош эван дакор,"Вст.духовка Гефест 622-04 БS белый,стекло, сенсорное управление,конвекция,электро",34482.3138,11.0,"{""КРД"": 3.0, ""Крым"": 8.0}",2026-05-15_13-05-59_unknown_supplier_12_05_бакси_иммергаз_аристон_дражице_навьен_термекс_бош_эван_дакор.xls,644
ib,unknown supplier 12 05 бакси иммергаз аристон дражице навьен термекс бош эван дакор,"Вст.духовка Гефест 622-04 4S белый,стекло,сенсорное управление,конвекция,электро",30318.6636,3.0,"{""КРД"": 1.0, ""Крым"": 2.0}",2026-05-15_13-05-59_unknown_supplier_12_05_бакси_иммергаз_аристон_дражице_навьен_термекс_бош_эван_дакор.xls,645
ib,unknown supplier 12 05 бакси иммергаз аристон дражице навьен термекс бош эван дакор,"Вст.духовка Гефест 601-01 К64 кремовый,эмаль,ретро,газоэлектро",21028.4424,4.0,"{""КРД"": 1.0, ""Крым"": 3.0}",2026-05-15_13-05-59_unknown_supplier_12_05_бакси_иммергаз_аристон_дражице_навьен_термекс_бош_эван_дакор.xls,646
ib,unknown supplier 12 05 бакси иммергаз аристон дражице навьен термекс бош эван дакор,"Вст.духовка Гефест 612-04 Б белый, стекло, электро,конвекция",35506.2714,1.0,"{""КРД"": 1.0}",2026-05-15_13-05-59_unknown_supplier_12_05_бакси_иммергаз_аристон_дражице_навьен_термекс_бош_эван_дакор.xls,647
ib,unknown supplier 12 05 бакси иммергаз аристон дражице навьен термекс бош эван дакор,"Вст.духовка Гефест 602 К12 белый,эмаль,конвекция, электро",13026.6444,2.0,"{""КРД"": 1.0, ""Крым"": 1.0}",2026-05-15_13-05-59_unknown_supplier_12_05_бакси_иммергаз_аристон_дражице_навьен_термекс_бош_эван_дакор.xls,648
ib,unknown supplier 12 05 бакси иммергаз аристон дражице навьен термекс бош эван дакор,"Вст.духовка Гефест 622 К2 черный,стекло,конвекция,электро",16518.9612,3.0,"{""КРД"": 1.0, ""Крым"": 2.0}",2026-05-15_13-05-59_unknown_supplier_12_05_бакси_иммергаз_аристон_дражице_навьен_термекс_бош_эван_дакор.xls,649
ib,unknown supplier 12 05 бакси иммергаз аристон дражице навьен термекс бош эван дакор,"Вст.духовка Гефест 622 К12 белый,стекло,конвекция,электро",16518.9612,2.0,"{""КРД"": 1.0, ""Крым"": 1.0}",2026-05-15_13-05-59_unknown_supplier_12_05_бакси_иммергаз_аристон_дражице_навьен_термекс_бош_эван_дакор.xls,650
ib,unknown supplier 12 05 бакси иммергаз аристон дражице навьен термекс бош эван дакор,"Вст.духовка Гефест 622-03 РА черный,стекло,конвекция,электро",29199.7644,14.0,"{""КРД"": 10.0, ""Крым"": 4.0}",2026-05-15_13-05-59_unknown_supplier_12_05_бакси_иммергаз_аристон_дражице_навьен_термекс_бош_эван_дакор.xls,651
ib,unknown supplier 12 05 бакси иммергаз аристон дражице навьен термекс бош эван дакор,"Вст.духовка Гефест 622-03 РБ1 белый,стекло, конвекция,электро",30006.7374,4.0,"{""Крым"": 4.0}",2026-05-15_13-05-59_unknown_supplier_12_05_бакси_иммергаз_аристон_дражице_навьен_термекс_бош_эван_дакор.xls,652
ib,unknown supplier 12 05 бакси иммергаз аристон дражице навьен термекс бош эван дакор,"Вст.духовка Гефест 622-04 А4S черный, стекло,сенсорное управление,конвекция ,конвекция,электро",30318.6636,5.0,"{""КРД"": 1.0, ""Крым"": 4.0}",2026-05-15_13-05-59_unknown_supplier_12_05_бакси_иммергаз_аристон_дражице_навьен_термекс_бош_эван_дакор.xls,653
ib,unknown supplier 12 05 бакси иммергаз аристон дражице навьен термекс бош эван дакор,"Вст.духовка Гефест 622-04 К57S серый,стекло,сенсорное управление, конвекция,электро",34584.018000000004,9.0,"{""КРД"": 2.0, ""Крым"": 7.0}",2026-05-15_13-05-59_unknown_supplier_12_05_бакси_иммергаз_аристон_дражице_навьен_термекс_бош_эван_дакор.xls,654
ib,unknown supplier 12 05 бакси иммергаз аристон дражице навьен термекс бош эван дакор,"Вст.духовка Гефест 622-04 В1S кремовый,стекло,сенсорное управление,конвекция,электро",34821.371999999996,5.0,"{""КРД"": 3.0, ""Крым"": 2.0}",2026-05-15_13-05-59_unknown_supplier_12_05_бакси_иммергаз_аристон_дражице_навьен_термекс_бош_эван_дакор.xls,655
ib,unknown supplier 12 05 бакси иммергаз аристон дражице навьен термекс бош эван дакор,"Вст.духовка Гефест 622-04 А5S черный, стекло, электро,конвекция",33803.10600000001,4.0,"{""Крым"": 4.0}",2026-05-15_13-05-59_unknown_supplier_12_05_бакси_иммергаз_аристон_дражице_навьен_термекс_бош_эван_дакор.xls,656
ib,unknown supplier 12 05 бакси иммергаз аристон дражице навьен термекс бош эван дакор,ЭВАН NEXT 14 кВт 380,17734.82,1.0,"{""КРД"": 1.0}",2026-05-15_13-05-59_unknown_supplier_12_05_бакси_иммергаз_аристон_дражице_навьен_термекс_бош_эван_дакор.xls,660
ib,unknown supplier 12 05 бакси иммергаз аристон дражице навьен термекс бош эван дакор,ЭВАН NEXT 18 кВт,30051.95,1.0,"{""КРД"": 1.0}",2026-05-15_13-05-59_unknown_supplier_12_05_бакси_иммергаз_аристон_дражице_навьен_термекс_бош_эван_дакор.xls,661
ib,unknown supplier 12 05 бакси иммергаз аристон дражице навьен термекс бош эван дакор,ЭВАН NEXT 21 кВт,31703.49,1.0,"{""КРД"": 1.0}",2026-05-15_13-05-59_unknown_supplier_12_05_бакси_иммергаз_аристон_дражице_навьен_термекс_бош_эван_дакор.xls,662
ib,unknown supplier 12 05 бакси иммергаз аристон дражице навьен термекс бош эван дакор,ЭВАН NEXT 3 кВт,10356.89,2.0,"{""КРД"": 2.0}",2026-05-15_13-05-59_unknown_supplier_12_05_бакси_иммергаз_аристон_дражице_навьен_термекс_бош_эван_дакор.xls,663
ib,unknown supplier 12 05 бакси иммергаз аристон дражице навьен термекс бош эван дакор,ЭВАН NEXT 5 кВт,11692.01,2.0,"{""КРД"": 2.0}",2026-05-15_13-05-59_unknown_supplier_12_05_бакси_иммергаз_аристон_дражице_навьен_термекс_бош_эван_дакор.xls,664
ib,unknown supplier 12 05 бакси иммергаз аристон дражице навьен термекс бош эван дакор,ЭВАН NEXT 7 кВт,12795.62,1.0,"{""КРД"": 1.0}",2026-05-15_13-05-59_unknown_supplier_12_05_бакси_иммергаз_аристон_дражице_навьен_термекс_бош_эван_дакор.xls,665
ib,unknown supplier 12 05 бакси иммергаз аристон дражице навьен термекс бош эван дакор,ЭВАН Вармос 18 кВт (без насоса) 380 В электрокотел,19049.86,1.0,"{""КРД"": 1.0}",2026-05-15_13-05-59_unknown_supplier_12_05_бакси_иммергаз_аристон_дражице_навьен_термекс_бош_эван_дакор.xls,667
ib,unknown supplier 12 05 бакси иммергаз аристон дражице навьен термекс бош эван дакор,"ЭВАН Вармос Комфорт - 11,5",44491.9,2.0,"{""КРД"": 2.0}",2026-05-15_13-05-59_unknown_supplier_12_05_бакси_иммергаз_аристон_дражице_навьен_термекс_бош_эван_дакор.xls,669
ib,unknown supplier 12 05 бакси иммергаз аристон дражице навьен термекс бош эван дакор,ЭВАН Вармос Комфорт - 21,52701.26,5.0,"{""КРД"": 1.0, ""Крым"": 4.0}",2026-05-15_13-05-59_unknown_supplier_12_05_бакси_иммергаз_аристон_дражице_навьен_термекс_бош_эван_дакор.xls,670
ib,unknown supplier 12 05 бакси иммергаз аристон дражице навьен термекс бош эван дакор,ЭВАН Вармос Комфорт - 24,53414.93,1.0,"{""КРД"": 1.0}",2026-05-15_13-05-59_unknown_supplier_12_05_бакси_иммергаз_аристон_дражице_навьен_термекс_бош_эван_дакор.xls,671
ib,unknown supplier 12 05 бакси иммергаз аристон дражице навьен термекс бош эван дакор,ЭВАН Вармос Комфорт - 27,54608.67,1.0,"{""КРД"": 1.0}",2026-05-15_13-05-59_unknown_supplier_12_05_бакси_иммергаз_аристон_дражице_навьен_термекс_бош_эван_дакор.xls,672
ib,unknown supplier 12 05 бакси иммергаз аристон дражице навьен термекс бош эван дакор,ЭВАН Вармос Комфорт - 5,36996.76,2.0,"{""Крым"": 2.0}",2026-05-15_13-05-59_unknown_supplier_12_05_бакси_иммергаз_аристон_дражице_навьен_термекс_бош_эван_дакор.xls,673
ib,unknown supplier 12 05 бакси иммергаз аристон дражице навьен термекс бош эван дакор,Котел электрический EVAN START - 5,8319.47,5.0,"{""КРД"": 1.0, ""Крым"": 4.0}",2026-05-15_13-05-59_unknown_supplier_12_05_бакси_иммергаз_аристон_дражице_навьен_термекс_бош_эван_дакор.xls,675
ib,unknown supplier 12 05 бакси иммергаз аристон дражице навьен термекс бош эван дакор,Котел электрический EVAN START - 7,9183.83,2.0,"{""КРД"": 2.0}",2026-05-15_13-05-59_unknown_supplier_12_05_бакси_иммергаз_аристон_дражице_навьен_термекс_бош_эван_дакор.xls,676
ib,unknown supplier 12 05 бакси иммергаз аристон дражице навьен термекс бош эван дакор,Котел электрический EVAN START - 9,10048.19,1.0,"{""Крым"": 1.0}",2026-05-15_13-05-59_unknown_supplier_12_05_бакси_иммергаз_аристон_дражице_навьен_термекс_бош_эван_дакор.xls,677
ib,unknown supplier 12 05 бакси иммергаз аристон дражице навьен термекс бош эван дакор,ЭВАН PRACTIC- 12,46326.17,2.0,"{""КРД"": 1.0, ""Крым"": 1.0}",2026-05-15_13-05-59_unknown_supplier_12_05_бакси_иммергаз_аристон_дражице_навьен_термекс_бош_эван_дакор.xls,679
ib,unknown supplier 12 05 бакси иммергаз аристон дражице навьен термекс бош эван дакор,ЭВАН PRACTIC- 14,49961.77,1.0,"{""Крым"": 1.0}",2026-05-15_13-05-59_unknown_supplier_12_05_бакси_иммергаз_аристон_дражице_навьен_термекс_бош_эван_дакор.xls,680
ib,unknown supplier 12 05 бакси иммергаз аристон дражице навьен термекс бош эван дакор,ЭВАН PRACTIC- 18,57868.02,2.0,"{""Крым"": 2.0}",2026-05-15_13-05-59_unknown_supplier_12_05_бакси_иммергаз_аристон_дражице_навьен_термекс_бош_эван_дакор.xls,681
ib,unknown supplier 12 05 бакси иммергаз аристон дражице навьен термекс бош эван дакор,ЭВАН PRACTIC- 24,64083.47,1.0,"{""КРД"": 1.0}",2026-05-15_13-05-59_unknown_supplier_12_05_бакси_иммергаз_аристон_дражице_навьен_термекс_бош_эван_дакор.xls,682
ib,unknown supplier 12 05 бакси иммергаз аристон дражице навьен термекс бош эван дакор,ЭВАН PRACTIC- 6,39308.98,2.0,"{""КРД"": 1.0, ""Крым"": 1.0}",2026-05-15_13-05-59_unknown_supplier_12_05_бакси_иммергаз_аристон_дражице_навьен_термекс_бош_эван_дакор.xls,683
ib,unknown supplier 12 05 бакси иммергаз аристон дражице навьен термекс бош эван дакор,ЭВАН PRACTIC- 7,41325.23,1.0,"{""КРД"": 1.0}",2026-05-15_13-05-59_unknown_supplier_12_05_бакси_иммергаз_аристон_дражице_навьен_термекс_бош_эван_дакор.xls,684
ib,unknown supplier 12 05 бакси иммергаз аристон дражице навьен термекс бош эван дакор,ЭВАН PRACTIC- 9,42698.5,1.0,"{""КРД"": 1.0}",2026-05-15_13-05-59_unknown_supplier_12_05_бакси_иммергаз_аристон_дражице_навьен_термекс_бош_эван_дакор.xls,685
ib,unknown supplier 12 05 бакси иммергаз аристон дражице навьен термекс бош эван дакор,ЭВАН PRACTIC- 12P (с насосом),45368.05,1.0,"{""Крым"": 1.0}",2026-05-15_13-05-59_unknown_supplier_12_05_бакси_иммергаз_аристон_дражице_навьен_термекс_бош_эван_дакор.xls,686
ib,unknown supplier 12 05 бакси иммергаз аристон дражице навьен термекс бош эван дакор,ЭВАН ЭВАН-С1 5 кВт (без насоса) 220 В электрокотел,8335.4,1.0,"{""Крым"": 1.0}",2026-05-15_13-05-59_unknown_supplier_12_05_бакси_иммергаз_аристон_дражице_навьен_термекс_бош_эван_дакор.xls,688
ib,unknown supplier 12 05 бакси иммергаз аристон дражице навьен термекс бош эван дакор,ЭВАН ЭВАН-С1 6 кВт (без насоса) 220 В электрокотел,9612.6,1.0,"{""КРД"": 1.0}",2026-05-15_13-05-59_unknown_supplier_12_05_бакси_иммергаз_аристон_дражице_навьен_термекс_бош_эван_дакор.xls,689
ib,unknown supplier 12 05 бакси иммергаз аристон дражице навьен термекс бош эван дакор,ЭВАН ЭВАН-С1 9 кВт (без насоса) 220 В электрокотел,12093.06,1.0,"{""Крым"": 1.0}",2026-05-15_13-05-59_unknown_supplier_12_05_бакси_иммергаз_аристон_дражице_навьен_термекс_бош_эван_дакор.xls,690
ib,unknown supplier 12 05 бакси иммергаз аристон дражице навьен термекс бош эван дакор,ЭВАН ЭВАН-С1 9 кВт (без насоса) 380 В электрокотел,12093.06,1.0,"{""Крым"": 1.0}",2026-05-15_13-05-59_unknown_supplier_12_05_бакси_иммергаз_аристон_дражице_навьен_термекс_бош_эван_дакор.xls,691
ib,unknown supplier 12 05 бакси иммергаз аристон дражице навьен термекс бош эван дакор,ЭВАН Эксперт 27 кВт (насос+расширительный бак) NEW,76022.47,6.0,"{""Крым"": 6.0}",2026-05-15_13-05-59_unknown_supplier_12_05_бакси_иммергаз_аристон_дражице_навьен_термекс_бош_эван_дакор.xls,693
ib,unknown supplier 12 05 бакси иммергаз аристон дражице навьен термекс бош эван дакор,ЭВАН EXPERT plus NEW 9,67164.3,2.0,"{""Крым"": 2.0}",2026-05-15_13-05-59_unknown_supplier_12_05_бакси_иммергаз_аристон_дражице_навьен_термекс_бош_эван_дакор.xls,694
ib,unknown supplier 12 05 бакси иммергаз аристон дражице навьен термекс бош эван дакор,ЭВАН EXPERT plus NEW 12,68337.36,1.0,"{""КРД"": 1.0}",2026-05-15_13-05-59_unknown_supplier_12_05_бакси_иммергаз_аристон_дражице_навьен_термекс_бош_эван_дакор.xls,695
ib,unknown supplier 12 05 бакси иммергаз аристон дражице навьен термекс бош эван дакор,ЭВАН EXPERT plus NEW 3,61343.1,1.0,"{""Крым"": 1.0}",2026-05-15_13-05-59_unknown_supplier_12_05_бакси_иммергаз_аристон_дражице_навьен_термекс_бош_эван_дакор.xls,696
ib,unknown supplier 12 05 бакси иммергаз аристон дражице навьен термекс бош эван дакор,ЭВАН EXPERT plus NEW 5,62419.14,1.0,"{""Крым"": 1.0}",2026-05-15_13-05-59_unknown_supplier_12_05_бакси_иммергаз_аристон_дражице_навьен_термекс_бош_эван_дакор.xls,697
ib,unknown supplier 12 05 бакси иммергаз аристон дражице навьен термекс бош эван дакор,"ЭВАН ЭПО 12 кВт, 380 В электрокотел (без насоса)",31942.73,1.0,"{""Крым"": 1.0}",2026-05-15_13-05-59_unknown_supplier_12_05_бакси_иммергаз_аристон_дражице_навьен_термекс_бош_эван_дакор.xls,699
ib,unknown supplier 12 05 бакси иммергаз аристон дражице навьен термекс бош эван дакор,"ЭВАН ЭПО 15 кВт, 380 В электрокотел (без насоса)",36573.23,3.0,"{""Крым"": 3.0}",2026-05-15_13-05-59_unknown_supplier_12_05_бакси_иммергаз_аристон_дражице_навьен_термекс_бош_эван_дакор.xls,700
ib,unknown supplier 12 05 бакси иммергаз аристон дражице навьен термекс бош эван дакор,"ЭВАН ЭПО 18 кВт, 380 В электрокотел (без насоса)",40416.55,1.0,"{""КРД"": 1.0}",2026-05-15_13-05-59_unknown_supplier_12_05_бакси_иммергаз_аристон_дражице_навьен_термекс_бош_эван_дакор.xls,701
ib,unknown supplier 12 05 бакси иммергаз аристон дражице навьен термекс бош эван дакор,"ЭВАН ЭПО 24 кВт, 380 В электрокотел (без насоса)",48813.19,3.0,"{""КРД"": 3.0}",2026-05-15_13-05-59_unknown_supplier_12_05_бакси_иммергаз_аристон_дражице_навьен_термекс_бош_эван_дакор.xls,702
ib,unknown supplier 12 05 бакси иммергаз аристон дражице навьен термекс бош эван дакор,"ЭВАН ЭПО 4 кВт, 220 В электрокотел (без насоса)",17657.64,4.0,"{""Крым"": 4.0}",2026-05-15_13-05-59_unknown_supplier_12_05_бакси_иммергаз_аристон_дражице_навьен_термекс_бош_эван_дакор.xls,703
ib,unknown supplier 12 05 бакси иммергаз аристон дражице навьен термекс бош эван дакор,"ЭВАН ЭПО 6 кВт, 220 В электрокотел (без насоса)",21500.96,3.0,"{""КРД"": 2.0, ""Крым"": 1.0}",2026-05-15_13-05-59_unknown_supplier_12_05_бакси_иммергаз_аристон_дражице_навьен_термекс_бош_эван_дакор.xls,704
ib,unknown supplier 12 05 бакси иммергаз аристон дражице навьен термекс бош эван дакор,"ЭВАН ЭПО 7,5 кВт, 220 В электрокотел (без насоса)",27705.83,7.0,"{""КРД"": 1.0, ""Крым"": 6.0}",2026-05-15_13-05-59_unknown_supplier_12_05_бакси_иммергаз_аристон_дражице_навьен_термекс_бош_эван_дакор.xls,705
ib,unknown supplier 12 05 бакси иммергаз аристон дражице навьен термекс бош эван дакор,"ЭВАН ЭПО 7,5 кВт, 380 В электрокотел (без насоса)",27705.83,5.0,"{""Крым"": 5.0}",2026-05-15_13-05-59_unknown_supplier_12_05_бакси_иммергаз_аристон_дражице_навьен_термекс_бош_эван_дакор.xls,706
ib,unknown supplier 12 05 бакси иммергаз аристон дражице навьен термекс бош эван дакор,"ЭВАН ЭПО 9,45 кВт, 220 В электрокотел (без насоса)",30136.84,3.0,"{""Крым"": 3.0}",2026-05-15_13-05-59_unknown_supplier_12_05_бакси_иммергаз_аристон_дражице_навьен_термекс_бош_эван_дакор.xls,707
ib,unknown supplier 12 05 бакси иммергаз аристон дражице навьен термекс бош эван дакор,"ЭВАН ЭПО 9,45 кВт, 380 В электрокотел (без насоса)",30136.84,5.0,"{""КРД"": 2.0, ""Крым"": 3.0}",2026-05-15_13-05-59_unknown_supplier_12_05_бакси_иммергаз_аристон_дражице_навьен_термекс_бош_эван_дакор.xls,708
ib,unknown supplier 12 05 бакси иммергаз аристон дражице навьен термекс бош эван дакор,ЭВАН Вармос Стандарт - 5,25695.23,1.0,"{""КРД"": 1.0}",2026-05-15_13-05-59_unknown_supplier_12_05_бакси_иммергаз_аристон_дражице_навьен_термекс_бош_эван_дакор.xls,710
ib,unknown supplier 12 05 бакси иммергаз аристон дражице навьен термекс бош эван дакор,ЭВАН Вармос Стандарт - 24,41525.77,2.0,"{""Крым"": 2.0}",2026-05-15_13-05-59_unknown_supplier_12_05_бакси_иммергаз_аристон_дражице_навьен_термекс_бош_эван_дакор.xls,711
ib,unknown supplier 12 05 бакси иммергаз аристон дражице навьен термекс бош эван дакор,ЭВАН FORWARD - 9,49477.55,1.0,"{""КРД"": 1.0}",2026-05-15_13-05-59_unknown_supplier_12_05_бакси_иммергаз_аристон_дражице_навьен_термекс_бош_эван_дакор.xls,713
ib,unknown supplier 12 05 бакси иммергаз аристон дражице навьен термекс бош эван дакор,ЭВАН Вармос Классик - 3,33786.96,3.0,"{""Крым"": 3.0}",2026-05-15_13-05-59_unknown_supplier_12_05_бакси_иммергаз_аристон_дражице_навьен_термекс_бош_эван_дакор.xls,715
ib,unknown supplier 12 05 бакси иммергаз аристон дражице навьен термекс бош эван дакор,ЭВАН Вармос Классик - 5,34501.18,11.0,"{""Крым"": 11.0}",2026-05-15_13-05-59_unknown_supplier_12_05_бакси_иммергаз_аристон_дражице_навьен_термекс_бош_эван_дакор.xls,716
ib,unknown supplier 12 05 бакси иммергаз аристон дражице навьен термекс бош эван дакор,ЭВАН Вармос Классик - 8,34980.13,2.0,"{""КРД"": 2.0}",2026-05-15_13-05-59_unknown_supplier_12_05_бакси_иммергаз_аристон_дражице_навьен_термекс_бош_эван_дакор.xls,717
ib,unknown supplier 12 05 бакси иммергаз аристон дражице навьен термекс бош эван дакор,"Электрокотёл Arderia E16, v3 управление бойлера ГВС",30418.6716,3.0,"{""КРД"": 3.0}",2026-05-15_13-05-59_unknown_supplier_12_05_бакси_иммергаз_аристон_дражице_навьен_термекс_бош_эван_дакор.xls,719
ib,unknown supplier 12 05 бакси иммергаз аристон дражице навьен термекс бош эван дакор,"Электрокотёл Arderia E24, v3 управление бойлера ГВС",33513.9564,1.0,"{""КРД"": 1.0}",2026-05-15_13-05-59_unknown_supplier_12_05_бакси_иммергаз_аристон_дражице_навьен_термекс_бош_эван_дакор.xls,720
ib,unknown supplier 12 05 бакси иммергаз аристон дражице навьен термекс бош эван дакор,"Электрокотёл Arderia E9, v3 управление бойлера ГВС",26570.1402,3.0,"{""Крым"": 3.0}",2026-05-15_13-05-59_unknown_supplier_12_05_бакси_иммергаз_аристон_дражице_навьен_термекс_бош_эван_дакор.xls,721
ib,unknown supplier 12 05 бакси иммергаз аристон дражице навьен термекс бош эван дакор,"Клапан трехходовой ARDERIA 3/4” с электроприводом, комплект (New)",4887.5,5.0,"{""КРД"": 4.0, ""Крым"": 1.0}",2026-05-15_13-05-59_unknown_supplier_12_05_бакси_иммергаз_аристон_дражице_навьен_термекс_бош_эван_дакор.xls,722
ib,unknown supplier 12 05 бакси иммергаз аристон дражице навьен термекс бош эван дакор,Панель передняя электрокотлов Arderia (c 01.2024),2213.82,,{},2026-05-15_13-05-59_unknown_supplier_12_05_бакси_иммергаз_аристон_дражице_навьен_термекс_бош_эван_дакор.xls,723
ib,unknown supplier 12 05 бакси иммергаз аристон дражице навьен термекс бош эван дакор,Комплект Трёхходового клапана для котла Midea MEB 5-12 VOLTA,4902.45,23.0,"{""КРД"": 11.0, ""Крым"": 12.0}",2026-05-15_13-05-59_unknown_supplier_12_05_бакси_иммергаз_аристон_дражице_навьен_термекс_бош_эван_дакор.xls,725
ib,unknown supplier 12 05 бакси иммергаз аристон дражице навьен термекс бош эван дакор,Блок уплавления Baxi Ampera,14782.95,1.0,"{""КРД"": 1.0}",2026-05-15_13-05-59_unknown_supplier_12_05_бакси_иммергаз_аристон_дражице_навьен_термекс_бош_эван_дакор.xls,728
ib,unknown supplier 12 05 бакси иммергаз аристон дражице навьен термекс бош эван дакор,Электрический настенный котел AMPERA Plus 6,52911.352000000006,1.0,"{""КРД"": 1.0}",2026-05-15_13-05-59_unknown_supplier_12_05_бакси_иммергаз_аристон_дражице_навьен_термекс_бош_эван_дакор.xls,730
ib,unknown supplier 12 05 бакси иммергаз аристон дражице навьен термекс бош эван дакор,Электрический настенный котел AMPERA Plus 9,56266.6,1.0,"{""КРД"": 1.0}",2026-05-15_13-05-59_unknown_supplier_12_05_бакси_иммергаз_аристон_дражице_навьен_термекс_бош_эван_дакор.xls,731
ib,unknown supplier 12 05 бакси иммергаз аристон дражице навьен термекс бош эван дакор,Электрический настенный котел AMPERA Plus 24,64718.94,2.0,"{""КРД"": 2.0}",2026-05-15_13-05-59_unknown_supplier_12_05_бакси_иммергаз_аристон_дражице_навьен_термекс_бош_эван_дакор.xls,732
ib,unknown supplier 12 05 бакси иммергаз аристон дражице навьен термекс бош эван дакор,Бош Condens 2500 W WBC 28-1 C,111687.45,1.0,"{""КРД"": 1.0}",2026-05-15_13-05-59_unknown_supplier_12_05_бакси_иммергаз_аристон_дражице_навьен_термекс_бош_эван_дакор.xls,736
ib,unknown supplier 12 05 бакси иммергаз аристон дражице навьен термекс бош эван дакор,"Бош Gaz 6000 WBN 18 C RN турбо, без трубы R",57997.99,8.0,"{""КРД"": 4.0, ""Крым"": 4.0}",2026-05-15_13-05-59_unknown_supplier_12_05_бакси_иммергаз_аристон_дражице_навьен_термекс_бош_эван_дакор.xls,737
ib,unknown supplier 12 05 бакси иммергаз аристон дражице навьен термекс бош эван дакор,"Бош Gaz WBN2000- 12/18C RN S5700 турбо, без трубы АКЦИЯ",49450.0,23.0,"{""КРД"": 5.0, ""Крым"": 18.0}",2026-05-15_13-05-59_unknown_supplier_12_05_бакси_иммергаз_аристон_дражице_навьен_термекс_бош_эван_дакор.xls,738
ib,unknown supplier 12 05 бакси иммергаз аристон дражице навьен термекс бош эван дакор,Бош ДАТЧИК ТЕМПЕРАТУРЫ NTC RD6.0,4230.45,1.0,"{""КРД"": 1.0}",2026-05-15_13-05-59_unknown_supplier_12_05_бакси_иммергаз_аристон_дражице_навьен_термекс_бош_эван_дакор.xls,740
ib,unknown supplier 12 05 бакси иммергаз аристон дражице навьен термекс бош эван дакор,Бош коаксиальная труба AZ 389,5254.2,8.0,"{""КРД"": 4.0, ""Крым"": 4.0}",2026-05-15_13-05-59_unknown_supplier_12_05_бакси_иммергаз_аристон_дражице_навьен_термекс_бош_эван_дакор.xls,741
ib,unknown supplier 12 05 бакси иммергаз аристон дражице навьен термекс бош эван дакор,Бош переход на газ 3В/P для Bosch WBN6000-28C/H (5700):Buderus UO72-28/28K,2646.0,4.0,"{""КРД"": 2.0, ""Крым"": 2.0}",2026-05-15_13-05-59_unknown_supplier_12_05_бакси_иммергаз_аристон_дражице_навьен_термекс_бош_эван_дакор.xls,742
ib,unknown supplier 12 05 бакси иммергаз аристон дражице навьен термекс бош эван дакор,Коаксиальный комплект Бош Gaz 3000-4000-6000 труба+уголок ( Будерус. Навьен),1476.6,4.0,"{""КРД"": 4.0}",2026-05-15_13-05-59_unknown_supplier_12_05_бакси_иммергаз_аристон_дражице_навьен_термекс_бош_эван_дакор.xls,743
ib,unknown supplier 12 05 бакси иммергаз аристон дражице навьен термекс бош эван дакор,Удлинение трубы д80 мм 1 м A.T.I. Италия,957.6,8.0,"{""КРД"": 8.0}",2026-05-15_13-05-59_unknown_supplier_12_05_бакси_иммергаз_аристон_дражице_навьен_термекс_бош_эван_дакор.xls,745
ib,unknown supplier 12 05 бакси иммергаз аристон дражице навьен термекс бош эван дакор,"Удлинение трубы д80 мм 1,5 м",1162.8,97.0,"{""КРД"": 19.0, ""Крым"": 78.0}",2026-05-15_13-05-59_unknown_supplier_12_05_бакси_иммергаз_аристон_дражице_навьен_термекс_бош_эван_дакор.xls,746
ib,unknown supplier 12 05 бакси иммергаз аристон дражице навьен термекс бош эван дакор,Удлинение трубы д80 мм 2 м A.T.I. Италия,1834.8,2.0,"{""КРД"": 2.0}",2026-05-15_13-05-59_unknown_supplier_12_05_бакси_иммергаз_аристон_дражице_навьен_термекс_бош_эван_дакор.xls,747
ib,unknown supplier 12 05 бакси иммергаз аристон дражице навьен термекс бош эван дакор,Удлинение трубы д80 мм 1 м,699.08,37.0,"{""КРД"": 23.0, ""Крым"": 14.0}",2026-05-15_13-05-59_unknown_supplier_12_05_бакси_иммергаз_аристон_дражице_навьен_термекс_бош_эван_дакор.xls,748
ib,unknown supplier 12 05 бакси иммергаз аристон дражице навьен термекс бош эван дакор,"Удлинение трубы д80 мм 0,5 м",420.0,121.0,"{""КРД"": 46.0, ""Крым"": 75.0}",2026-05-15_13-05-59_unknown_supplier_12_05_бакси_иммергаз_аристон_дражице_навьен_термекс_бош_эван_дакор.xls,749
ib,unknown supplier 12 05 бакси иммергаз аристон дражице навьен термекс бош эван дакор,Угол 80мм*90 град (папа/мама),507.54,106.0,"{""КРД"": 37.0, ""Крым"": 69.0}",2026-05-15_13-05-59_unknown_supplier_12_05_бакси_иммергаз_аристон_дражице_навьен_термекс_бош_эван_дакор.xls,750
ib,unknown supplier 12 05 бакси иммергаз аристон дражице навьен термекс бош эван дакор,Угол 80мм*45 град (папа/мама),510.0,32.0,"{""КРД"": 30.0, ""Крым"": 2.0}",2026-05-15_13-05-59_unknown_supplier_12_05_бакси_иммергаз_аристон_дражице_навьен_термекс_бош_эван_дакор.xls,751
ib,unknown supplier 12 05 бакси иммергаз аристон дражице навьен термекс бош эван дакор,Декоративная резинка d 80 мм,120.6,,{},2026-05-15_13-05-59_unknown_supplier_12_05_бакси_иммергаз_аристон_дражице_навьен_термекс_бош_эван_дакор.xls,752
ib,unknown supplier 12 05 бакси иммергаз аристон дражице навьен термекс бош эван дакор,"Удлинение трубы д80 мм 0,25 м",302.4,189.0,"{""КРД"": 29.0, ""Крым"": 160.0}",2026-05-15_13-05-59_unknown_supplier_12_05_бакси_иммергаз_аристон_дражице_навьен_термекс_бош_эван_дакор.xls,753
ib,unknown supplier 12 05 бакси иммергаз аристон дражице навьен термекс бош эван дакор,Хомут для крепления к стене d 80 мм белый,216.0,37.0,"{""КРД"": 37.0}",2026-05-15_13-05-59_unknown_supplier_12_05_бакси_иммергаз_аристон_дражице_навьен_термекс_бош_эван_дакор.xls,754
ib,unknown supplier 12 05 бакси иммергаз аристон дражице навьен термекс бош эван дакор,Удлинение трубы д80 мм 2 м,1601.92,13.0,"{""КРД"": 13.0}",2026-05-15_13-05-59_unknown_supplier_12_05_бакси_иммергаз_аристон_дражице_навьен_термекс_бош_эван_дакор.xls,755
ib,unknown supplier 12 05 бакси иммергаз аристон дражице навьен термекс бош эван дакор,Коакс. адаптер 60/100 на 80/80 Иммергаз,1456.25,6.0,"{""КРД"": 6.0}",2026-05-15_13-05-59_unknown_supplier_12_05_бакси_иммергаз_аристон_дражице_навьен_термекс_бош_эван_дакор.xls,756
ib,unknown supplier 12 05 бакси иммергаз аристон дражице навьен термекс бош эван дакор,"Коакс. адаптер 60/100 на 80/80 Baxi (кроме ECO Nova/Classic), Ariston,Vaillant,Viessmann,Beretta и д",1393.2,,{},2026-05-15_13-05-59_unknown_supplier_12_05_бакси_иммергаз_аристон_дражице_навьен_термекс_бош_эван_дакор.xls,757
ib,unknown supplier 12 05 бакси иммергаз аристон дражице навьен термекс бош эван дакор,Коакс. адаптер 60/100 на 80/80 универсальный (кроме Immergas и Navien Deluxe 75/100 стар.),1594.95,53.0,"{""КРД"": 25.0, ""Крым"": 28.0}",2026-05-15_13-05-59_unknown_supplier_12_05_бакси_иммергаз_аристон_дражице_навьен_термекс_бош_эван_дакор.xls,758
ib,unknown supplier 12 05 бакси иммергаз аристон дражице навьен термекс бош эван дакор,"Коакс адаптер 60/100 на 80/80 Бош,Ферроли,Бакси Eco Nova,Classic и др",1406.4,21.0,"{""КРД"": 13.0, ""Крым"": 8.0}",2026-05-15_13-05-59_unknown_supplier_12_05_бакси_иммергаз_аристон_дражице_навьен_термекс_бош_эван_дакор.xls,759
ib,unknown supplier 12 05 бакси иммергаз аристон дражице навьен термекс бош эван дакор,Решетка воздухозабора аллюминий d 80 мм,225.6,101.0,"{""КРД"": 13.0, ""Крым"": 88.0}",2026-05-15_13-05-59_unknown_supplier_12_05_бакси_иммергаз_аристон_дражице_навьен_термекс_бош_эван_дакор.xls,760
ib,unknown supplier 12 05 бакси иммергаз аристон дражице навьен термекс бош эван дакор,Решетка газоотвода d 80 мм,433.2,3.0,"{""КРД"": 3.0}",2026-05-15_13-05-59_unknown_supplier_12_05_бакси_иммергаз_аристон_дражице_навьен_термекс_бош_эван_дакор.xls,761
ib,unknown supplier 12 05 бакси иммергаз аристон дражице навьен термекс бош эван дакор,Конденсатоотводчик универсальный D 80 KRATS,924.48,1.0,"{""КРД"": 1.0}",2026-05-15_13-05-59_unknown_supplier_12_05_бакси_иммергаз_аристон_дражице_навьен_термекс_бош_эван_дакор.xls,762
ib,unknown supplier 12 05 бакси иммергаз аристон дражице навьен термекс бош эван дакор,Удлинитель конденсационный д.80 L=500,861.35,39.0,"{""КРД"": 13.0, ""Крым"": 26.0}",2026-05-15_13-05-59_unknown_supplier_12_05_бакси_иммергаз_аристон_дражице_навьен_термекс_бош_эван_дакор.xls,763
ib,unknown supplier 12 05 бакси иммергаз аристон дражице навьен термекс бош эван дакор,Удлинитель конденсационный д.80 L=1000,1423.79,20.0,"{""КРД"": 20.0}",2026-05-15_13-05-59_unknown_supplier_12_05_бакси_иммергаз_аристон_дражице_навьен_термекс_бош_эван_дакор.xls,764
ib,unknown supplier 12 05 бакси иммергаз аристон дражице навьен термекс бош эван дакор,Удлинитель конденсационный д.80 L=2000,2832.94,29.0,"{""КРД"": 14.0, ""Крым"": 15.0}",2026-05-15_13-05-59_unknown_supplier_12_05_бакси_иммергаз_аристон_дражице_навьен_термекс_бош_эван_дакор.xls,765
ib,unknown supplier 12 05 бакси иммергаз аристон дражице навьен термекс бош эван дакор,Отвод конденсационный угол 90гр. Ø80,752.89,18.0,"{""КРД"": 9.0, ""Крым"": 9.0}",2026-05-15_13-05-59_unknown_supplier_12_05_бакси_иммергаз_аристон_дражице_навьен_термекс_бош_эван_дакор.xls,766
ib,unknown supplier 12 05 бакси иммергаз аристон дражице навьен термекс бош эван дакор,Отвод конденсационный угол 45гр. Ø80,752.89,32.0,"{""КРД"": 10.0, ""Крым"": 22.0}",2026-05-15_13-05-59_unknown_supplier_12_05_бакси_иммергаз_аристон_дражице_навьен_термекс_бош_эван_дакор.xls,767
ib,unknown supplier 12 05 бакси иммергаз аристон дражице навьен термекс бош эван дакор,"Аристон CLAS ONE 30 RDC ,2-х контурный",97727.0112,1.0,"{""КРД"": 1.0}",2026-05-15_13-05-59_unknown_supplier_12_05_бакси_иммергаз_аристон_дражице_навьен_термекс_бош_эван_дакор.xls,770
ib,unknown supplier 12 05 бакси иммергаз аристон дражице навьен термекс бош эван дакор,"Аристон CLAS ONE 30 RDC ,2-х контурный АКЦИЯ",97727.0112,,{},2026-05-15_13-05-59_unknown_supplier_12_05_бакси_иммергаз_аристон_дражице_навьен_термекс_бош_эван_дакор.xls,771
ib,unknown supplier 12 05 бакси иммергаз аристон дражице навьен термекс бош эван дакор,Аристон ALTEAS ONE NET 24,122566.9536,,{},2026-05-15_13-05-59_unknown_supplier_12_05_бакси_иммергаз_аристон_дражице_навьен_термекс_бош_эван_дакор.xls,772
ib,unknown supplier 12 05 бакси иммергаз аристон дражице навьен термекс бош эван дакор,"Аристон GENUS ONE+ 24 , 2-х контурный",109191.992,,{},2026-05-15_13-05-59_unknown_supplier_12_05_бакси_иммергаз_аристон_дражице_навьен_термекс_бош_эван_дакор.xls,773
ib,unknown supplier 12 05 бакси иммергаз аристон дражице навьен термекс бош эван дакор,Аристон ALTEAS XC 35 FF NG медный теплообменник,111922.4288,2.0,"{""КРД"": 2.0}",2026-05-15_13-05-59_unknown_supplier_12_05_бакси_иммергаз_аристон_дражице_навьен_термекс_бош_эван_дакор.xls,775
ib,unknown supplier 12 05 бакси иммергаз аристон дражице навьен термекс бош эван дакор,Аристон CARES X 24 CF R,57009.9712,1.0,"{""КРД"": 1.0}",2026-05-15_13-05-59_unknown_supplier_12_05_бакси_иммергаз_аристон_дражице_навьен_термекс_бош_эван_дакор.xls,776
ib,unknown supplier 12 05 бакси иммергаз аристон дражице навьен термекс бош эван дакор,Аристон CARES XC 10 FF медный теплообменник,59272.5952,1.0,"{""КРД"": 1.0}",2026-05-15_13-05-59_unknown_supplier_12_05_бакси_иммергаз_аристон_дражице_навьен_термекс_бош_эван_дакор.xls,777
ib,unknown supplier 12 05 бакси иммергаз аристон дражице навьен термекс бош эван дакор,Аристон CARES XC 15 FF медный теплообменник,59740.408,1.0,"{""КРД"": 1.0}",2026-05-15_13-05-59_unknown_supplier_12_05_бакси_иммергаз_аристон_дражице_навьен_термекс_бош_эван_дакор.xls,778
ib,unknown supplier 12 05 бакси иммергаз аристон дражице навьен термекс бош эван дакор,Аристон CARES XC 24 FF медный теплообменник,60676.033599999995,20.0,"{""КРД"": 20.0}",2026-05-15_13-05-59_unknown_supplier_12_05_бакси_иммергаз_аристон_дражице_навьен_термекс_бош_эван_дакор.xls,779
ib,unknown supplier 12 05 бакси иммергаз аристон дражице навьен термекс бош эван дакор,Аристон ARGIS C 10 FF NG,46869.9504,1.0,"{""КРД"": 1.0}",2026-05-15_13-05-59_unknown_supplier_12_05_бакси_иммергаз_аристон_дражице_навьен_термекс_бош_эван_дакор.xls,780
ib,unknown supplier 12 05 бакси иммергаз аристон дражице навьен термекс бош эван дакор,Аристон ARGIS C 15 FF NG,47260.304,3.0,"{""КРД"": 3.0}",2026-05-15_13-05-59_unknown_supplier_12_05_бакси_иммергаз_аристон_дражице_навьен_термекс_бош_эван_дакор.xls,781
ib,unknown supplier 12 05 бакси иммергаз аристон дражице навьен термекс бош эван дакор,Аристон ARGIS C 18 FF NG,47650.657600000006,,{},2026-05-15_13-05-59_unknown_supplier_12_05_бакси_иммергаз_аристон_дражице_навьен_термекс_бош_эван_дакор.xls,782
ib,unknown supplier 12 05 бакси иммергаз аристон дражице навьен термекс бош эван дакор,Аристон ARGIS C 24 FF NG,48039.992000000006,6.0,"{""КРД"": 6.0}",2026-05-15_13-05-59_unknown_supplier_12_05_бакси_иммергаз_аристон_дражице_навьен_термекс_бош_эван_дакор.xls,783
ib,unknown supplier 12 05 бакси иммергаз аристон дражице навьен термекс бош эван дакор,Аристон адаптер на разд.дымоходы с 60/100 на 80 арт.3318367,2940.0,,{},2026-05-15_13-05-59_unknown_supplier_12_05_бакси_иммергаз_аристон_дражице_навьен_термекс_бош_эван_дакор.xls,785
ib,unknown supplier 12 05 бакси иммергаз аристон дражице навьен термекс бош эван дакор,Аристон Пульт управления Sensys,11107.32,,{},2026-05-15_13-05-59_unknown_supplier_12_05_бакси_иммергаз_аристон_дражице_навьен_термекс_бош_эван_дакор.xls,786
ib,unknown supplier 12 05 бакси иммергаз аристон дражице навьен термекс бош эван дакор,Удлинение d110/150-1000 мм,13077.12,,{},2026-05-15_13-05-59_unknown_supplier_12_05_бакси_иммергаз_аристон_дражице_навьен_термекс_бош_эван_дакор.xls,787
ib,unknown supplier 12 05 бакси иммергаз аристон дражице навьен термекс бош эван дакор,Удлинение M/F d60/100-1000мм,3157.56,,{},2026-05-15_13-05-59_unknown_supplier_12_05_бакси_иммергаз_аристон_дражице_навьен_термекс_бош_эван_дакор.xls,788
ib,unknown supplier 12 05 бакси иммергаз аристон дражице навьен термекс бош эван дакор,Термостат-программатор Gal Evo,7312.76,3.0,"{""КРД"": 3.0}",2026-05-15_13-05-59_unknown_supplier_12_05_бакси_иммергаз_аристон_дражице_навьен_термекс_бош_эван_дакор.xls,789
ib,unknown supplier 12 05 бакси иммергаз аристон дражице навьен термекс бош эван дакор,"Коаксиальный комплект на Аристон, Вайлант (труба+угол)",1638.75,1.0,"{""КРД"": 1.0}",2026-05-15_13-05-59_unknown_supplier_12_05_бакси_иммергаз_аристон_дражице_навьен_термекс_бош_эван_дакор.xls,791
ib,unknown supplier 12 05 бакси иммергаз аристон дражице навьен термекс бош эван дакор,"Луна 3 240 Fi турбо,без трубы R",95887.376,1.0,"{""Крым"": 1.0}",2026-05-15_13-05-59_unknown_supplier_12_05_бакси_иммергаз_аристон_дражице_навьен_термекс_бош_эван_дакор.xls,794
ib,unknown supplier 12 05 бакси иммергаз аристон дражице навьен термекс бош эван дакор,"Луна 3 Комфорт 310 Fi турбо,без трубы R",110452.472,1.0,"{""КРД"": 1.0}",2026-05-15_13-05-59_unknown_supplier_12_05_бакси_иммергаз_аристон_дражице_навьен_термекс_бош_эван_дакор.xls,795
ib,unknown supplier 12 05 бакси иммергаз аристон дражице навьен термекс бош эван дакор,"Эко 4S 18 Fi турбо, 2 тепл-ка, без трубы",64271.376,7.0,"{""КРД"": 7.0}",2026-05-15_13-05-59_unknown_supplier_12_05_бакси_иммергаз_аристон_дражице_навьен_термекс_бош_эван_дакор.xls,796
ib,unknown supplier 12 05 бакси иммергаз аристон дражице навьен термекс бош эван дакор,"Эко 4S 24 Fi турбо, 2 тепл-ка, без трубы",66525.992,8.0,"{""КРД"": 4.0, ""Крым"": 4.0}",2026-05-15_13-05-59_unknown_supplier_12_05_бакси_иммергаз_аристон_дражице_навьен_термекс_бош_эван_дакор.xls,797
ib,unknown supplier 12 05 бакси иммергаз аристон дражице навьен термекс бош эван дакор,"Эко 4S 24 i дым, 2 тепл-ка",61959.456000000006,1.0,"{""КРД"": 1.0}",2026-05-15_13-05-59_unknown_supplier_12_05_бакси_иммергаз_аристон_дражице_навьен_термекс_бош_эван_дакор.xls,798
ib,unknown supplier 12 05 бакси иммергаз аристон дражице навьен термекс бош эван дакор,"Эко FOUR Бакси 1.140 Fi турбо,без трубы R",67045.68000000001,1.0,"{""КРД"": 1.0}",2026-05-15_13-05-59_unknown_supplier_12_05_бакси_иммергаз_аристон_дражице_навьен_термекс_бош_эван_дакор.xls,799
ib,unknown supplier 12 05 бакси иммергаз аристон дражице навьен термекс бош эван дакор,Эко FOUR Бакси 1.140 i дымоход R,56295.25200000001,2.0,"{""Крым"": 2.0}",2026-05-15_13-05-59_unknown_supplier_12_05_бакси_иммергаз_аристон_дражице_навьен_термекс_бош_эван_дакор.xls,800
ib,unknown supplier 12 05 бакси иммергаз аристон дражице навьен термекс бош эван дакор,"Бакси ECO LIFE 24F турбо, двухконтурный , без трубы",56642.04,6.0,"{""КРД"": 6.0}",2026-05-15_13-05-59_unknown_supplier_12_05_бакси_иммергаз_аристон_дражице_навьен_термекс_бош_эван_дакор.xls,801
ib,unknown supplier 12 05 бакси иммергаз аристон дражице навьен термекс бош эван дакор,"Бакси ECO LIFE 31F турбо, двухконтурный , без трубы",77796.108,1.0,"{""КРД"": 1.0}",2026-05-15_13-05-59_unknown_supplier_12_05_бакси_иммергаз_аристон_дражице_навьен_термекс_бош_эван_дакор.xls,802
ib,unknown supplier 12 05 бакси иммергаз аристон дражице навьен термекс бош эван дакор,Эко NOVA 10 F 2 тепл-ка. турбо без трубы NEW,52249.39200000001,4.0,"{""КРД"": 4.0}",2026-05-15_13-05-59_unknown_supplier_12_05_бакси_иммергаз_аристон_дражице_навьен_термекс_бош_эван_дакор.xls,803
ib,unknown supplier 12 05 бакси иммергаз аристон дражице навьен термекс бош эван дакор,Эко NOVA 18 F 2 тепл-ка. турбо без трубы NEW,53289.756,2.0,"{""КРД"": 2.0}",2026-05-15_13-05-59_unknown_supplier_12_05_бакси_иммергаз_аристон_дражице_навьен_термекс_бош_эван_дакор.xls,804
ib,unknown supplier 12 05 бакси иммергаз аристон дражице навьен термекс бош эван дакор,Эко NOVA 1.24 F одноконтурный. турбо без трубы NEW,53694.836,1.0,"{""КРД"": 1.0}",2026-05-15_13-05-59_unknown_supplier_12_05_бакси_иммергаз_аристон_дражице_навьен_термекс_бош_эван_дакор.xls,805
ib,unknown supplier 12 05 бакси иммергаз аристон дражице навьен термекс бош эван дакор,Эко NOVA 1.31 Fi одноконтурный. турбо без трубы NEW,72999.368,1.0,"{""КРД"": 1.0}",2026-05-15_13-05-59_unknown_supplier_12_05_бакси_иммергаз_аристон_дражице_навьен_термекс_бош_эван_дакор.xls,806
ib,unknown supplier 12 05 бакси иммергаз аристон дражице навьен термекс бош эван дакор,Эко NOVA 31 F 2 тепл-ка. турбо без трубы NEW,74097.036,,{},2026-05-15_13-05-59_unknown_supplier_12_05_бакси_иммергаз_аристон_дражице_навьен_термекс_бош_эван_дакор.xls,807
ib,unknown supplier 12 05 бакси иммергаз аристон дражице навьен термекс бош эван дакор,"Декоративная внутр. накладка , d 100 мм",709.65,1.0,"{""КРД"": 1.0}",2026-05-15_13-05-59_unknown_supplier_12_05_бакси_иммергаз_аристон_дражице_навьен_термекс_бош_эван_дакор.xls,809
ib,unknown supplier 12 05 бакси иммергаз аристон дражице навьен термекс бош эван дакор,"Декоративная наруж. накладка , d 80 (пластик)",259.35,1.0,"{""КРД"": 1.0}",2026-05-15_13-05-59_unknown_supplier_12_05_бакси_иммергаз_аристон_дражице_навьен_термекс_бош_эван_дакор.xls,810
ib,unknown supplier 12 05 бакси иммергаз аристон дражице навьен термекс бош эван дакор,Коакс. наконеч. вертик. для трубы 60/100 1м 036410,11675.5,3.0,"{""КРД"": 2.0, ""Крым"": 1.0}",2026-05-15_13-05-59_unknown_supplier_12_05_бакси_иммергаз_аристон_дражице_навьен_термекс_бош_эван_дакор.xls,811
ib,unknown supplier 12 05 бакси иммергаз аристон дражице навьен термекс бош эван дакор,Коакс. переход 60/100 на 80/80 металл 7108183,5312.4,2.0,"{""КРД"": 1.0, ""Крым"": 1.0}",2026-05-15_13-05-59_unknown_supplier_12_05_бакси_иммергаз_аристон_дражице_навьен_термекс_бош_эван_дакор.xls,812
ib,unknown supplier 12 05 бакси иммергаз аристон дражице навьен термекс бош эван дакор,Отвод 90 д 80 аллюм. эмаль 018010,1118.15,1.0,"{""КРД"": 1.0}",2026-05-15_13-05-59_unknown_supplier_12_05_бакси_иммергаз_аристон_дражице_навьен_термекс_бош_эван_дакор.xls,813
ib,unknown supplier 12 05 бакси иммергаз аристон дражице навьен термекс бош эван дакор,"Удл-е трубы д 80 0,5 м эмаль. 71401821*",1130.5,1.0,"{""КРД"": 1.0}",2026-05-15_13-05-59_unknown_supplier_12_05_бакси_иммергаз_аристон_дражице_навьен_термекс_бош_эван_дакор.xls,814
ib,unknown supplier 12 05 бакси иммергаз аристон дражице навьен термекс бош эван дакор,"Декоративная внутр. накладка, диам. 80",592.8,2.0,"{""Крым"": 2.0}",2026-05-15_13-05-59_unknown_supplier_12_05_бакси_иммергаз_аристон_дражице_навьен_термекс_бош_эван_дакор.xls,815
ib,unknown supplier 12 05 бакси иммергаз аристон дражице навьен термекс бош эван дакор,Комплект для выноса встроенной панели управления LUNA Platinum+ проводной,3493.15,1.0,"{""Крым"": 1.0}",2026-05-15_13-05-59_unknown_supplier_12_05_бакси_иммергаз_аристон_дражице_навьен_термекс_бош_эван_дакор.xls,816
ib,unknown supplier 12 05 бакси иммергаз аристон дражице навьен термекс бош эван дакор,Система удаленного управления котлом BAXI Connect+,14062.85,2.0,"{""КРД"": 2.0}",2026-05-15_13-05-59_unknown_supplier_12_05_бакси_иммергаз_аристон_дражице_навьен_термекс_бош_эван_дакор.xls,817
ib,unknown supplier 12 05 бакси иммергаз аристон дражице навьен термекс бош эван дакор,Универсальный комплект подключения бойлера для AMPERA и газовых котлов,7176.3,6.0,"{""КРД"": 1.0, ""Крым"": 5.0}",2026-05-15_13-05-59_unknown_supplier_12_05_бакси_иммергаз_аристон_дражице_навьен_термекс_бош_эван_дакор.xls,818
ib,unknown supplier 12 05 бакси иммергаз аристон дражице навьен термекс бош эван дакор,"Датчик температуры воды в бойлере ГВС (KHG71407681) для котловECO-4s,ECOFour,Duo-tecCompact,Duo-tecE",724.85,2.0,"{""КРД"": 2.0}",2026-05-15_13-05-59_unknown_supplier_12_05_бакси_иммергаз_аристон_дражице_навьен_термекс_бош_эван_дакор.xls,819
ib,unknown supplier 12 05 бакси иммергаз аристон дражице навьен термекс бош эван дакор,"Датчик температуры воды в бойлере ГВС (KHG71406191)для котлов SLIM,LUNA-3 и LUNA-3 Comfort",724.85,3.0,"{""КРД"": 3.0}",2026-05-15_13-05-59_unknown_supplier_12_05_бакси_иммергаз_аристон_дражице_навьен_термекс_бош_эван_дакор.xls,820
ib,unknown supplier 12 05 бакси иммергаз аристон дражице навьен термекс бош эван дакор,Внешний модуль RVS46 для управления дополнительными контурами для BUS-шины,25734.55,5.0,"{""КРД"": 2.0, ""Крым"": 3.0}",2026-05-15_13-05-59_unknown_supplier_12_05_бакси_иммергаз_аристон_дражице_навьен_термекс_бош_эван_дакор.xls,822
ib,unknown supplier 12 05 бакси иммергаз аристон дражице навьен термекс бош эван дакор,"Гидравлический сепаратор 2, резьбовое соединение",51983.05,2.0,"{""Крым"": 2.0}",2026-05-15_13-05-59_unknown_supplier_12_05_бакси_иммергаз_аристон_дражице_навьен_термекс_бош_эван_дакор.xls,823
ib,unknown supplier 12 05 бакси иммергаз аристон дражице навьен термекс бош эван дакор,"Изолирующая накладка для наклонных. крыш, диам. 110/160 мм для конденсационных котлов",5382.7,1.0,"{""КРД"": 1.0}",2026-05-15_13-05-59_unknown_supplier_12_05_бакси_иммергаз_аристон_дражице_навьен_термекс_бош_эван_дакор.xls,824
ib,unknown supplier 12 05 бакси иммергаз аристон дражице навьен термекс бош эван дакор,Коакс. отвод полипроп-н 45 д 60/100 НТ 71405981,1989.3,5.0,"{""КРД"": 5.0}",2026-05-15_13-05-59_unknown_supplier_12_05_бакси_иммергаз_аристон_дражице_навьен_термекс_бош_эван_дакор.xls,825
ib,unknown supplier 12 05 бакси иммергаз аристон дражице навьен термекс бош эван дакор,Коакс. отвод полипроп-н 45 д 80/125 НТ,2234.4,7.0,"{""КРД"": 2.0, ""Крым"": 5.0}",2026-05-15_13-05-59_unknown_supplier_12_05_бакси_иммергаз_аристон_дражице_навьен_термекс_бош_эван_дакор.xls,826
ib,unknown supplier 12 05 бакси иммергаз аристон дражице навьен термекс бош эван дакор,Коакс. труба с наконечн 125/80 НТ 35-70 квт 714088910,5315.25,5.0,"{""КРД"": 4.0, ""Крым"": 1.0}",2026-05-15_13-05-59_unknown_supplier_12_05_бакси_иммергаз_аристон_дражице_навьен_термекс_бош_эван_дакор.xls,827
ib,unknown supplier 12 05 бакси иммергаз аристон дражице навьен термекс бош эван дакор,Коакс. уголок 87 д110/160 НТ 90-150 квт 714133610,6923.6,1.0,"{""КРД"": 1.0}",2026-05-15_13-05-59_unknown_supplier_12_05_бакси_иммергаз_аристон_дражице_навьен_термекс_бош_эван_дакор.xls,828
ib,unknown supplier 12 05 бакси иммергаз аристон дражице навьен термекс бош эван дакор,"Коакс. удл-е труб 110/160 0,5 м НТ KHG 714133710",5793.1,1.0,"{""КРД"": 1.0}",2026-05-15_13-05-59_unknown_supplier_12_05_бакси_иммергаз_аристон_дражице_навьен_термекс_бош_эван_дакор.xls,829
ib,unknown supplier 12 05 бакси иммергаз аристон дражице навьен термекс бош эван дакор,"Коакс. удл-е труб 125/80 ЛУНА НТ 0,5 М KHG174088610",2949.75,6.0,"{""Крым"": 6.0}",2026-05-15_13-05-59_unknown_supplier_12_05_бакси_иммергаз_аристон_дражице_навьен_термекс_бош_эван_дакор.xls,830
ib,unknown supplier 12 05 бакси иммергаз аристон дражице навьен термекс бош эван дакор,Комплект для присоединения LUNA 3 + COMBI,3126.45,1.0,"{""КРД"": 1.0}",2026-05-15_13-05-59_unknown_supplier_12_05_бакси_иммергаз_аристон_дражице_навьен_термекс_бош_эван_дакор.xls,831
ib,unknown supplier 12 05 бакси иммергаз аристон дражице навьен термекс бош эван дакор,Комплект для присоединения расширительного бака,8852.1,4.0,"{""КРД"": 2.0, ""Крым"": 2.0}",2026-05-15_13-05-59_unknown_supplier_12_05_бакси_иммергаз_аристон_дражице_навьен_термекс_бош_эван_дакор.xls,832
ib,unknown supplier 12 05 бакси иммергаз аристон дражице навьен термекс бош эван дакор,Модуль AVS 75 внешн.для упр-ния доп.контуром LUNA MP,17177.9,1.0,"{""КРД"": 1.0}",2026-05-15_13-05-59_unknown_supplier_12_05_бакси_иммергаз_аристон_дражице_навьен_термекс_бош_эван_дакор.xls,833
ib,unknown supplier 12 05 бакси иммергаз аристон дражице навьен термекс бош эван дакор,Набор для центровки труб диам. 80 мм (5 шт.),9225.45,1.0,"{""Крым"": 1.0}",2026-05-15_13-05-59_unknown_supplier_12_05_бакси_иммергаз_аристон_дражице_навьен_термекс_бош_эван_дакор.xls,834
ib,unknown supplier 12 05 бакси иммергаз аристон дражице навьен термекс бош эван дакор,"Наконечник для раздельных труб, диам. 80 мм",776.15,2.0,"{""КРД"": 1.0, ""Крым"": 1.0}",2026-05-15_13-05-59_unknown_supplier_12_05_бакси_иммергаз_аристон_дражице_навьен_термекс_бош_эван_дакор.xls,835
ib,unknown supplier 12 05 бакси иммергаз аристон дражице навьен термекс бош эван дакор,Наполнитель для установки по нейтрализации конденсата - настенные котлы,9077.25,2.0,"{""КРД"": 2.0}",2026-05-15_13-05-59_unknown_supplier_12_05_бакси_иммергаз_аристон_дражице_навьен_термекс_бош_эван_дакор.xls,836
ib,unknown supplier 12 05 бакси иммергаз аристон дражице навьен термекс бош эван дакор,Отвод полипроп-н 45 д 80 НТ 71405931,817.0,3.0,"{""КРД"": 2.0, ""Крым"": 1.0}",2026-05-15_13-05-59_unknown_supplier_12_05_бакси_иммергаз_аристон_дражице_навьен_термекс_бош_эван_дакор.xls,837
ib,unknown supplier 12 05 бакси иммергаз аристон дражице навьен термекс бош эван дакор,Отвод полипроп-н 45 д 110 НТ 71413291-,1198.9,4.0,"{""КРД"": 2.0, ""Крым"": 2.0}",2026-05-15_13-05-59_unknown_supplier_12_05_бакси_иммергаз_аристон_дражице_навьен_термекс_бош_эван_дакор.xls,838
ib,unknown supplier 12 05 бакси иммергаз аристон дражице навьен термекс бош эван дакор,Отвод полипроп-н 90 д 110 НТ 71413301-,1317.65,3.0,"{""КРД"": 2.0, ""Крым"": 1.0}",2026-05-15_13-05-59_unknown_supplier_12_05_бакси_иммергаз_аристон_дражице_навьен_термекс_бош_эван_дакор.xls,839
ib,unknown supplier 12 05 бакси иммергаз аристон дражице навьен термекс бош эван дакор,Переходн. комплект на разд. трубы д80 HT 24-30 квт 059110,1237.85,2.0,"{""КРД"": 2.0}",2026-05-15_13-05-59_unknown_supplier_12_05_бакси_иммергаз_аристон_дражице_навьен_термекс_бош_эван_дакор.xls,840
ib,unknown supplier 12 05 бакси иммергаз аристон дражице навьен термекс бош эван дакор,Пульт управления котлом со встроенным датчиком комнатной температуры QAA 75 для котлов LUNA Platinu,9340.4,22.0,"{""КРД"": 11.0, ""Крым"": 11.0}",2026-05-15_13-05-59_unknown_supplier_12_05_бакси_иммергаз_аристон_дражице_навьен_термекс_бош_эван_дакор.xls,841
ib,unknown supplier 12 05 бакси иммергаз аристон дражице навьен термекс бош эван дакор,"Теплоизоляция для труб подачи/возврата в разделитель производительностью 8,5 м3/ч",3262.3,2.0,"{""Крым"": 2.0}",2026-05-15_13-05-59_unknown_supplier_12_05_бакси_иммергаз_аристон_дражице_навьен_термекс_бош_эван_дакор.xls,842
ib,unknown supplier 12 05 бакси иммергаз аристон дражице навьен термекс бош эван дакор,"Трубы подачи/возврата в разделитель производительностью 8,5 м3/ч G2",49902.55,2.0,"{""Крым"": 2.0}",2026-05-15_13-05-59_unknown_supplier_12_05_бакси_иммергаз_аристон_дражице_навьен_термекс_бош_эван_дакор.xls,843
ib,unknown supplier 12 05 бакси иммергаз аристон дражице навьен термекс бош эван дакор,"Удл-е трубы полипроп-н д 110 0,5 м HT 714133110",1837.3,5.0,"{""КРД"": 3.0, ""Крым"": 2.0}",2026-05-15_13-05-59_unknown_supplier_12_05_бакси_иммергаз_аристон_дражице_навьен_термекс_бош_эван_дакор.xls,844
ib,unknown supplier 12 05 бакси иммергаз аристон дражице навьен термекс бош эван дакор,"Фланцы и прокладки для разделителя производительностью 8,5 мз/ч G2",2028.25,3.0,"{""Крым"": 3.0}",2026-05-15_13-05-59_unknown_supplier_12_05_бакси_иммергаз_аристон_дражице_навьен_термекс_бош_эван_дакор.xls,845
ib,unknown supplier 12 05 бакси иммергаз аристон дражице навьен термекс бош эван дакор,Присоединит. патрубок полипроп 110/80 мм с конденсатоотводчиком,3993.8,2.0,"{""КРД"": 2.0}",2026-05-15_13-05-59_unknown_supplier_12_05_бакси_иммергаз_аристон_дражице_навьен_термекс_бош_эван_дакор.xls,846
ib,unknown supplier 12 05 бакси иммергаз аристон дражице навьен термекс бош эван дакор,Вертикальный комплект для сбора конденсата,1413.6,8.0,"{""КРД"": 2.0, ""Крым"": 6.0}",2026-05-15_13-05-59_unknown_supplier_12_05_бакси_иммергаз_аристон_дражице_навьен_термекс_бош_эван_дакор.xls,847
ib,unknown supplier 12 05 бакси иммергаз аристон дражице навьен термекс бош эван дакор,Единый вертикальный наконечник для раздельных труб,10738.8,1.0,"{""КРД"": 1.0}",2026-05-15_13-05-59_unknown_supplier_12_05_бакси_иммергаз_аристон_дражице_навьен_термекс_бош_эван_дакор.xls,848
ib,unknown supplier 12 05 бакси иммергаз аристон дражице навьен термекс бош эван дакор,Датчик комнатной температуры QAA 55 для котлов LUNA Platinum+ и LUNA Duo-tec MP,5986.9,2.0,"{""КРД"": 2.0}",2026-05-15_13-05-59_unknown_supplier_12_05_бакси_иммергаз_аристон_дражице_навьен_термекс_бош_эван_дакор.xls,849
ib,unknown supplier 12 05 бакси иммергаз аристон дражице навьен термекс бош эван дакор,Коаксиальный переходник с диаметра 80/125 мм на диаметр 60/100 мм,2187.85,1.0,"{""КРД"": 1.0}",2026-05-15_13-05-59_unknown_supplier_12_05_бакси_иммергаз_аристон_дражице_навьен_термекс_бош_эван_дакор.xls,850
ib,unknown supplier 12 05 бакси иммергаз аристон дражице навьен термекс бош эван дакор,Комплект перевода на сжиженный газ DUO-TEC MP60,6078.1,2.0,"{""Крым"": 2.0}",2026-05-15_13-05-59_unknown_supplier_12_05_бакси_иммергаз_аристон_дражице_навьен_термекс_бош_эван_дакор.xls,851
ib,unknown supplier 12 05 бакси иммергаз аристон дражице навьен термекс бош эван дакор,"Отвод коаксиальный 87°, D60/100 мм",1279.65,3.0,"{""КРД"": 3.0}",2026-05-15_13-05-59_unknown_supplier_12_05_бакси_иммергаз_аристон_дражице_навьен_термекс_бош_эван_дакор.xls,852
ib,unknown supplier 12 05 бакси иммергаз аристон дражице навьен термекс бош эван дакор,Верхняя крышка для установки настенного котла LUNA Duo-tec IN+,6699.4,8.0,"{""КРД"": 8.0}",2026-05-15_13-05-59_unknown_supplier_12_05_бакси_иммергаз_аристон_дражице_навьен_термекс_бош_эван_дакор.xls,853
ib,unknown supplier 12 05 бакси иммергаз аристон дражице навьен термекс бош эван дакор,Нувола DUO-TEC+ 24 GA,187496.712,1.0,"{""КРД"": 1.0}",2026-05-15_13-05-59_unknown_supplier_12_05_бакси_иммергаз_аристон_дражице_навьен_термекс_бош_эван_дакор.xls,855
ib,unknown supplier 12 05 бакси иммергаз аристон дражице навьен термекс бош эван дакор,LUNA AIR 28 конденсационный уличной установки,131548.248,1.0,"{""КРД"": 1.0}",2026-05-15_13-05-59_unknown_supplier_12_05_бакси_иммергаз_аристон_дражице_навьен_термекс_бош_эван_дакор.xls,856
ib,unknown supplier 12 05 бакси иммергаз аристон дражице навьен термекс бош эван дакор,"Луна DUO-TEC E 28 GA конденсацион, двухконтурный без трубы R",121087.304,1.0,"{""КРД"": 1.0}",2026-05-15_13-05-59_unknown_supplier_12_05_бакси_иммергаз_аристон_дражице_навьен_термекс_бош_эван_дакор.xls,857
ib,unknown supplier 12 05 бакси иммергаз аристон дражице навьен термекс бош эван дакор,Коаксиальный комплект на Бакси ECO NOVA (труба+угол),1557.1,6.0,"{""КРД"": 6.0}",2026-05-15_13-05-59_unknown_supplier_12_05_бакси_иммергаз_аристон_дражице_навьен_термекс_бош_эван_дакор.xls,859
ib,unknown supplier 12 05 бакси иммергаз аристон дражице навьен термекс бош эван дакор,"Комплект коаксиальный универсальный ""Прок"" 60/100 L750 мм Дак",1491.75,116.0,"{""КРД"": 17.0, ""Крым"": 99.0}",2026-05-15_13-05-59_unknown_supplier_12_05_бакси_иммергаз_аристон_дражице_навьен_термекс_бош_эван_дакор.xls,860
ib,unknown supplier 12 05 бакси иммергаз аристон дражице навьен термекс бош эван дакор,Вайлант отвод 87° из жёстких труб Dn 80 PP,3976.37,2.0,"{""КРД"": 2.0}",2026-05-15_13-05-59_unknown_supplier_12_05_бакси_иммергаз_аристон_дражице_навьен_термекс_бош_эван_дакор.xls,863
ib,unknown supplier 12 05 бакси иммергаз аристон дражице навьен термекс бош эван дакор,"Вайлант прямой участок дымохода из жёстких труб Dn 80 PP длиной 1,0 м",6894.26,2.0,"{""КРД"": 2.0}",2026-05-15_13-05-59_unknown_supplier_12_05_бакси_иммергаз_аристон_дражице_навьен_термекс_бош_эван_дакор.xls,864
ib,unknown supplier 12 05 бакси иммергаз аристон дражице навьен термекс бош эван дакор,"Вайлант прямой участок дымохода из жёстких труб Dn 80 PP длиной 2,0 м",11732.16,2.0,"{""КРД"": 2.0}",2026-05-15_13-05-59_unknown_supplier_12_05_бакси_иммергаз_аристон_дражице_навьен_термекс_бош_эван_дакор.xls,865
ib,unknown supplier 12 05 бакси иммергаз аристон дражице навьен термекс бош эван дакор,"Вайлант Распорная деталь дымохода, D110mm, (10шт), для дымохода 40смx40 см",4037.98,1.0,"{""Крым"": 1.0}",2026-05-15_13-05-59_unknown_supplier_12_05_бакси_иммергаз_аристон_дражице_навьен_термекс_бош_эван_дакор.xls,866
ib,unknown supplier 12 05 бакси иммергаз аристон дражице навьен термекс бош эван дакор,Вайлант трёхходовой смеситель VRM 3- 1,11326.14,1.0,"{""Крым"": 1.0}",2026-05-15_13-05-59_unknown_supplier_12_05_бакси_иммергаз_аристон_дражице_навьен_термекс_бош_эван_дакор.xls,867
ib,unknown supplier 12 05 бакси иммергаз аристон дражице навьен термекс бош эван дакор,Вайлант Тройник 87 DN 80/125 PPs,17013.45,3.0,"{""Крым"": 3.0}",2026-05-15_13-05-59_unknown_supplier_12_05_бакси_иммергаз_аристон_дражице_навьен_термекс_бош_эван_дакор.xls,868
ib,unknown supplier 12 05 бакси иммергаз аристон дражице навьен термекс бош эван дакор,"Вайлант Труба 80/125, коаксиальная, фасадный участок длина 0.5 м. Материал: легированная сталь.",10382.8,1.0,"{""Крым"": 1.0}",2026-05-15_13-05-59_unknown_supplier_12_05_бакси_иммергаз_аристон_дражице_навьен_термекс_бош_эван_дакор.xls,869
ib,unknown supplier 12 05 бакси иммергаз аристон дражице навьен термекс бош эван дакор,"Вайлант Удлинительная труба 80/125 мм PP. Длиной 1,0 м",8650.65,1.0,"{""КРД"": 1.0}",2026-05-15_13-05-59_unknown_supplier_12_05_бакси_иммергаз_аристон_дражице_навьен_термекс_бош_эван_дакор.xls,870
ib,unknown supplier 12 05 бакси иммергаз аристон дражице навьен термекс бош эван дакор,"Вайлант Удлинительная труба, 1 м, 60/100 мм.",7200.29,2.0,"{""Крым"": 2.0}",2026-05-15_13-05-59_unknown_supplier_12_05_бакси_иммергаз_аристон_дражице_навьен_термекс_бош_эван_дакор.xls,871
ib,unknown supplier 12 05 бакси иммергаз аристон дражице навьен термекс бош эван дакор,Вайлант Удлинительный участок трубы по фасаду длиной 1.0 м 80/125 мм РР,13560.26,12.0,"{""Крым"": 12.0}",2026-05-15_13-05-59_unknown_supplier_12_05_бакси_иммергаз_аристон_дражице_навьен_термекс_бош_эван_дакор.xls,872
ib,unknown supplier 12 05 бакси иммергаз аристон дражице навьен термекс бош эван дакор,Вайлант Хомут с мягкими вставками для трубы по фасаду с крепежом к стене,11390.78,4.0,"{""Крым"": 4.0}",2026-05-15_13-05-59_unknown_supplier_12_05_бакси_иммергаз_аристон_дражице_навьен_термекс_бош_эван_дакор.xls,873
ib,unknown supplier 12 05 бакси иммергаз аристон дражице навьен термекс бош эван дакор,Вайлант VDM 10 Насосная группа для нерегулируемого контура отопления с бесступенчатым насосом,64608.69,1.0,"{""Крым"": 1.0}",2026-05-15_13-05-59_unknown_supplier_12_05_бакси_иммергаз_аристон_дражице_навьен_термекс_бош_эван_дакор.xls,874
ib,unknown supplier 12 05 бакси иммергаз аристон дражице навьен термекс бош эван дакор,Вайлант VR70,37056.9,,{},2026-05-15_13-05-59_unknown_supplier_12_05_бакси_иммергаз_аристон_дражице_навьен_термекс_бош_эван_дакор.xls,875
ib,unknown supplier 12 05 бакси иммергаз аристон дражице навьен термекс бош эван дакор,Вайлант VR91,37634.62,3.0,"{""КРД"": 2.0, ""Крым"": 1.0}",2026-05-15_13-05-59_unknown_supplier_12_05_бакси_иммергаз_аристон_дражице_навьен_термекс_бош_эван_дакор.xls,876
ib,unknown supplier 12 05 бакси иммергаз аристон дражице навьен термекс бош эван дакор,"Вайлант Датчик наружной температуры S010075 для котлов МЕДВЕДЬ KLZ, KLOM",3414.81,1.0,"{""КРД"": 1.0}",2026-05-15_13-05-59_unknown_supplier_12_05_бакси_иммергаз_аристон_дражице_навьен_термекс_бош_эван_дакор.xls,877
ib,unknown supplier 12 05 бакси иммергаз аристон дражице навьен термекс бош эван дакор,Вайлант Коммутационный модуль VR32B,14564.2,4.0,"{""Крым"": 4.0}",2026-05-15_13-05-59_unknown_supplier_12_05_бакси_иммергаз_аристон_дражице_навьен_термекс_бош_эван_дакор.xls,878
ib,unknown supplier 12 05 бакси иммергаз аристон дражице навьен термекс бош эван дакор,"Вайлант Комплект для горизонтального прохода через стену RNC, 0,75 м, Al",4407.64,1.0,"{""КРД"": 1.0}",2026-05-15_13-05-59_unknown_supplier_12_05_бакси_иммергаз_аристон_дражице_навьен_термекс_бош_эван_дакор.xls,879
ib,unknown supplier 12 05 бакси иммергаз аристон дражице навьен термекс бош эван дакор,Вайлант Комплект для подключения VR 40,2552.27,2.0,"{""Крым"": 2.0}",2026-05-15_13-05-59_unknown_supplier_12_05_бакси_иммергаз_аристон_дражице_навьен_термекс_бош_эван_дакор.xls,880
ib,unknown supplier 12 05 бакси иммергаз аристон дражице навьен термекс бош эван дакор,Вайлант Обратный клапан дымохода 110мм для аппаратов мощностью более 80 кВт,35036.9,1.0,"{""Крым"": 1.0}",2026-05-15_13-05-59_unknown_supplier_12_05_бакси_иммергаз_аристон_дражице_навьен_термекс_бош_эван_дакор.xls,881
ib,unknown supplier 12 05 бакси иммергаз аристон дражице навьен термекс бош эван дакор,Вайлант Отвод 45° (2 шт.) для труб 80/125 мм PP,12399.77,1.0,"{""КРД"": 1.0}",2026-05-15_13-05-59_unknown_supplier_12_05_бакси_иммергаз_аристон_дражице_навьен_термекс_бош_эван_дакор.xls,882
ib,unknown supplier 12 05 бакси иммергаз аристон дражице навьен термекс бош эван дакор,Вайлант Отвод 45°для трубы по фасаду (2 шт.),20762.57,3.0,"{""Крым"": 3.0}",2026-05-15_13-05-59_unknown_supplier_12_05_бакси_иммергаз_аристон_дражице_навьен_термекс_бош_эван_дакор.xls,883
ib,unknown supplier 12 05 бакси иммергаз аристон дражице навьен термекс бош эван дакор,"Датчик наружной температуры, AF",2598.73,2.0,"{""Крым"": 2.0}",2026-05-15_13-05-59_unknown_supplier_12_05_бакси_иммергаз_аристон_дражице_навьен_термекс_бош_эван_дакор.xls,884
ib,unknown supplier 12 05 бакси иммергаз аристон дражице навьен термекс бош эван дакор,"Компл. 3-х ход. клапана, FUGAS, VGR",6650.85,19.0,"{""КРД"": 5.0, ""Крым"": 14.0}",2026-05-15_13-05-59_unknown_supplier_12_05_бакси_иммергаз_аристон_дражице_навьен_термекс_бош_эван_дакор.xls,885
ib,unknown supplier 12 05 бакси иммергаз аристон дражице навьен термекс бош эван дакор,"Датчик водонагревателя , ВГР",1890.72,8.0,"{""Крым"": 8.0}",2026-05-15_13-05-59_unknown_supplier_12_05_бакси_иммергаз_аристон_дражице_навьен_термекс_бош_эван_дакор.xls,886
ib,unknown supplier 12 05 бакси иммергаз аристон дражице навьен термекс бош эван дакор,"Вайлант VU 122/5-5 H turboTEC plus, 12 кВт, одноконтурный, турбо,без трубы R",118712.7942,3.0,"{""КРД"": 3.0}",2026-05-15_13-05-59_unknown_supplier_12_05_бакси_иммергаз_аристон_дражице_навьен_термекс_бош_эван_дакор.xls,888
ib,unknown supplier 12 05 бакси иммергаз аристон дражице навьен термекс бош эван дакор,"Вайлант VU 202/5-5 H turboTEC plus, 20 кВт, одноконтурный, турбо,без трубы R",129721.24880000002,3.0,"{""КРД"": 3.0}",2026-05-15_13-05-59_unknown_supplier_12_05_бакси_иммергаз_аристон_дражице_навьен_термекс_бош_эван_дакор.xls,889
ib,unknown supplier 12 05 бакси иммергаз аристон дражице навьен термекс бош эван дакор,"Вайлант VUW 200/5-5 H atmoTEC plus, 20 кВт, двухконтурный, дым R",145479.7132,2.0,"{""Крым"": 2.0}",2026-05-15_13-05-59_unknown_supplier_12_05_бакси_иммергаз_аристон_дражице_навьен_термекс_бош_эван_дакор.xls,890
ib,unknown supplier 12 05 бакси иммергаз аристон дражице навьен термекс бош эван дакор,"Вайлант VUW 202/5-5 H turboTEC plus, 20 кВт, двухконтурный, турбо,без трубы R",145813.6495,2.0,"{""КРД"": 1.0, ""Крым"": 1.0}",2026-05-15_13-05-59_unknown_supplier_12_05_бакси_иммергаз_аристон_дражице_навьен_термекс_бош_эван_дакор.xls,891
ib,unknown supplier 12 05 бакси иммергаз аристон дражице навьен термекс бош эван дакор,"Вайлант VUW 240/5-3 H atmoTEC pro, 24 кВт, двухконтурный, дым R",124659.149,2.0,"{""КРД"": 1.0, ""Крым"": 1.0}",2026-05-15_13-05-59_unknown_supplier_12_05_бакси_иммергаз_аристон_дражице_навьен_термекс_бош_эван_дакор.xls,892
ib,unknown supplier 12 05 бакси иммергаз аристон дражице навьен термекс бош эван дакор,"Вайлант VUW 242/5-3 H turboTEC pro, 24 кВт, двухконтурный, турбо,без трубыR",127091.3704,1.0,"{""КРД"": 1.0}",2026-05-15_13-05-59_unknown_supplier_12_05_бакси_иммергаз_аристон_дражице_навьен_термекс_бош_эван_дакор.xls,893
ib,unknown supplier 12 05 бакси иммергаз аристон дражице навьен термекс бош эван дакор,"Вайлант VUW 242/5-5 H turboTEC plus, 24 кВт, двухконтурный, турбо,без трубы R",158396.078,3.0,"{""КРД"": 2.0, ""Крым"": 1.0}",2026-05-15_13-05-59_unknown_supplier_12_05_бакси_иммергаз_аристон_дражице_навьен_термекс_бош_эван_дакор.xls,894
ib,unknown supplier 12 05 бакси иммергаз аристон дражице навьен термекс бош эван дакор,Вайлант ecoTEC Plus VUW INT IV 246/5-5 без труб R,198281.18,1.0,"{""КРД"": 1.0}",2026-05-15_13-05-59_unknown_supplier_12_05_бакси_иммергаз_аристон_дражице_навьен_термекс_бош_эван_дакор.xls,896
ib,unknown supplier 12 05 бакси иммергаз аристон дражице навьен термекс бош эван дакор,Вайлант ecoTEC Pro VUW INT IV 236/5-3 без труб R,164299.78050000002,1.0,"{""Крым"": 1.0}",2026-05-15_13-05-59_unknown_supplier_12_05_бакси_иммергаз_аристон_дражице_навьен_термекс_бош_эван_дакор.xls,897
ib,unknown supplier 12 05 бакси иммергаз аристон дражице навьен термекс бош эван дакор,Вайлант ecoTEC intro VUW 18/24 AS/1-1 (H-RU),140429.05670000002,3.0,"{""КРД"": 3.0}",2026-05-15_13-05-59_unknown_supplier_12_05_бакси_иммергаз_аристон_дражице_навьен_термекс_бош_эван_дакор.xls,898
ib,unknown supplier 12 05 бакси иммергаз аристон дражице навьен термекс бош эван дакор,"Коаксиальный комплект на Вайлант, Аристон (труба+угол)",1638.75,,{},2026-05-15_13-05-59_unknown_supplier_12_05_бакси_иммергаз_аристон_дражице_навьен_термекс_бош_эван_дакор.xls,900
ib,unknown supplier 12 05 бакси иммергаз аристон дражице навьен термекс бош эван дакор,Гепард 23 MTV 23кВт двухконтурный турбо без трубы,81534.285,2.0,"{""КРД"": 2.0}",2026-05-15_13-05-59_unknown_supplier_12_05_бакси_иммергаз_аристон_дражице_навьен_термекс_бош_эван_дакор.xls,902
ib,unknown supplier 12 05 бакси иммергаз аристон дражице навьен термекс бош эван дакор,Гепард 12 MОV 12кВт двухконтурный дым,84253.897,3.0,"{""КРД"": 1.0, ""Крым"": 2.0}",2026-05-15_13-05-59_unknown_supplier_12_05_бакси_иммергаз_аристон_дражице_навьен_термекс_бош_эван_дакор.xls,903
ib,unknown supplier 12 05 бакси иммергаз аристон дражице навьен термекс бош эван дакор,Гепард 12MTV 12кВт турбо без трубы,88477.515,2.0,"{""КРД"": 2.0}",2026-05-15_13-05-59_unknown_supplier_12_05_бакси_иммергаз_аристон_дражице_навьен_термекс_бош_эван_дакор.xls,904
ib,unknown supplier 12 05 бакси иммергаз аристон дражице навьен термекс бош эван дакор,Рысь HK 24 турбо без трубы отопление и ГВС,48854.96,8.0,"{""КРД"": 1.0, ""Крым"": 7.0}",2026-05-15_13-05-59_unknown_supplier_12_05_бакси_иммергаз_аристон_дражице_навьен_термекс_бош_эван_дакор.xls,905
ib,unknown supplier 12 05 бакси иммергаз аристон дражице навьен термекс бош эван дакор,Пантера 30KТV 30 кВт двухконтурный турбо без трубы,120591.576,1.0,"{""Крым"": 1.0}",2026-05-15_13-05-59_unknown_supplier_12_05_бакси_иммергаз_аристон_дражице_навьен_термекс_бош_эван_дакор.xls,906
ib,unknown supplier 12 05 бакси иммергаз аристон дражице навьен термекс бош эван дакор,Пантера 25КОО 25кВт одноконтурынй дым,98017.066,2.0,"{""КРД"": 2.0}",2026-05-15_13-05-59_unknown_supplier_12_05_бакси_иммергаз_аристон_дражице_навьен_термекс_бош_эван_дакор.xls,907
ib,unknown supplier 12 05 бакси иммергаз аристон дражице навьен термекс бош эван дакор,Пантера 25 KТV 25 кВт двухконтурный турбо без трубы,106410.948,2.0,"{""Крым"": 2.0}",2026-05-15_13-05-59_unknown_supplier_12_05_бакси_иммергаз_аристон_дражице_навьен_термекс_бош_эван_дакор.xls,908
ib,unknown supplier 12 05 бакси иммергаз аристон дражице навьен термекс бош эван дакор,Пантера 12КТО 12 кВт одноконтурный турбо без трубы,96779.109,2.0,"{""КРД"": 2.0}",2026-05-15_13-05-59_unknown_supplier_12_05_бакси_иммергаз_аристон_дражице_навьен_термекс_бош_эван_дакор.xls,909
ib,unknown supplier 12 05 бакси иммергаз аристон дражице навьен термекс бош эван дакор,Рысь HK 28(N-RH),54103.84,2.0,"{""Крым"": 2.0}",2026-05-15_13-05-59_unknown_supplier_12_05_бакси_иммергаз_аристон_дражице_навьен_термекс_бош_эван_дакор.xls,910
ib,unknown supplier 12 05 бакси иммергаз аристон дражице навьен термекс бош эван дакор,Хомут комплект для коакс. труб d 100,214.41,3.0,"{""КРД"": 3.0}",2026-05-15_13-05-59_unknown_supplier_12_05_бакси_иммергаз_аристон_дражице_навьен_термекс_бош_эван_дакор.xls,912
ib,unknown supplier 12 05 бакси иммергаз аристон дражице навьен термекс бош эван дакор,Манжета 60 мм для коакс. дымох-в 60/100,106.66,100.0,"{""Крым"": 100.0}",2026-05-15_13-05-59_unknown_supplier_12_05_бакси_иммергаз_аристон_дражице_навьен_термекс_бош_эван_дакор.xls,913
ib,unknown supplier 12 05 бакси иммергаз аристон дражице навьен термекс бош эван дакор,Манжета 100 мм для коакс. дымох-в 60/100,250.88,20.0,"{""КРД"": 20.0}",2026-05-15_13-05-59_unknown_supplier_12_05_бакси_иммергаз_аристон_дражице_навьен_термекс_бош_эван_дакор.xls,914
ib,unknown supplier 12 05 бакси иммергаз аристон дражице навьен термекс бош эван дакор,"Коакс. удлинитель 60/100, длина 2 м",2995.2,48.0,"{""КРД"": 11.0, ""Крым"": 37.0}",2026-05-15_13-05-59_unknown_supplier_12_05_бакси_иммергаз_аристон_дражице_навьен_термекс_бош_эван_дакор.xls,915
ib,unknown supplier 12 05 бакси иммергаз аристон дражице навьен термекс бош эван дакор,"Коакс. удлинитель 60/100, длина 1,5 м",2244.62,17.0,"{""КРД"": 9.0, ""Крым"": 8.0}",2026-05-15_13-05-59_unknown_supplier_12_05_бакси_иммергаз_аристон_дражице_навьен_термекс_бош_эван_дакор.xls,916
ib,unknown supplier 12 05 бакси иммергаз аристон дражице навьен термекс бош эван дакор,"Коакс. удлинитель 60/100, длина 1 м",1115.0,30.0,"{""Крым"": 30.0}",2026-05-15_13-05-59_unknown_supplier_12_05_бакси_иммергаз_аристон_дражице_навьен_термекс_бош_эван_дакор.xls,917
ib,unknown supplier 12 05 бакси иммергаз аристон дражице навьен термекс бош эван дакор,"Коакс. удлинитель 60/100, длина 0,5 м",669.02,17.0,"{""КРД"": 15.0, ""Крым"": 2.0}",2026-05-15_13-05-59_unknown_supplier_12_05_бакси_иммергаз_аристон_дражице_навьен_термекс_бош_эван_дакор.xls,918
ib,unknown supplier 12 05 бакси иммергаз аристон дражице навьен термекс бош эван дакор,"Коакс. удлинитель 60/100, длина 0,25 м",465.41,10.0,"{""КРД"": 5.0, ""Крым"": 5.0}",2026-05-15_13-05-59_unknown_supplier_12_05_бакси_иммергаз_аристон_дражице_навьен_термекс_бош_эван_дакор.xls,919
ib,unknown supplier 12 05 бакси иммергаз аристон дражице навьен термекс бош эван дакор,Коакс. уголок 45 градусов ВЕСТЕН,897.72,1.0,"{""Крым"": 1.0}",2026-05-15_13-05-59_unknown_supplier_12_05_бакси_иммергаз_аристон_дражице_навьен_термекс_бош_эван_дакор.xls,920
ib,unknown supplier 12 05 бакси иммергаз аристон дражице навьен термекс бош эван дакор,Коакс. угол 90 град.СОЕДИНИТЕЛЬНЫЙ 60/100 Папа/Мама,906.58,23.0,"{""Крым"": 23.0}",2026-05-15_13-05-59_unknown_supplier_12_05_бакси_иммергаз_аристон_дражице_навьен_термекс_бош_эван_дакор.xls,921
ib,unknown supplier 12 05 бакси иммергаз аристон дражице навьен термекс бош эван дакор,Коакс. угол 45 град.СОЕДИНИТЕЛЬНЫЙ 60/100 Папа/Мама,1098.42,5.0,"{""КРД"": 5.0}",2026-05-15_13-05-59_unknown_supplier_12_05_бакси_иммергаз_аристон_дражице_навьен_термекс_бош_эван_дакор.xls,922
ib,unknown supplier 12 05 бакси иммергаз аристон дражице навьен термекс бош эван дакор,Декоративная резинка d 100 мм,103.75,13.0,"{""КРД"": 13.0}",2026-05-15_13-05-59_unknown_supplier_12_05_бакси_иммергаз_аристон_дражице_навьен_термекс_бош_эван_дакор.xls,923
ib,unknown supplier 12 05 бакси иммергаз аристон дражице навьен термекс бош эван дакор,Хомут для крепления к стене d 100 мм белый,237.54,7.0,"{""КРД"": 7.0}",2026-05-15_13-05-59_unknown_supplier_12_05_бакси_иммергаз_аристон_дражице_навьен_термекс_бош_эван_дакор.xls,924
ib,unknown supplier 12 05 бакси иммергаз аристон дражице навьен термекс бош эван дакор,Коакс. угол 90 град.СОЕДИНИТЕЛЬНЫЙ 60/100 Мама/Мама,901.73,32.0,"{""КРД"": 13.0, ""Крым"": 19.0}",2026-05-15_13-05-59_unknown_supplier_12_05_бакси_иммергаз_аристон_дражице_навьен_термекс_бош_эван_дакор.xls,925
ib,unknown supplier 12 05 бакси иммергаз аристон дражице навьен термекс бош эван дакор,Вертикальный оголовок с ветрозащитой 60/100 Белый,2717.5,12.0,"{""Крым"": 12.0}",2026-05-15_13-05-59_unknown_supplier_12_05_бакси_иммергаз_аристон_дражице_навьен_термекс_бош_эван_дакор.xls,926
ib,unknown supplier 12 05 бакси иммергаз аристон дражице навьен термекс бош эван дакор,Адаптер 60/75 M/F (Navien),127.09,23.0,"{""КРД"": 10.0, ""Крым"": 13.0}",2026-05-15_13-05-59_unknown_supplier_12_05_бакси_иммергаз_аристон_дражице_навьен_термекс_бош_эван_дакор.xls,927
ib,unknown supplier 12 05 бакси иммергаз аристон дражице навьен термекс бош эван дакор,Удлинитель 500 мм конденсационный Ø110/160,4674.68,10.0,"{""КРД"": 5.0, ""Крым"": 5.0}",2026-05-15_13-05-59_unknown_supplier_12_05_бакси_иммергаз_аристон_дражице_навьен_термекс_бош_эван_дакор.xls,928
ib,unknown supplier 12 05 бакси иммергаз аристон дражице навьен термекс бош эван дакор,Отвод конденсационный угол 90гр. Ø110/160,8144.64,6.0,"{""КРД"": 5.0, ""Крым"": 1.0}",2026-05-15_13-05-59_unknown_supplier_12_05_бакси_иммергаз_аристон_дражице_навьен_термекс_бош_эван_дакор.xls,929
ib,unknown supplier 12 05 бакси иммергаз аристон дражице навьен термекс бош эван дакор,"Коаксиальный комплект универсальный для конденс котлов 60/100 Viessmann,Vaillant,Ariston,Baxi,Navien",2725.2,28.0,"{""КРД"": 12.0, ""Крым"": 16.0}",2026-05-15_13-05-59_unknown_supplier_12_05_бакси_иммергаз_аристон_дражице_навьен_термекс_бош_эван_дакор.xls,930
ib,unknown supplier 12 05 бакси иммергаз аристон дражице навьен термекс бош эван дакор,"Адаптер Immergas комплект (фланец, втулка, прокладка)",452.08,2.0,"{""КРД"": 2.0}",2026-05-15_13-05-59_unknown_supplier_12_05_бакси_иммергаз_аристон_дражице_навьен_термекс_бош_эван_дакор.xls,931
ib,unknown supplier 12 05 бакси иммергаз аристон дражице навьен термекс бош эван дакор,Отвод коаксиальный 60/100 (Baxi (кроме ECO Nova/Classic) с хомут + втулка D60 L-50,947.78,41.0,"{""Крым"": 41.0}",2026-05-15_13-05-59_unknown_supplier_12_05_бакси_иммергаз_аристон_дражице_навьен_термекс_бош_эван_дакор.xls,932
ib,unknown supplier 12 05 бакси иммергаз аристон дражице навьен термекс бош эван дакор,Удлинитель 500 мм конденсационный Ø60/100 (техномаш),1464.0,,{},2026-05-15_13-05-59_unknown_supplier_12_05_бакси_иммергаз_аристон_дражице_навьен_термекс_бош_эван_дакор.xls,933
ib,unknown supplier 12 05 бакси иммергаз аристон дражице навьен термекс бош эван дакор,Удлинитель 1000 мм конденсационный Ø60/100 (техномаш),2395.2,10.0,"{""КРД"": 1.0, ""Крым"": 9.0}",2026-05-15_13-05-59_unknown_supplier_12_05_бакси_иммергаз_аристон_дражице_навьен_термекс_бош_эван_дакор.xls,934
ib,unknown supplier 12 05 бакси иммергаз аристон дражице навьен термекс бош эван дакор,Отвод конденсационный угол 90гр. Ø60/100,1025.35,1.0,"{""КРД"": 1.0}",2026-05-15_13-05-59_unknown_supplier_12_05_бакси_иммергаз_аристон_дражице_навьен_термекс_бош_эван_дакор.xls,935
ib,unknown supplier 12 05 бакси иммергаз аристон дражице навьен термекс бош эван дакор,Адаптер соединительный Д.60 М/М,175.74,3.0,"{""КРД"": 3.0}",2026-05-15_13-05-59_unknown_supplier_12_05_бакси_иммергаз_аристон_дражице_навьен_термекс_бош_эван_дакор.xls,936
ib,unknown supplier 12 05 бакси иммергаз аристон дражице навьен термекс бош эван дакор,Адаптер верт. универс 60/100 (кроме Immergas и Navien Deluxe 75/100 стар),648.42,11.0,"{""КРД"": 9.0, ""Крым"": 2.0}",2026-05-15_13-05-59_unknown_supplier_12_05_бакси_иммергаз_аристон_дражице_навьен_термекс_бош_эван_дакор.xls,937
ib,unknown supplier 12 05 бакси иммергаз аристон дражице навьен термекс бош эван дакор,Конденсатоcборник Т-образный D 60/100,3417.34,14.0,"{""КРД"": 8.0, ""Крым"": 6.0}",2026-05-15_13-05-59_unknown_supplier_12_05_бакси_иммергаз_аристон_дражице_навьен_термекс_бош_эван_дакор.xls,938
ib,unknown supplier 12 05 бакси иммергаз аристон дражице навьен термекс бош эван дакор,Адаптер вертикальный коакс. 60/100 (Immergas),1078.56,1.0,"{""КРД"": 1.0}",2026-05-15_13-05-59_unknown_supplier_12_05_бакси_иммергаз_аристон_дражице_навьен_термекс_бош_эван_дакор.xls,939
ib,unknown supplier 12 05 бакси иммергаз аристон дражице навьен термекс бош эван дакор,Вертикальный оголовок с ветрозащитой 60/100 ЧЕРНЫЙ,4233.6,6.0,"{""КРД"": 5.0, ""Крым"": 1.0}",2026-05-15_13-05-59_unknown_supplier_12_05_бакси_иммергаз_аристон_дражице_навьен_термекс_бош_эван_дакор.xls,940
ib,unknown supplier 12 05 бакси иммергаз аристон дражице навьен термекс бош эван дакор,Коаксиальный комплект для конденсационных котлов Ø80/125,4677.6,15.0,"{""КРД"": 9.0, ""Крым"": 6.0}",2026-05-15_13-05-59_unknown_supplier_12_05_бакси_иммергаз_аристон_дражице_навьен_термекс_бош_эван_дакор.xls,941
ib,unknown supplier 12 05 бакси иммергаз аристон дражице навьен термекс бош эван дакор,Удлинитель 500 мм конденсационный Ø80/125,2358.0,8.0,"{""КРД"": 2.0, ""Крым"": 6.0}",2026-05-15_13-05-59_unknown_supplier_12_05_бакси_иммергаз_аристон_дражице_навьен_термекс_бош_эван_дакор.xls,942
ib,unknown supplier 12 05 бакси иммергаз аристон дражице навьен термекс бош эван дакор,Удлинитель 1000 мм конденсационный Ø80/125,2882.4,10.0,"{""КРД"": 10.0}",2026-05-15_13-05-59_unknown_supplier_12_05_бакси_иммергаз_аристон_дражице_навьен_термекс_бош_эван_дакор.xls,943
ib,unknown supplier 12 05 бакси иммергаз аристон дражице навьен термекс бош эван дакор,Отвод D 80 угол 90гр. F/F (мама/мама),490.49,19.0,"{""КРД"": 18.0, ""Крым"": 1.0}",2026-05-15_13-05-59_unknown_supplier_12_05_бакси_иммергаз_аристон_дражице_навьен_термекс_бош_эван_дакор.xls,944
ib,unknown supplier 12 05 бакси иммергаз аристон дражице навьен термекс бош эван дакор,Отвод конденсационный угол 45гр. Ø80/125,2211.94,2.0,"{""КРД"": 2.0}",2026-05-15_13-05-59_unknown_supplier_12_05_бакси_иммергаз_аристон_дражице_навьен_термекс_бош_эван_дакор.xls,945
ib,unknown supplier 12 05 бакси иммергаз аристон дражице навьен термекс бош эван дакор,Отвод конденсационный угол 90гр. Ø80/125,2770.63,4.0,"{""КРД"": 3.0, ""Крым"": 1.0}",2026-05-15_13-05-59_unknown_supplier_12_05_бакси_иммергаз_аристон_дражице_навьен_термекс_бош_эван_дакор.xls,946
ib,unknown supplier 12 05 бакси иммергаз аристон дражице навьен термекс бош эван дакор,Адаптер соединительный с Д.60 на Д.80.,662.96,3.0,"{""Крым"": 3.0}",2026-05-15_13-05-59_unknown_supplier_12_05_бакси_иммергаз_аристон_дражице_навьен_термекс_бош_эван_дакор.xls,947
ib,unknown supplier 12 05 бакси иммергаз аристон дражице навьен термекс бош эван дакор,Коаксиальный комплект для конденсационных котлов Ø110/160,17451.25,21.0,"{""КРД"": 2.0, ""Крым"": 19.0}",2026-05-15_13-05-59_unknown_supplier_12_05_бакси_иммергаз_аристон_дражице_навьен_термекс_бош_эван_дакор.xls,948
ib,unknown supplier 12 05 бакси иммергаз аристон дражице навьен термекс бош эван дакор,Переход конденсационный с D100/150 на 110/160,2706.4,8.0,"{""КРД"": 2.0, ""Крым"": 6.0}",2026-05-15_13-05-59_unknown_supplier_12_05_бакси_иммергаз_аристон_дражице_навьен_термекс_бош_эван_дакор.xls,949
ib,unknown supplier 12 05 бакси иммергаз аристон дражице навьен термекс бош эван дакор,"Коакс.комплект дымохода АНТИЛЕД 60/100-750 мм Baxi(кромеECO Nova/Classic),Ariston,Vaillant,Viessma",1728.0,121.0,"{""КРД"": 25.0, ""Крым"": 96.0}",2026-05-15_13-05-59_unknown_supplier_12_05_бакси_иммергаз_аристон_дражице_навьен_термекс_бош_эван_дакор.xls,950
ib,unknown supplier 12 05 бакси иммергаз аристон дражице навьен термекс бош эван дакор,Отвод коаксиальный 60/100 угол 45 ( мама/мама),876.28,17.0,"{""КРД"": 12.0, ""Крым"": 5.0}",2026-05-15_13-05-59_unknown_supplier_12_05_бакси_иммергаз_аристон_дражице_навьен_термекс_бош_эван_дакор.xls,951
ib,unknown supplier 12 05 бакси иммергаз аристон дражице навьен термекс бош эван дакор,Отвод S-образный 60/100,2422.79,1.0,"{""КРД"": 1.0}",2026-05-15_13-05-59_unknown_supplier_12_05_бакси_иммергаз_аристон_дражице_навьен_термекс_бош_эван_дакор.xls,952
ib,unknown supplier 12 05 бакси иммергаз аристон дражице навьен термекс бош эван дакор,Наконечник D60 (Черный),77.47,5.0,"{""КРД"": 5.0}",2026-05-15_13-05-59_unknown_supplier_12_05_бакси_иммергаз_аристон_дражице_навьен_термекс_бош_эван_дакор.xls,953
ib,unknown supplier 12 05 бакси иммергаз аристон дражице навьен термекс бош эван дакор,Конденсатоcборник Т-образный Ø80 (штуцер 1/2),1500.46,56.0,"{""КРД"": 18.0, ""Крым"": 38.0}",2026-05-15_13-05-59_unknown_supplier_12_05_бакси_иммергаз_аристон_дражице_навьен_термекс_бош_эван_дакор.xls,954
ib,unknown supplier 12 05 бакси иммергаз аристон дражице навьен термекс бош эван дакор,Конденсатосборник универсальный Ø60/100,1320.0,9.0,"{""Крым"": 9.0}",2026-05-15_13-05-59_unknown_supplier_12_05_бакси_иммергаз_аристон_дражице_навьен_термекс_бош_эван_дакор.xls,955
ib,unknown supplier 12 05 бакси иммергаз аристон дражице навьен термекс бош эван дакор,Удлинитель 1500 мм конденсационный Ø80/125,9144.0,8.0,"{""Крым"": 8.0}",2026-05-15_13-05-59_unknown_supplier_12_05_бакси_иммергаз_аристон_дражице_навьен_термекс_бош_эван_дакор.xls,956
ib,unknown supplier 12 05 бакси иммергаз аристон дражице навьен термекс бош эван дакор,"Иммергаз Eolo Mythos 10 навесной,2 теплообменника, 2-х контурный, турбо, без трубы",51812.9768,13.0,"{""КРД"": 6.0, ""Крым"": 7.0}",2026-05-15_13-05-59_unknown_supplier_12_05_бакси_иммергаз_аристон_дражице_навьен_термекс_бош_эван_дакор.xls,959
ib,unknown supplier 12 05 бакси иммергаз аристон дражице навьен термекс бош эван дакор,"Иммергаз Eolo Star 24 4 R (3 E) навесной, битермический,2-х контурный, турбо, без трубы",49857.9224,15.0,"{""КРД"": 8.0, ""Крым"": 7.0}",2026-05-15_13-05-59_unknown_supplier_12_05_бакси_иммергаз_аристон_дражице_навьен_термекс_бош_эван_дакор.xls,960
ib,unknown supplier 12 05 бакси иммергаз аристон дражице навьен термекс бош эван дакор,"Иммергаз Nike Mini 28 KW special,2 тепл.,2-х контурный, дым",80635.4016,7.0,"{""КРД"": 4.0, ""Крым"": 3.0}",2026-05-15_13-05-59_unknown_supplier_12_05_бакси_иммергаз_аристон_дражице_навьен_термекс_бош_эван_дакор.xls,961
ib,unknown supplier 12 05 бакси иммергаз аристон дражице навьен термекс бош эван дакор,"NEW Иммергаз Eolo Mythos 24 5 R навесной, 2 теплообменника, 2-х контурный, турбо без трубы",49960.716,11.0,"{""КРД"": 4.0, ""Крым"": 7.0}",2026-05-15_13-05-59_unknown_supplier_12_05_бакси_иммергаз_аристон_дражице_навьен_термекс_бош_эван_дакор.xls,962
ib,unknown supplier 12 05 бакси иммергаз аристон дражице навьен термекс бош эван дакор,"NEW Иммергаз Eolo Talos 30 2 R навесной, 2 теплообменника, 2-х контурный, турбо без трубы",64546.6848,3.0,"{""КРД"": 2.0, ""Крым"": 1.0}",2026-05-15_13-05-59_unknown_supplier_12_05_бакси_иммергаз_аристон_дражице_навьен_термекс_бош_эван_дакор.xls,963
ib,unknown supplier 12 05 бакси иммергаз аристон дражице навьен термекс бош эван дакор,"NEW Иммергаз Nike Mythos 24 5 R навесной,2 тепл-ка, 2-х контурный, дым",47798.8576,5.0,"{""Крым"": 5.0}",2026-05-15_13-05-59_unknown_supplier_12_05_бакси_иммергаз_аристон_дражице_навьен_термекс_бош_эван_дакор.xls,964
ib,unknown supplier 12 05 бакси иммергаз аристон дражице навьен термекс бош эван дакор,"NEW Иммергаз Eolo Talos X 30 2R навесной, 1- контурный, турбо без трубы",65303.5136,1.0,"{""КРД"": 1.0}",2026-05-15_13-05-59_unknown_supplier_12_05_бакси_иммергаз_аристон_дражице_навьен_термекс_бош_эван_дакор.xls,965
ib,unknown supplier 12 05 бакси иммергаз аристон дражице навьен термекс бош эван дакор,Иммергаз Патрубок подключения к котлу с фланцем 60/100 мм,2712.0,2.0,"{""КРД"": 1.0, ""Крым"": 1.0}",2026-05-15_13-05-59_unknown_supplier_12_05_бакси_иммергаз_аристон_дражице_навьен_термекс_бош_эван_дакор.xls,967
ib,unknown supplier 12 05 бакси иммергаз аристон дражице навьен термекс бош эван дакор,Иммергаз Датчик температуры бойлера для каскада,3144.0,1.0,"{""КРД"": 1.0}",2026-05-15_13-05-59_unknown_supplier_12_05_бакси_иммергаз_аристон_дражице_навьен_термекс_бош_эван_дакор.xls,968
ib,unknown supplier 12 05 бакси иммергаз аристон дражице навьен термекс бош эван дакор,Иммергаз комплект патрубков с фланцем для подключения к котлу 80 мм,831.68,3.0,"{""КРД"": 3.0}",2026-05-15_13-05-59_unknown_supplier_12_05_бакси_иммергаз_аристон_дражице_навьен_термекс_бош_эван_дакор.xls,969
ib,unknown supplier 12 05 бакси иммергаз аристон дражице навьен термекс бош эван дакор,Иммергаз отвод 90 П/М 60/100,2769.0,1.0,"{""Крым"": 1.0}",2026-05-15_13-05-59_unknown_supplier_12_05_бакси_иммергаз_аристон_дражице_навьен_термекс_бош_эван_дакор.xls,970
ib,unknown supplier 12 05 бакси иммергаз аристон дражице навьен термекс бош эван дакор,Иммергаз патрубок с фланцем для подключения к котлу 60/100,2799.0,2.0,"{""КРД"": 2.0}",2026-05-15_13-05-59_unknown_supplier_12_05_бакси_иммергаз_аристон_дражице_навьен_термекс_бош_эван_дакор.xls,971
ib,unknown supplier 12 05 бакси иммергаз аристон дражице навьен термекс бош эван дакор,Иммергаз Пульт ДУ Mini CRD,3592.0,8.0,"{""Крым"": 8.0}",2026-05-15_13-05-59_unknown_supplier_12_05_бакси_иммергаз_аристон_дражице_навьен_термекс_бош_эван_дакор.xls,972
ib,unknown supplier 12 05 бакси иммергаз аристон дражице навьен термекс бош эван дакор,Иммергаз Датчик NTC бойлера,1107.4,,{},2026-05-15_13-05-59_unknown_supplier_12_05_бакси_иммергаз_аристон_дражице_навьен_термекс_бош_эван_дакор.xls,973
ib,unknown supplier 12 05 бакси иммергаз аристон дражице навьен термекс бош эван дакор,"Иммергаз VICTRIX 24 TT 2 ERP.(60/100) настенный,2 тепл-ка, 2-х контурный, конденсационный",105127.048,2.0,"{""Крым"": 2.0}",2026-05-15_13-05-59_unknown_supplier_12_05_бакси_иммергаз_аристон_дражице_навьен_термекс_бош_эван_дакор.xls,975
ib,unknown supplier 12 05 бакси иммергаз аристон дражице навьен термекс бош эван дакор,"Комплект коаксиального дымохода с оголовком, гориз.60/100 (конденс)",7498.410400000001,6.0,"{""КРД"": 6.0}",2026-05-15_13-05-59_unknown_supplier_12_05_бакси_иммергаз_аристон_дражице_навьен_термекс_бош_эван_дакор.xls,976
ib,unknown supplier 12 05 бакси иммергаз аристон дражице навьен термекс бош эван дакор,"Иммергаз VICTRIX Omnia 2-х конт, 20кВт, конденс",73826.00159999999,2.0,"{""КРД"": 2.0}",2026-05-15_13-05-59_unknown_supplier_12_05_бакси_иммергаз_аристон_дражице_навьен_термекс_бош_эван_дакор.xls,977
ib,unknown supplier 12 05 бакси иммергаз аристон дражице навьен термекс бош эван дакор,Иммергаз VICTRIX TERA 28 1 конденсационный,97888.908,2.0,"{""КРД"": 1.0, ""Крым"": 1.0}",2026-05-15_13-05-59_unknown_supplier_12_05_бакси_иммергаз_аристон_дражице_навьен_термекс_бош_эван_дакор.xls,978
ib,unknown supplier 12 05 бакси иммергаз аристон дражице навьен термекс бош эван дакор,Комплект дымохода горизонтальный D 80/125 (аналог 3.015242),14697.2072,3.0,"{""КРД"": 1.0, ""Крым"": 2.0}",2026-05-15_13-05-59_unknown_supplier_12_05_бакси_иммергаз_аристон_дражице_навьен_термекс_бош_эван_дакор.xls,979
ib,unknown supplier 12 05 бакси иммергаз аристон дражице навьен термекс бош эван дакор,Иммергаз VICTRIX TERA V2 24 Plus EU 1 контур. конденсационный,90232.116,1.0,"{""КРД"": 1.0}",2026-05-15_13-05-59_unknown_supplier_12_05_бакси_иммергаз_аристон_дражице_навьен_термекс_бош_эван_дакор.xls,980
ib,unknown supplier 12 05 бакси иммергаз аристон дражице навьен термекс бош эван дакор,Иммергаз VICTRIX TERA 32 1 конденсационный,100274.72,1.0,"{""КРД"": 1.0}",2026-05-15_13-05-59_unknown_supplier_12_05_бакси_иммергаз_аристон_дражице_навьен_термекс_бош_эван_дакор.xls,981
ib,unknown supplier 12 05 бакси иммергаз аристон дражице навьен термекс бош эван дакор,Иммергаз комплект подкл. бака-водонагрев. MINI X,9348.14,2.0,"{""КРД"": 2.0}",2026-05-15_13-05-59_unknown_supplier_12_05_бакси_иммергаз_аристон_дражице_навьен_термекс_бош_эван_дакор.xls,983
ib,unknown supplier 12 05 бакси иммергаз аристон дражице навьен термекс бош эван дакор,"Модуль для подключения BCM-W35 к Deluxe, Atmo, GA/GST, LFA/LST, GPD/GTD, RPD/RTD",4513.08,2.0,"{""Крым"": 2.0}",2026-05-15_13-05-59_unknown_supplier_12_05_бакси_иммергаз_аристон_дражице_навьен_термекс_бош_эван_дакор.xls,985
ib,unknown supplier 12 05 бакси иммергаз аристон дражице навьен термекс бош эван дакор,"Navien NGB 210-24k турбо,2 тепл-ка нерж АКЦИЯ",40135.98,125.0,"{""КРД"": 94.0, ""Крым"": 31.0}",2026-05-15_13-05-59_unknown_supplier_12_05_бакси_иммергаз_аристон_дражице_навьен_термекс_бош_эван_дакор.xls,986
ib,unknown supplier 12 05 бакси иммергаз аристон дражице навьен термекс бош эван дакор,"Датчик температуры NTC G1/4TS2 (G1/2""), внешний",562.5,10.0,"{""КРД"": 9.0, ""Крым"": 1.0}",2026-05-15_13-05-59_unknown_supplier_12_05_бакси_иммергаз_аристон_дражице_навьен_термекс_бош_эван_дакор.xls,989
ib,unknown supplier 12 05 бакси иммергаз аристон дражице навьен термекс бош эван дакор,"Датчик температуры NTC ARDERIA для бойлера, 10 кОм, кабель 1,5м",695.0,8.0,"{""КРД"": 8.0}",2026-05-15_13-05-59_unknown_supplier_12_05_бакси_иммергаз_аристон_дражице_навьен_термекс_бош_эван_дакор.xls,990
ib,unknown supplier 12 05 бакси иммергаз аристон дражице навьен термекс бош эван дакор,"Датчик температуры NTC ARDERIA для бойлера, 50 кОм, кабель 1,5м",695.0,5.0,"{""КРД"": 4.0, ""Крым"": 1.0}",2026-05-15_13-05-59_unknown_supplier_12_05_бакси_иммергаз_аристон_дражице_навьен_термекс_бош_эван_дакор.xls,991
ib,unknown supplier 12 05 бакси иммергаз аристон дражице навьен термекс бош эван дакор,Коаксиальный комплект на Dakor (труба+угол),1638.75,1.0,"{""Крым"": 1.0}",2026-05-15_13-05-59_unknown_supplier_12_05_бакси_иммергаз_аристон_дражице_навьен_термекс_бош_эван_дакор.xls,992
ib,unknown supplier 12 05 бакси иммергаз аристон дражице навьен термекс бош эван дакор,"Форсунки LPG 0.78 с шайбами, комплект 15 шт. котлов Arderia 28-32 кВт",1378.88,9.0,"{""КРД"": 9.0}",2026-05-15_13-05-59_unknown_supplier_12_05_бакси_иммергаз_аристон_дражице_навьен_термекс_бош_эван_дакор.xls,993
ib,unknown supplier 12 05 бакси иммергаз аристон дражице навьен термекс бош эван дакор,"Dakor D10, турбо, 2 конт, 2 тепл-ка",30531.6375,7.0,"{""КРД"": 6.0, ""Крым"": 1.0}",2026-05-15_13-05-59_unknown_supplier_12_05_бакси_иммергаз_аристон_дражице_навьен_термекс_бош_эван_дакор.xls,995
ib,unknown supplier 12 05 бакси иммергаз аристон дражице навьен термекс бош эван дакор,"Dakor D14, турбо, 2 конт, 2 тепл-ка",30533.160000000003,4.0,"{""КРД"": 2.0, ""Крым"": 2.0}",2026-05-15_13-05-59_unknown_supplier_12_05_бакси_иммергаз_аристон_дражице_навьен_термекс_бош_эван_дакор.xls,996
ib,unknown supplier 12 05 бакси иммергаз аристон дражице навьен термекс бош эван дакор,"Dakor D16, турбо, 2 конт, 2 тепл-ка",30530.682,3.0,"{""КРД"": 2.0, ""Крым"": 1.0}",2026-05-15_13-05-59_unknown_supplier_12_05_бакси_иммергаз_аристон_дражице_навьен_термекс_бош_эван_дакор.xls,997
ib,unknown supplier 12 05 бакси иммергаз аристон дражице навьен термекс бош эван дакор,"Dakor D18, турбо, 2 конт, 2 тепл-ка",30531.06,3.0,"{""КРД"": 3.0}",2026-05-15_13-05-59_unknown_supplier_12_05_бакси_иммергаз_аристон_дражице_навьен_термекс_бош_эван_дакор.xls,998
ib,unknown supplier 12 05 бакси иммергаз аристон дражице навьен термекс бош эван дакор,"Dakor D24, турбо, 2 конт, 2 тепл-ка",31790.85,1.0,"{""КРД"": 1.0}",2026-05-15_13-05-59_unknown_supplier_12_05_бакси_иммергаз_аристон_дражице_навьен_термекс_бош_эван_дакор.xls,999
ib,unknown supplier 12 05 бакси иммергаз аристон дражице навьен термекс бош эван дакор,"Dakor D28, турбо, 2 конт, 2 тепл-ка",35434.5705,3.0,"{""КРД"": 2.0, ""Крым"": 1.0}",2026-05-15_13-05-59_unknown_supplier_12_05_бакси_иммергаз_аристон_дражице_навьен_термекс_бош_эван_дакор.xls,1000
ib,unknown supplier 12 05 бакси иммергаз аристон дражице навьен термекс бош эван дакор,"Dakor D32, турбо, 2 конт, 2 тепл-ка",35455.06650000001,3.0,"{""КРД"": 3.0}",2026-05-15_13-05-59_unknown_supplier_12_05_бакси_иммергаз_аристон_дражице_навьен_термекс_бош_эван_дакор.xls,1001
ib,unknown supplier 12 05 бакси иммергаз аристон дражице навьен термекс бош эван дакор,"Dakor SB24, турбо, 1 конт, 3-хход + сервопривод",31876.152,4.0,"{""КРД"": 4.0}",2026-05-15_13-05-59_unknown_supplier_12_05_бакси_иммергаз_аристон_дражице_навьен_термекс_бош_эван_дакор.xls,1002
ib,unknown supplier 12 05 бакси иммергаз аристон дражице навьен термекс бош эван дакор,"Dakor SB28, турбо, 1 конт, 3-хход + сервопривод",34247.199,1.0,"{""КРД"": 1.0}",2026-05-15_13-05-59_unknown_supplier_12_05_бакси_иммергаз_аристон_дражице_навьен_термекс_бош_эван_дакор.xls,1003
ib,unknown supplier 12 05 бакси иммергаз аристон дражице навьен термекс бош эван дакор,"Dakor SB32, турбо, 1 конт, 3-хход + сервопривод",34248.984000000004,2.0,"{""КРД"": 2.0}",2026-05-15_13-05-59_unknown_supplier_12_05_бакси_иммергаз_аристон_дражице_навьен_термекс_бош_эван_дакор.xls,1004
ib,unknown supplier 12 05 бакси иммергаз аристон дражице навьен термекс бош эван дакор,"Dakor SB40, турбо, 1 конт, 3-хход + сервопривод",36026.319,6.0,"{""КРД"": 6.0}",2026-05-15_13-05-59_unknown_supplier_12_05_бакси_иммергаз_аристон_дражице_навьен_термекс_бош_эван_дакор.xls,1005
ib,unknown supplier 12 05 бакси иммергаз аристон дражице навьен термекс бош эван дакор,"Dakor D16 atmo, дымох, 2 конт, 2 тепл-ка",28806.9285,3.0,"{""КРД"": 3.0}",2026-05-15_13-05-59_unknown_supplier_12_05_бакси_иммергаз_аристон_дражице_навьен_термекс_бош_эван_дакор.xls,1006
ib,unknown supplier 12 05 бакси иммергаз аристон дражице навьен термекс бош эван дакор,Китурами World Alpha-13 Настенный газовый 2х конт котел турбо,31892.697000000004,12.0,"{""КРД"": 4.0, ""Крым"": 8.0}",2026-05-15_13-05-59_unknown_supplier_12_05_бакси_иммергаз_аристон_дражице_навьен_термекс_бош_эван_дакор.xls,1008
ib,unknown supplier 12 05 бакси иммергаз аристон дражице навьен термекс бош эван дакор,Китурами World Alpha-24 Настенный газовый 2х конт котел турбо,32613.709000000003,12.0,"{""Крым"": 12.0}",2026-05-15_13-05-59_unknown_supplier_12_05_бакси_иммергаз_аристон_дражице_навьен_термекс_бош_эван_дакор.xls,1009
ib,unknown supplier 12 05 бакси иммергаз аристон дражице навьен термекс бош эван дакор,Китурами World Alpha-30 Настенный газовый 2х конт котел турбо,37002.19380000001,1.0,"{""КРД"": 1.0}",2026-05-15_13-05-59_unknown_supplier_12_05_бакси_иммергаз_аристон_дражице_навьен_термекс_бош_эван_дакор.xls,1010
ib,unknown supplier 12 05 бакси иммергаз аристон дражице навьен термекс бош эван дакор,Китурами World Alpha S-18 Настенный газовый 2х конт котел турбо,36371.1334,2.0,"{""Крым"": 2.0}",2026-05-15_13-05-59_unknown_supplier_12_05_бакси_иммергаз_аристон_дражице_навьен_термекс_бош_эван_дакор.xls,1011
ib,unknown supplier 12 05 бакси иммергаз аристон дражице навьен термекс бош эван дакор,Китурами World Alpha S-24 Настенный газовый 2х конт котел турбо,35895.840000000004,32.0,"{""КРД"": 3.0, ""Крым"": 29.0}",2026-05-15_13-05-59_unknown_supplier_12_05_бакси_иммергаз_аристон_дражице_навьен_термекс_бош_эван_дакор.xls,1012
ib,unknown supplier 12 05 бакси иммергаз аристон дражице навьен термекс бош эван дакор,Китурами World Alpha S-30 Настенный газовый 2х конт котел турбо,38197.7148,5.0,"{""КРД"": 2.0, ""Крым"": 3.0}",2026-05-15_13-05-59_unknown_supplier_12_05_бакси_иммергаз_аристон_дражице_навьен_термекс_бош_эван_дакор.xls,1013
ib,unknown supplier 12 05 бакси иммергаз аристон дражице навьен термекс бош эван дакор,Китурами World Alpha S-35 Настенный газовый 2х конт котел турбо,47863.4202,2.0,"{""КРД"": 1.0, ""Крым"": 1.0}",2026-05-15_13-05-59_unknown_supplier_12_05_бакси_иммергаз_аристон_дражице_навьен_термекс_бош_эван_дакор.xls,1014
ib,unknown supplier 12 05 бакси иммергаз аристон дражице навьен термекс бош эван дакор,"Китурами World Alpha С-15 Настенный газовый 2х конт котел турбо, то Медь",35701.118,2.0,"{""КРД"": 1.0, ""Крым"": 1.0}",2026-05-15_13-05-59_unknown_supplier_12_05_бакси_иммергаз_аристон_дражице_навьен_термекс_бош_эван_дакор.xls,1015
ib,unknown supplier 12 05 бакси иммергаз аристон дражице навьен термекс бош эван дакор,"Китурами World Alpha С-18 Настенный газовый 2х конт котел турбо, то Медь",35981.042799999996,6.0,"{""КРД"": 6.0}",2026-05-15_13-05-59_unknown_supplier_12_05_бакси_иммергаз_аристон_дражице_навьен_термекс_бош_эван_дакор.xls,1016
ib,unknown supplier 12 05 бакси иммергаз аристон дражице навьен термекс бош эван дакор,"Китурами World Alpha С-30 Настенный газовый 2х конт котел турбо, то Медь",40719.741,11.0,"{""КРД"": 3.0, ""Крым"": 8.0}",2026-05-15_13-05-59_unknown_supplier_12_05_бакси_иммергаз_аристон_дражице_навьен_термекс_бош_эван_дакор.xls,1017
ib,unknown supplier 12 05 бакси иммергаз аристон дражице навьен термекс бош эван дакор,"Китурами World Alpha С-35 Настенный газовый 2х конт котел турбо, то Медь",48677.3518,2.0,"{""КРД"": 1.0, ""Крым"": 1.0}",2026-05-15_13-05-59_unknown_supplier_12_05_бакси_иммергаз_аристон_дражице_навьен_термекс_бош_эван_дакор.xls,1018
ib,unknown supplier 12 05 бакси иммергаз аристон дражице навьен термекс бош эван дакор,Китурами World Alpha Е 13 Настенный газовый 2х конт котел турбо,32963.6256,1.0,"{""Крым"": 1.0}",2026-05-15_13-05-59_unknown_supplier_12_05_бакси_иммергаз_аристон_дражице_навьен_термекс_бош_эван_дакор.xls,1019
ib,unknown supplier 12 05 бакси иммергаз аристон дражице навьен термекс бош эван дакор,Китурами World Alpha Е 24 Настенный газовый 2х конт котел турбо,32544.120000000003,11.0,"{""КРД"": 6.0, ""Крым"": 5.0}",2026-05-15_13-05-59_unknown_supplier_12_05_бакси_иммергаз_аристон_дражице_навьен_термекс_бош_эван_дакор.xls,1020
ib,unknown supplier 12 05 бакси иммергаз аристон дражице навьен термекс бош эван дакор,Китурами Alpha Plus-18 Настенный газовый 2х конт котел турбо,33303.504,4.0,"{""КРД"": 2.0, ""Крым"": 2.0}",2026-05-15_13-05-59_unknown_supplier_12_05_бакси_иммергаз_аристон_дражице_навьен_термекс_бош_эван_дакор.xls,1021
ib,unknown supplier 12 05 бакси иммергаз аристон дражице навьен термекс бош эван дакор,Котел газовый двухконтурный Midea MGB-18-2F NEMAN,30422.0,8.0,"{""КРД"": 4.0, ""Крым"": 4.0}",2026-05-15_13-05-59_unknown_supplier_12_05_бакси_иммергаз_аристон_дражице_навьен_термекс_бош_эван_дакор.xls,1023
ib,unknown supplier 12 05 бакси иммергаз аристон дражице навьен термекс бош эван дакор,Котел газовый двухконтурный Midea MGB-24-2F NEMAN,28302.0,88.0,"{""КРД"": 61.0, ""Крым"": 27.0}",2026-05-15_13-05-59_unknown_supplier_12_05_бакси_иммергаз_аристон_дражице_навьен_термекс_бош_эван_дакор.xls,1024
ib,unknown supplier 12 05 бакси иммергаз аристон дражице навьен термекс бош эван дакор,"ТЭН 2,5 кВт для бойлеров UBT 80-200 л",7457.5,3.0,"{""КРД"": 1.0, ""Крым"": 2.0}",2026-05-15_13-05-59_unknown_supplier_12_05_бакси_иммергаз_аристон_дражице_навьен_термекс_бош_эван_дакор.xls,1027
ib,unknown supplier 12 05 бакси иммергаз аристон дражице навьен термекс бош эван дакор,Бакси бойлер электрический V 550 - 50 л,12715.56,2.0,"{""КРД"": 2.0}",2026-05-15_13-05-59_unknown_supplier_12_05_бакси_иммергаз_аристон_дражице_навьен_термекс_бош_эван_дакор.xls,1028
ib,unknown supplier 12 05 бакси иммергаз аристон дражице навьен термекс бош эван дакор,"Водонагреватель комбинированный BAXI V 580 TD Макс . мощность змеевика 17,5 кВт ТЭН 1.5кВт",21790.34,1.0,"{""КРД"": 1.0}",2026-05-15_13-05-59_unknown_supplier_12_05_бакси_иммергаз_аристон_дражице_навьен_термекс_бош_эван_дакор.xls,1029
ib,unknown supplier 12 05 бакси иммергаз аристон дражице навьен термекс бош эван дакор,"Водонагреватель комбинированный BAXI V 580 TS Макс . мощность змеевика 17,5 кВт ТЭН 1.5кВт",21790.34,2.0,"{""КРД"": 2.0}",2026-05-15_13-05-59_unknown_supplier_12_05_бакси_иммергаз_аристон_дражице_навьен_термекс_бош_эван_дакор.xls,1030
ib,unknown supplier 12 05 бакси иммергаз аристон дражице навьен термекс бош эван дакор,Дражице ОКС 100/1 m2 модель 2016,57770.6668,1.0,"{""Крым"": 1.0}",2026-05-15_13-05-59_unknown_supplier_12_05_бакси_иммергаз_аристон_дражице_навьен_термекс_бош_эван_дакор.xls,1033
ib,unknown supplier 12 05 бакси иммергаз аристон дражице навьен термекс бош эван дакор,Дражице ОКС 125/1 m2 модель 2016,59918.5328,8.0,"{""КРД"": 4.0, ""Крым"": 4.0}",2026-05-15_13-05-59_unknown_supplier_12_05_бакси_иммергаз_аристон_дражице_навьен_термекс_бош_эван_дакор.xls,1034
ib,unknown supplier 12 05 бакси иммергаз аристон дражице навьен термекс бош эван дакор,Дражице ОКС 160 NTR модель 2016,67864.6472,1.0,"{""Крым"": 1.0}",2026-05-15_13-05-59_unknown_supplier_12_05_бакси_иммергаз_аристон_дражице_навьен_термекс_бош_эван_дакор.xls,1035
ib,unknown supplier 12 05 бакси иммергаз аристон дражице навьен термекс бош эван дакор,Дражице ОКС 160/1 m2 модель 2016,65072.4214,6.0,"{""КРД"": 5.0, ""Крым"": 1.0}",2026-05-15_13-05-59_unknown_supplier_12_05_бакси_иммергаз_аристон_дражице_навьен_термекс_бош_эван_дакор.xls,1036
ib,unknown supplier 12 05 бакси иммергаз аристон дражице навьен термекс бош эван дакор,"Дражице ОКСV 200, горизонтальный, модель 2016",77311.2984,1.0,"{""КРД"": 1.0}",2026-05-15_13-05-59_unknown_supplier_12_05_бакси_иммергаз_аристон_дражице_навьен_термекс_бош_эван_дакор.xls,1037
ib,unknown supplier 12 05 бакси иммергаз аристон дражице навьен термекс бош эван дакор,Дражице ОКС 200 / 1 м2,79030.581,3.0,"{""КРД"": 3.0}",2026-05-15_13-05-59_unknown_supplier_12_05_бакси_иммергаз_аристон_дражице_навьен_термекс_бош_эван_дакор.xls,1039
ib,unknown supplier 12 05 бакси иммергаз аристон дражице навьен термекс бош эван дакор,Дражице ОКС 200 NTRR/BP,84379.4602,1.0,"{""Крым"": 1.0}",2026-05-15_13-05-59_unknown_supplier_12_05_бакси_иммергаз_аристон_дражице_навьен_термекс_бош_эван_дакор.xls,1040
ib,unknown supplier 12 05 бакси иммергаз аристон дражице навьен термекс бош эван дакор,Дражице ОКС 300 NTR/BP,91995.9712,9.0,"{""КРД"": 9.0}",2026-05-15_13-05-59_unknown_supplier_12_05_бакси_иммергаз_аристон_дражице_навьен_термекс_бош_эван_дакор.xls,1041
ib,unknown supplier 12 05 бакси иммергаз аристон дражице навьен термекс бош эван дакор,Дражице ОКС 500 NTR/BP,127349.6476,2.0,"{""КРД"": 2.0}",2026-05-15_13-05-59_unknown_supplier_12_05_бакси_иммергаз_аристон_дражице_навьен_термекс_бош_эван_дакор.xls,1042
ib,unknown supplier 12 05 бакси иммергаз аристон дражице навьен термекс бош эван дакор,Дражице ОКС 500 NTRR/BP,175787.4902,2.0,"{""КРД"": 2.0}",2026-05-15_13-05-59_unknown_supplier_12_05_бакси_иммергаз_аристон_дражице_навьен_термекс_бош_эван_дакор.xls,1043
ib,unknown supplier 12 05 бакси иммергаз аристон дражице навьен термекс бош эван дакор,"Дражице ОКСЕ 160 NTR/2,2 квт",94492.2468,1.0,"{""КРД"": 1.0}",2026-05-15_13-05-59_unknown_supplier_12_05_бакси_иммергаз_аристон_дражице_навьен_термекс_бош_эван_дакор.xls,1044
ib,unknown supplier 12 05 бакси иммергаз аристон дражице навьен термекс бош эван дакор,Дражице ОКС 160 NTR/ BP (2025) выход под фланец 150,66409.6412,21.0,"{""КРД"": 16.0, ""Крым"": 5.0}",2026-05-15_13-05-59_unknown_supplier_12_05_бакси_иммергаз_аристон_дражице_навьен_термекс_бош_эван_дакор.xls,1045
ib,unknown supplier 12 05 бакси иммергаз аристон дражице навьен термекс бош эван дакор,Дражице ОКС 200 NTR/ BP (2025) выход под фланец 150,73441.1804,17.0,"{""КРД"": 17.0}",2026-05-15_13-05-59_unknown_supplier_12_05_бакси_иммергаз_аристон_дражице_навьен_термекс_бош_эван_дакор.xls,1046
ib,unknown supplier 12 05 бакси иммергаз аристон дражице навьен термекс бош эван дакор,"Дражице ОКС 200 NTRR/BP модель 2025, под фланец 150",84379.4602,4.0,"{""КРД"": 3.0, ""Крым"": 1.0}",2026-05-15_13-05-59_unknown_supplier_12_05_бакси_иммергаз_аристон_дражице_навьен_термекс_бош_эван_дакор.xls,1047
ib,unknown supplier 12 05 бакси иммергаз аристон дражице навьен термекс бош эван дакор,Комплект сопел под сжиженный газ на ГГУ-12,717.6,1.0,"{""КРД"": 1.0}",2026-05-15_13-05-59_unknown_supplier_12_05_бакси_иммергаз_аристон_дражице_навьен_термекс_бош_эван_дакор.xls,1051
ib,unknown supplier 12 05 бакси иммергаз аристон дражице навьен термекс бош эван дакор,Комплект сопел под сжиженный газ на ГГУ-9,530.28,1.0,"{""КРД"": 1.0}",2026-05-15_13-05-59_unknown_supplier_12_05_бакси_иммергаз_аристон_дражице_навьен_термекс_бош_эван_дакор.xls,1052
ib,unknown supplier 12 05 бакси иммергаз аристон дражице навьен термекс бош эван дакор,"Лемакс Classic 10 одноконтурный, sit",25234.56,22.0,"{""КРД"": 21.0, ""Крым"": 1.0}",2026-05-15_13-05-59_unknown_supplier_12_05_бакси_иммергаз_аристон_дражице_навьен_термекс_бош_эван_дакор.xls,1054
ib,unknown supplier 12 05 бакси иммергаз аристон дражице навьен термекс бош эван дакор,"Лемакс Classic 12,5 одноконтурный, sit",29574.792,48.0,"{""КРД"": 39.0, ""Крым"": 9.0}",2026-05-15_13-05-59_unknown_supplier_12_05_бакси_иммергаз_аристон_дражице_навьен_термекс_бош_эван_дакор.xls,1055
ib,unknown supplier 12 05 бакси иммергаз аристон дражице навьен термекс бош эван дакор,"Лемакс Classic 12,5V двухконтурный, sit",34314.696,2.0,"{""КРД"": 2.0}",2026-05-15_13-05-59_unknown_supplier_12_05_бакси_иммергаз_аристон_дражице_навьен_термекс_бош_эван_дакор.xls,1056
ib,unknown supplier 12 05 бакси иммергаз аристон дражице навьен термекс бош эван дакор,"Лемакс Classic 16 одноконтурный, sit",32272.344,32.0,"{""КРД"": 21.0, ""Крым"": 11.0}",2026-05-15_13-05-59_unknown_supplier_12_05_бакси_иммергаз_аристон_дражице_навьен_термекс_бош_эван_дакор.xls,1057
ib,unknown supplier 12 05 бакси иммергаз аристон дражице навьен термекс бош эван дакор,"Лемакс Classic 16V двухконтурный, sit",38005.344,5.0,"{""Крым"": 5.0}",2026-05-15_13-05-59_unknown_supplier_12_05_бакси_иммергаз_аристон_дражице_навьен_термекс_бош_эван_дакор.xls,1058
ib,unknown supplier 12 05 бакси иммергаз аристон дражице навьен термекс бош эван дакор,"Лемакс Classic 20 одноконтурный, sit",37179.792,26.0,"{""КРД"": 17.0, ""Крым"": 9.0}",2026-05-15_13-05-59_unknown_supplier_12_05_бакси_иммергаз_аристон_дражице_навьен_термекс_бош_эван_дакор.xls,1059
ib,unknown supplier 12 05 бакси иммергаз аристон дражице навьен термекс бош эван дакор,"Лемакс Classic 20V двухконтурный, sit",43012.944,5.0,"{""Крым"": 5.0}",2026-05-15_13-05-59_unknown_supplier_12_05_бакси_иммергаз_аристон_дражице_навьен_термекс_бош_эван_дакор.xls,1060
ib,unknown supplier 12 05 бакси иммергаз аристон дражице навьен термекс бош эван дакор,"Лемакс Classic 25 одноконтурный, sit",41618.304,9.0,"{""КРД"": 7.0, ""Крым"": 2.0}",2026-05-15_13-05-59_unknown_supplier_12_05_бакси_иммергаз_аристон_дражице_навьен_термекс_бош_эван_дакор.xls,1061
ib,unknown supplier 12 05 бакси иммергаз аристон дражице навьен термекс бош эван дакор,"Лемакс Classic 25V двухконтурный, sit",47982.168,4.0,"{""КРД"": 3.0, ""Крым"": 1.0}",2026-05-15_13-05-59_unknown_supplier_12_05_бакси_иммергаз_аристон_дражице_навьен_термекс_бош_эван_дакор.xls,1062
ib,unknown supplier 12 05 бакси иммергаз аристон дражице навьен термекс бош эван дакор,"Лемакс Classic 30 одноконтурный, sit",44710.848,15.0,"{""КРД"": 5.0, ""Крым"": 10.0}",2026-05-15_13-05-59_unknown_supplier_12_05_бакси_иммергаз_аристон_дражице_навьен_термекс_бош_эван_дакор.xls,1063
ib,unknown supplier 12 05 бакси иммергаз аристон дражице навьен термекс бош эван дакор,"Лемакс Classic 30V двухконтурный, sit",50924.952000000005,5.0,"{""КРД"": 2.0, ""Крым"": 3.0}",2026-05-15_13-05-59_unknown_supplier_12_05_бакси_иммергаз_аристон_дражице_навьен_термекс_бош_эван_дакор.xls,1064
ib,unknown supplier 12 05 бакси иммергаз аристон дражице навьен термекс бош эван дакор,"Лемакс Classic 35 одноконтурный, sit",59269.39200000001,6.0,"{""КРД"": 1.0, ""Крым"": 5.0}",2026-05-15_13-05-59_unknown_supplier_12_05_бакси_иммергаз_аристон_дражице_навьен_термекс_бош_эван_дакор.xls,1065
ib,unknown supplier 12 05 бакси иммергаз аристон дражице навьен термекс бош эван дакор,"Лемакс Classic 35V двухконтурный, sit",65667.888,2.0,"{""КРД"": 1.0, ""Крым"": 1.0}",2026-05-15_13-05-59_unknown_supplier_12_05_бакси_иммергаз_аристон_дражице_навьен_термекс_бош_эван_дакор.xls,1066
ib,unknown supplier 12 05 бакси иммергаз аристон дражице навьен термекс бош эван дакор,"Лемакс Classic 40 одноконтурный, sit",67502.448,5.0,"{""КРД"": 3.0, ""Крым"": 2.0}",2026-05-15_13-05-59_unknown_supplier_12_05_бакси_иммергаз_аристон_дражице_навьен_термекс_бош_эван_дакор.xls,1067
ib,unknown supplier 12 05 бакси иммергаз аристон дражице навьен термекс бош эван дакор,"Лемакс Classic 40V двухконтурный, sit",73881.288,3.0,"{""КРД"": 1.0, ""Крым"": 2.0}",2026-05-15_13-05-59_unknown_supplier_12_05_бакси_иммергаз_аристон_дражице_навьен_термекс_бош_эван_дакор.xls,1068
ib,unknown supplier 12 05 бакси иммергаз аристон дражице навьен термекс бош эван дакор,"Лемакс Classic 7,5 одноконтурный, sit",24782.472,16.0,"{""КРД"": 3.0, ""Крым"": 13.0}",2026-05-15_13-05-59_unknown_supplier_12_05_бакси_иммергаз_аристон_дражице_навьен_термекс_бош_эван_дакор.xls,1069
ib,unknown supplier 12 05 бакси иммергаз аристон дражице навьен термекс бош эван дакор,"Лемакс Classic-50 одноконтурный, sit",86385.312,3.0,"{""КРД"": 3.0}",2026-05-15_13-05-59_unknown_supplier_12_05_бакси_иммергаз_аристон_дражице_навьен_термекс_бош_эван_дакор.xls,1070
ib,unknown supplier 12 05 бакси иммергаз аристон дражице навьен термекс бош эван дакор,"Лемакс Classic-60 одноконтурный, sit",99361.08,4.0,"{""КРД"": 4.0}",2026-05-15_13-05-59_unknown_supplier_12_05_бакси_иммергаз_аристон_дражице_навьен_термекс_бош_эван_дакор.xls,1071
ib,unknown supplier 12 05 бакси иммергаз аристон дражице навьен термекс бош эван дакор,"Лемакс Classic-70 одноконтурный, sit",114846.264,5.0,"{""КРД"": 4.0, ""Крым"": 1.0}",2026-05-15_13-05-59_unknown_supplier_12_05_бакси_иммергаз_аристон_дражице_навьен_термекс_бош_эван_дакор.xls,1072
ib,unknown supplier 12 05 бакси иммергаз аристон дражице навьен термекс бош эван дакор,"Лемакс Classic-80 одноконтурный, sit",126298.22400000002,1.0,"{""КРД"": 1.0}",2026-05-15_13-05-59_unknown_supplier_12_05_бакси_иммергаз_аристон_дражице_навьен_термекс_бош_эван_дакор.xls,1073
ib,unknown supplier 12 05 бакси иммергаз аристон дражице навьен термекс бош эван дакор,"Лемакс Classic-90 одноконтурный, sit",138474.64800000002,2.0,"{""КРД"": 1.0, ""Крым"": 1.0}",2026-05-15_13-05-59_unknown_supplier_12_05_бакси_иммергаз_аристон_дражице_навьен_термекс_бош_эван_дакор.xls,1074
ib,unknown supplier 12 05 бакси иммергаз аристон дражице навьен термекс бош эван дакор,Лемакс CLEVER 20,66135.888,,{},2026-05-15_13-05-59_unknown_supplier_12_05_бакси_иммергаз_аристон_дражице_навьен_термекс_бош_эван_дакор.xls,1076
ib,unknown supplier 12 05 бакси иммергаз аристон дражице навьен термекс бош эван дакор,Лемакс CLEVER 40,98543.016,1.0,"{""КРД"": 1.0}",2026-05-15_13-05-59_unknown_supplier_12_05_бакси_иммергаз_аристон_дражице_навьен_термекс_бош_эван_дакор.xls,1077
ib,unknown supplier 12 05 бакси иммергаз аристон дражице навьен термекс бош эван дакор,"Лемакс Газовик АОГВ-11,6-1 газовый, напольный",24877.944,34.0,"{""КРД"": 27.0, ""Крым"": 7.0}",2026-05-15_13-05-59_unknown_supplier_12_05_бакси_иммергаз_аристон_дражице_навьен_термекс_бош_эван_дакор.xls,1079
ib,unknown supplier 12 05 бакси иммергаз аристон дражице навьен термекс бош эван дакор,"Лемакс Газовик АОГВ-15,5-1 газовый, напольный",30330.144,10.0,"{""КРД"": 3.0, ""Крым"": 7.0}",2026-05-15_13-05-59_unknown_supplier_12_05_бакси_иммергаз_аристон_дражице_навьен_термекс_бош_эван_дакор.xls,1080
ib,unknown supplier 12 05 бакси иммергаз аристон дражице навьен термекс бош эван дакор,"Лемакс Газовик АОГВ-23,2-1 газовый, напольный",34469.136000000006,7.0,"{""КРД"": 3.0, ""Крым"": 4.0}",2026-05-15_13-05-59_unknown_supplier_12_05_бакси_иммергаз_аристон_дражице_навьен_термекс_бош_эван_дакор.xls,1081
ib,unknown supplier 12 05 бакси иммергаз аристон дражице навьен термекс бош эван дакор,"Лемакс Газовик АОГВ-29 -1 газовый, напольный",39194.064,6.0,"{""КРД"": 5.0, ""Крым"": 1.0}",2026-05-15_13-05-59_unknown_supplier_12_05_бакси_иммергаз_аристон_дражице_навьен_термекс_бош_эван_дакор.xls,1082
ib,unknown supplier 12 05 бакси иммергаз аристон дражице навьен термекс бош эван дакор,"Лемакс Газовик АОГВ-6-1 газовый, напольный",22958.208,2.0,"{""КРД"": 1.0, ""Крым"": 1.0}",2026-05-15_13-05-59_unknown_supplier_12_05_бакси_иммергаз_аристон_дражице_навьен_термекс_бош_эван_дакор.xls,1083
ib,unknown supplier 12 05 бакси иммергаз аристон дражице навьен термекс бош эван дакор,"Лемакс Газовик АОГВ-8-1 газовый, напольный",24313.536000000004,,{},2026-05-15_13-05-59_unknown_supplier_12_05_бакси_иммергаз_аристон_дражице_навьен_термекс_бош_эван_дакор.xls,1084
ib,unknown supplier 12 05 бакси иммергаз аристон дражице навьен термекс бош эван дакор,Лемакс Патриот 10 парапетный одноконтурный,38655.864,28.0,"{""КРД"": 25.0, ""Крым"": 3.0}",2026-05-15_13-05-59_unknown_supplier_12_05_бакси_иммергаз_аристон_дражице_навьен_термекс_бош_эван_дакор.xls,1086
ib,unknown supplier 12 05 бакси иммергаз аристон дражице навьен термекс бош эван дакор,"Лемакс Патриот 12,5 парапетный одноконтурный",40377.168,33.0,"{""КРД"": 22.0, ""Крым"": 11.0}",2026-05-15_13-05-59_unknown_supplier_12_05_бакси_иммергаз_аристон_дражице_навьен_термекс_бош_эван_дакор.xls,1087
ib,unknown supplier 12 05 бакси иммергаз аристон дражице навьен термекс бош эван дакор,Лемакс Патриот 16 парапетный одноконтурный,49206.456000000006,30.0,"{""КРД"": 15.0, ""Крым"": 15.0}",2026-05-15_13-05-59_unknown_supplier_12_05_бакси_иммергаз_аристон_дражице_навьен_термекс_бош_эван_дакор.xls,1088
ib,unknown supplier 12 05 бакси иммергаз аристон дражице навьен термекс бош эван дакор,Лемакс Патриот 20 парапетный одноконтурный,51876.864,18.0,"{""КРД"": 15.0, ""Крым"": 3.0}",2026-05-15_13-05-59_unknown_supplier_12_05_бакси_иммергаз_аристон_дражице_навьен_термекс_бош_эван_дакор.xls,1089
ib,unknown supplier 12 05 бакси иммергаз аристон дражице навьен термекс бош эван дакор,Лемакс Патриот 6 парапетный одноконтурный,34915.087999999996,9.0,"{""КРД"": 5.0, ""Крым"": 4.0}",2026-05-15_13-05-59_unknown_supplier_12_05_бакси_иммергаз_аристон_дражице_навьен_термекс_бош_эван_дакор.xls,1090
ib,unknown supplier 12 05 бакси иммергаз аристон дражице навьен термекс бош эван дакор,"Лемакс Патриот 7,5 парапетный одноконтурный",36223.2,4.0,"{""КРД"": 4.0}",2026-05-15_13-05-59_unknown_supplier_12_05_бакси_иммергаз_аристон_дражице_навьен_термекс_бош_эван_дакор.xls,1091
ib,unknown supplier 12 05 бакси иммергаз аристон дражице навьен термекс бош эван дакор,"Лемакc Премиум 10 N одноконтурный,дым, nova",33593.976,3.0,"{""КРД"": 1.0, ""Крым"": 2.0}",2026-05-15_13-05-59_unknown_supplier_12_05_бакси_иммергаз_аристон_дражице_навьен_термекс_бош_эван_дакор.xls,1093
ib,unknown supplier 12 05 бакси иммергаз аристон дражице навьен термекс бош эван дакор,"Лемакc Премиум 10 одноконтурный,дым, sit",31542.264,30.0,"{""КРД"": 18.0, ""Крым"": 12.0}",2026-05-15_13-05-59_unknown_supplier_12_05_бакси_иммергаз_аристон_дражице_навьен_термекс_бош_эван_дакор.xls,1094
ib,unknown supplier 12 05 бакси иммергаз аристон дражице навьен термекс бош эван дакор,"Лемакc Премиум 12,5 B двухконтурный ,дым, sit",40367.808,7.0,"{""КРД"": 7.0}",2026-05-15_13-05-59_unknown_supplier_12_05_бакси_иммергаз_аристон_дражице_навьен_термекс_бош_эван_дакор.xls,1095
ib,unknown supplier 12 05 бакси иммергаз аристон дражице навьен термекс бош эван дакор,"Лемакc Премиум 12,5 одноконтурный,дым, sit",34795.8,55.0,"{""КРД"": 34.0, ""Крым"": 21.0}",2026-05-15_13-05-59_unknown_supplier_12_05_бакси_иммергаз_аристон_дражице_навьен_термекс_бош_эван_дакор.xls,1096
ib,unknown supplier 12 05 бакси иммергаз аристон дражице навьен термекс бош эван дакор,"Лемакc Премиум 12.5 N одноконтурный,дым, nova",37058.112,3.0,"{""КРД"": 1.0, ""Крым"": 2.0}",2026-05-15_13-05-59_unknown_supplier_12_05_бакси_иммергаз_аристон_дражице_навьен_термекс_бош_эван_дакор.xls,1097
ib,unknown supplier 12 05 бакси иммергаз аристон дражице навьен термекс бош эван дакор,"Лемакc Премиум 12.5 N(В) двухконтурный,дым, nova",42547.75200000001,2.0,"{""КРД"": 2.0}",2026-05-15_13-05-59_unknown_supplier_12_05_бакси_иммергаз_аристон_дражице_навьен_термекс_бош_эван_дакор.xls,1098
ib,unknown supplier 12 05 бакси иммергаз аристон дражице навьен термекс бош эван дакор,"Лемакc Премиум 16 B двухконтурный ,дым, sit",44710.848,3.0,"{""КРД"": 3.0}",2026-05-15_13-05-59_unknown_supplier_12_05_бакси_иммергаз_аристон_дражице_навьен_термекс_бош_эван_дакор.xls,1099
ib,unknown supplier 12 05 бакси иммергаз аристон дражице навьен термекс бош эван дакор,"Лемакc Премиум 16 N(B) двухконтурный,дым, nova",46952.568,1.0,"{""Крым"": 1.0}",2026-05-15_13-05-59_unknown_supplier_12_05_бакси_иммергаз_аристон_дражице_навьен_термекс_бош_эван_дакор.xls,1100
ib,unknown supplier 12 05 бакси иммергаз аристон дражице навьен термекс бош эван дакор,"Лемакc Премиум 16 одноконтурный,дым, sit",37964.16,20.0,"{""КРД"": 19.0, ""Крым"": 1.0}",2026-05-15_13-05-59_unknown_supplier_12_05_бакси_иммергаз_аристон_дражице_навьен_термекс_бош_эван_дакор.xls,1101
ib,unknown supplier 12 05 бакси иммергаз аристон дражице навьен термекс бош эван дакор,"Лемакc Премиум 20 B двухконтурный ,дым, sit",50606.71200000001,1.0,"{""Крым"": 1.0}",2026-05-15_13-05-59_unknown_supplier_12_05_бакси_иммергаз_аристон_дражице_навьен_термекс_бош_эван_дакор.xls,1102
ib,unknown supplier 12 05 бакси иммергаз аристон дражице навьен термекс бош эван дакор,"Лемакc Премиум 20 N(B) двухконтурный,дым, nova",52001.352000000006,3.0,"{""КРД"": 1.0, ""Крым"": 2.0}",2026-05-15_13-05-59_unknown_supplier_12_05_бакси_иммергаз_аристон_дражице_навьен_термекс_бош_эван_дакор.xls,1103
ib,unknown supplier 12 05 бакси иммергаз аристон дражице навьен термекс бош эван дакор,"Лемакc Премиум 20 одноконтурный,дым, sit",43740.216,8.0,"{""КРД"": 4.0, ""Крым"": 4.0}",2026-05-15_13-05-59_unknown_supplier_12_05_бакси_иммергаз_аристон_дражице_навьен_термекс_бош_эван_дакор.xls,1104
ib,unknown supplier 12 05 бакси иммергаз аристон дражице навьен термекс бош эван дакор,"Лемакc Премиум 25 B двухконтурный ,дым, sit",53315.49600000001,1.0,"{""Крым"": 1.0}",2026-05-15_13-05-59_unknown_supplier_12_05_бакси_иммергаз_аристон_дражице_навьен_термекс_бош_эван_дакор.xls,1105
ib,unknown supplier 12 05 бакси иммергаз аристон дражице навьен термекс бош эван дакор,"Лемакc Премиум 25 N одноконтурный,дым, nova",49247.64,3.0,"{""КРД"": 2.0, ""Крым"": 1.0}",2026-05-15_13-05-59_unknown_supplier_12_05_бакси_иммергаз_аристон_дражице_навьен_термекс_бош_эван_дакор.xls,1106
ib,unknown supplier 12 05 бакси иммергаз аристон дражице навьен термекс бош эван дакор,"Лемакc Премиум 25 одноконтурный,дым, sit",46242.144,6.0,"{""КРД"": 5.0, ""Крым"": 1.0}",2026-05-15_13-05-59_unknown_supplier_12_05_бакси_иммергаз_аристон_дражице_навьен_термекс_бош_эван_дакор.xls,1107
ib,unknown supplier 12 05 бакси иммергаз аристон дражице навьен термекс бош эван дакор,"Лемакc Премиум 25N (B) двухконтурный ,дым, sit nova",54626.832,3.0,"{""КРД"": 2.0, ""Крым"": 1.0}",2026-05-15_13-05-59_unknown_supplier_12_05_бакси_иммергаз_аристон_дражице_навьен_термекс_бош_эван_дакор.xls,1108
ib,unknown supplier 12 05 бакси иммергаз аристон дражице навьен термекс бош эван дакор,"Лемакc Премиум 30 B двухконтурный ,дым, sit",56586.816000000006,1.0,"{""Крым"": 1.0}",2026-05-15_13-05-59_unknown_supplier_12_05_бакси_иммергаз_аристон_дражице_навьен_термекс_бош_эван_дакор.xls,1109
ib,unknown supplier 12 05 бакси иммергаз аристон дражице навьен термекс бош эван дакор,"Лемакc Премиум 30 N одноконтурный,дым, sit nova",52905.528,3.0,"{""Крым"": 3.0}",2026-05-15_13-05-59_unknown_supplier_12_05_бакси_иммергаз_аристон_дражице_навьен_термекс_бош_эван_дакор.xls,1110
ib,unknown supplier 12 05 бакси иммергаз аристон дражице навьен термекс бош эван дакор,"Лемакc Премиум 30 одноконтурный,дым, sit",49675.39200000001,2.0,"{""КРД"": 2.0}",2026-05-15_13-05-59_unknown_supplier_12_05_бакси_иммергаз_аристон_дражице_навьен_термекс_бош_эван_дакор.xls,1111
ib,unknown supplier 12 05 бакси иммергаз аристон дражице навьен термекс бош эван дакор,"Лемакc Премиум 30N (B) двухконтурный ,дым, nova",57956.184,5.0,"{""КРД"": 2.0, ""Крым"": 3.0}",2026-05-15_13-05-59_unknown_supplier_12_05_бакси_иммергаз_аристон_дражице_навьен_термекс_бош_эван_дакор.xls,1112
ib,unknown supplier 12 05 бакси иммергаз аристон дражице навьен термекс бош эван дакор,"Лемакc Премиум 35 B двухконтурный ,дым, sit",72962.136,1.0,"{""Крым"": 1.0}",2026-05-15_13-05-59_unknown_supplier_12_05_бакси_иммергаз_аристон_дражице_навьен_термекс_бош_эван_дакор.xls,1113
ib,unknown supplier 12 05 бакси иммергаз аристон дражице навьен термекс бош эван дакор,"Лемакc Премиум 35 одноконтурный,дым, sit",65856.024,8.0,"{""КРД"": 5.0, ""Крым"": 3.0}",2026-05-15_13-05-59_unknown_supplier_12_05_бакси_иммергаз_аристон_дражице_навьен_термекс_бош_эван_дакор.xls,1114
ib,unknown supplier 12 05 бакси иммергаз аристон дражице навьен термекс бош эван дакор,"Лемакc Премиум 40 одноконтурный,дым, sit nova",75000.744,3.0,"{""Крым"": 3.0}",2026-05-15_13-05-59_unknown_supplier_12_05_бакси_иммергаз_аристон_дражице_навьен_термекс_бош_эван_дакор.xls,1115
ib,unknown supplier 12 05 бакси иммергаз аристон дражице навьен термекс бош эван дакор,"Лемакc Премиум 50 одноконтурный,дым, sit nova",95983.992,6.0,"{""КРД"": 4.0, ""Крым"": 2.0}",2026-05-15_13-05-59_unknown_supplier_12_05_бакси_иммергаз_аристон_дражице_навьен_термекс_бош_эван_дакор.xls,1116
ib,unknown supplier 12 05 бакси иммергаз аристон дражице навьен термекс бош эван дакор,"Лемакc Премиум 60 одноконтурный,дым, sit nova",110403.072,3.0,"{""КРД"": 2.0, ""Крым"": 1.0}",2026-05-15_13-05-59_unknown_supplier_12_05_бакси_иммергаз_аристон_дражице_навьен_термекс_бош_эван_дакор.xls,1117
ib,unknown supplier 12 05 бакси иммергаз аристон дражице навьен термекс бош эван дакор,"Лемакc Премиум 7,5 N одноконтурный,дым, nova",32991.192,2.0,"{""КРД"": 1.0, ""Крым"": 1.0}",2026-05-15_13-05-59_unknown_supplier_12_05_бакси_иммергаз_аристон_дражице_навьен_термекс_бош_эван_дакор.xls,1118
ib,unknown supplier 12 05 бакси иммергаз аристон дражице навьен термекс бош эван дакор,"Лемакc Премиум 7,5 одноконтурный,дым, sit",30976.92,5.0,"{""КРД"": 3.0, ""Крым"": 2.0}",2026-05-15_13-05-59_unknown_supplier_12_05_бакси_иммергаз_аристон_дражице_навьен_термекс_бош_эван_дакор.xls,1119
ib,unknown supplier 12 05 бакси иммергаз аристон дражице навьен термекс бош эван дакор,"Лемакc Премиум 70 одноконтурный,дым, sit nova",127606.752,4.0,"{""КРД"": 1.0, ""Крым"": 3.0}",2026-05-15_13-05-59_unknown_supplier_12_05_бакси_иммергаз_аристон_дражице_навьен_термекс_бош_эван_дакор.xls,1120
ib,unknown supplier 12 05 бакси иммергаз аристон дражице навьен термекс бош эван дакор,"Лемакc Премиум 80 одноконтурный,дым, sit nova",140330.736,4.0,"{""КРД"": 3.0, ""Крым"": 1.0}",2026-05-15_13-05-59_unknown_supplier_12_05_бакси_иммергаз_аристон_дражице_навьен_термекс_бош_эван_дакор.xls,1121
ib,unknown supplier 12 05 бакси иммергаз аристон дражице навьен термекс бош эван дакор,"Лемакc Премиум 90 одноконтурный,дым, sit nova",153861.552,1.0,"{""Крым"": 1.0}",2026-05-15_13-05-59_unknown_supplier_12_05_бакси_иммергаз_аристон_дражице_навьен_термекс_бош_эван_дакор.xls,1122
ib,unknown supplier 12 05 бакси иммергаз аристон дражице навьен термекс бош эван дакор,"Лемакc Премиум 40 B двухконтурный ,дым, sit nova",82090.008,3.0,"{""КРД"": 2.0, ""Крым"": 1.0}",2026-05-15_13-05-59_unknown_supplier_12_05_бакси_иммергаз_аристон_дражице_навьен_термекс_бош_эван_дакор.xls,1123
ib,unknown supplier 12 05 бакси иммергаз аристон дражице навьен термекс бош эван дакор,Лемакc Премиум КСГ-30д с ГГУ-35д. водогрейный,44664.880000000005,5.0,"{""Крым"": 5.0}",2026-05-15_13-05-59_unknown_supplier_12_05_бакси_иммергаз_аристон_дражице_навьен_термекс_бош_эван_дакор.xls,1125
ib,unknown supplier 12 05 бакси иммергаз аристон дражице навьен термекс бош эван дакор,Лемакс Форвард 20 твердотопливный,34544.016,1.0,"{""КРД"": 1.0}",2026-05-15_13-05-59_unknown_supplier_12_05_бакси_иммергаз_аристон_дражице_навьен_термекс_бош_эван_дакор.xls,1127
ib,unknown supplier 12 05 бакси иммергаз аристон дражице навьен термекс бош эван дакор,"Лемакс Omega E-25, стальной, энергозависимый",73706.256,1.0,"{""КРД"": 1.0}",2026-05-15_13-05-59_unknown_supplier_12_05_бакси_иммергаз_аристон_дражице_навьен_термекс_бош_эван_дакор.xls,1129
ib,unknown supplier 12 05 бакси иммергаз аристон дражице навьен термекс бош эван дакор,Аппараты отопительные газовые Premier 35,53535.456000000006,,{},2026-05-15_13-05-59_unknown_supplier_12_05_бакси_иммергаз_аристон_дражице_навьен_термекс_бош_эван_дакор.xls,1131
ib,unknown supplier 12 05 бакси иммергаз аристон дражице навьен термекс бош эван дакор,Лемакс комплект сопел под сжиженный газ на ГГУ-12,590.4,1.0,"{""КРД"": 1.0}",2026-05-15_13-05-59_unknown_supplier_12_05_бакси_иммергаз_аристон_дражице_навьен_термекс_бош_эван_дакор.xls,1132
ib,unknown supplier 12 05 бакси иммергаз аристон дражице навьен термекс бош эван дакор,Лемакс комплект сопел под сжиженный газ на ГГУ-15,800.28,1.0,"{""Крым"": 1.0}",2026-05-15_13-05-59_unknown_supplier_12_05_бакси_иммергаз_аристон_дражице_навьен_термекс_бош_эван_дакор.xls,1133
ib,unknown supplier 12 05 бакси иммергаз аристон дражице навьен термекс бош эван дакор,"ДАКОР КС-Г-10 с верт вых, sit",23657.512499999997,29.0,"{""КРД"": 9.0, ""Крым"": 20.0}",2026-05-15_13-05-59_unknown_supplier_12_05_бакси_иммергаз_аристон_дражице_навьен_термекс_бош_эван_дакор.xls,1136
ib,unknown supplier 12 05 бакси иммергаз аристон дражице навьен термекс бош эван дакор,"ДАКОР КС-Г-10 с гориз вых, sit",23657.512499999997,2.0,"{""Крым"": 2.0}",2026-05-15_13-05-59_unknown_supplier_12_05_бакси_иммергаз_аристон_дражице_навьен_термекс_бош_эван_дакор.xls,1137
ib,unknown supplier 12 05 бакси иммергаз аристон дражице навьен термекс бош эван дакор,"ДАКОР КС-Г-12,5 с верт вых, sit",24576.937499999996,19.0,"{""КРД"": 8.0, ""Крым"": 11.0}",2026-05-15_13-05-59_unknown_supplier_12_05_бакси_иммергаз_аристон_дражице_навьен_термекс_бош_эван_дакор.xls,1138
ib,unknown supplier 12 05 бакси иммергаз аристон дражице навьен термекс бош эван дакор,"ДАКОР КС-Г-12,5 с гориз вых, sit",24576.937499999996,18.0,"{""КРД"": 9.0, ""Крым"": 9.0}",2026-05-15_13-05-59_unknown_supplier_12_05_бакси_иммергаз_аристон_дражице_навьен_термекс_бош_эван_дакор.xls,1139
ib,unknown supplier 12 05 бакси иммергаз аристон дражице навьен термекс бош эван дакор,"ДАКОР КС-Г-16 с верт вых, sit",27358.7875,17.0,"{""КРД"": 2.0, ""Крым"": 15.0}",2026-05-15_13-05-59_unknown_supplier_12_05_бакси_иммергаз_аристон_дражице_навьен_термекс_бош_эван_дакор.xls,1140
ib,unknown supplier 12 05 бакси иммергаз аристон дражице навьен термекс бош эван дакор,"ДАКОР КС-Г-16 с гориз вых, sit",27358.7875,16.0,"{""КРД"": 6.0, ""Крым"": 10.0}",2026-05-15_13-05-59_unknown_supplier_12_05_бакси_иммергаз_аристон_дражице_навьен_термекс_бош_эван_дакор.xls,1141
ib,unknown supplier 12 05 бакси иммергаз аристон дражице навьен термекс бош эван дакор,"ДАКОР КС-Г-20 с верт вых, sit",31189.725,2.0,"{""КРД"": 2.0}",2026-05-15_13-05-59_unknown_supplier_12_05_бакси_иммергаз_аристон_дражице_навьен_термекс_бош_эван_дакор.xls,1142
ib,unknown supplier 12 05 бакси иммергаз аристон дражице навьен термекс бош эван дакор,"ДАКОР КС-Г-10С коаксиальный, sit",29162.275,10.0,"{""КРД"": 2.0, ""Крым"": 8.0}",2026-05-15_13-05-59_unknown_supplier_12_05_бакси_иммергаз_аристон_дражице_навьен_термекс_бош_эван_дакор.xls,1143
ib,unknown supplier 12 05 бакси иммергаз аристон дражице навьен термекс бош эван дакор,"ДАКОР КС-Г-12,5С коаксиальный, sit",31319.387499999997,5.0,"{""КРД"": 4.0, ""Крым"": 1.0}",2026-05-15_13-05-59_unknown_supplier_12_05_бакси_иммергаз_аристон_дражице_навьен_термекс_бош_эван_дакор.xls,1144
ib,unknown supplier 12 05 бакси иммергаз аристон дражице навьен термекс бош эван дакор,"ДАКОР КС-Г-20 с гориз вых, sit",31189.725,8.0,"{""КРД"": 2.0, ""Крым"": 6.0}",2026-05-15_13-05-59_unknown_supplier_12_05_бакси_иммергаз_аристон_дражице_навьен_термекс_бош_эван_дакор.xls,1145
ib,unknown supplier 12 05 бакси иммергаз аристон дражице навьен термекс бош эван дакор,"ДАКОР КС-ГВ-12,5 с верт вых, sit",30977.55,19.0,"{""КРД"": 11.0, ""Крым"": 8.0}",2026-05-15_13-05-59_unknown_supplier_12_05_бакси_иммергаз_аристон_дражице_навьен_термекс_бош_эван_дакор.xls,1146
ib,unknown supplier 12 05 бакси иммергаз аристон дражице навьен термекс бош эван дакор,"ДАКОР КС-ГВ-12,5 с гориз вых, sit",30977.55,3.0,"{""КРД"": 3.0}",2026-05-15_13-05-59_unknown_supplier_12_05_бакси_иммергаз_аристон_дражице_навьен_термекс_бош_эван_дакор.xls,1147
ib,unknown supplier 12 05 бакси иммергаз аристон дражице навьен термекс бош эван дакор,"ДАКОР КС-ГВ-16 с верт вых, Sit",34560.95,14.0,"{""КРД"": 6.0, ""Крым"": 8.0}",2026-05-15_13-05-59_unknown_supplier_12_05_бакси_иммергаз_аристон_дражице_навьен_термекс_бош_эван_дакор.xls,1148
ib,unknown supplier 12 05 бакси иммергаз аристон дражице навьен термекс бош эван дакор,"ДАКОР КС-ГВ-16 с гориз вых, Sit",34560.95,4.0,"{""КРД"": 2.0, ""Крым"": 2.0}",2026-05-15_13-05-59_unknown_supplier_12_05_бакси_иммергаз_аристон_дражице_навьен_термекс_бош_эван_дакор.xls,1149
ib,unknown supplier 12 05 бакси иммергаз аристон дражице навьен термекс бош эван дакор,"ДАКОР КС-Г-17,5С коаксиальный, Sit",34266.2625,1.0,"{""КРД"": 1.0}",2026-05-15_13-05-59_unknown_supplier_12_05_бакси_иммергаз_аристон_дражице_навьен_термекс_бош_эван_дакор.xls,1150
ib,unknown supplier 12 05 бакси иммергаз аристон дражице навьен термекс бош эван дакор,"ДАКОР КС-Г-20С коаксиальный, Sit",35692.549999999996,11.0,"{""КРД"": 3.0, ""Крым"": 8.0}",2026-05-15_13-05-59_unknown_supplier_12_05_бакси_иммергаз_аристон_дражице_навьен_термекс_бош_эван_дакор.xls,1151
ib,unknown supplier 12 05 бакси иммергаз аристон дражице навьен термекс бош эван дакор,"ДАКОР КС-ГВ-20 с гориз вых, Sit",39240.587499999994,1.0,"{""Крым"": 1.0}",2026-05-15_13-05-59_unknown_supplier_12_05_бакси_иммергаз_аристон_дражице_навьен_термекс_бош_эван_дакор.xls,1152
ib,unknown supplier 12 05 бакси иммергаз аристон дражице навьен термекс бош эван дакор,"ДАКОР КС-ГВ-20 с верт вых, Sit",39240.587499999994,9.0,"{""Крым"": 9.0}",2026-05-15_13-05-59_unknown_supplier_12_05_бакси_иммергаз_аристон_дражице_навьен_термекс_бош_эван_дакор.xls,1153
ib,unknown supplier 12 05 бакси иммергаз аристон дражице навьен термекс бош эван дакор,"ДАКОР КС-ГВ-25 с верт вых, Sit",45098.975,5.0,"{""Крым"": 5.0}",2026-05-15_13-05-59_unknown_supplier_12_05_бакси_иммергаз_аристон_дражице_навьен_термекс_бош_эван_дакор.xls,1154
ib,unknown supplier 12 05 бакси иммергаз аристон дражице навьен термекс бош эван дакор,"ДАКОР КС-Г-6С коаксиальный, sit",26722.262499999997,7.0,"{""Крым"": 7.0}",2026-05-15_13-05-59_unknown_supplier_12_05_бакси_иммергаз_аристон_дражице_навьен_термекс_бош_эван_дакор.xls,1155
ib,unknown supplier 12 05 бакси иммергаз аристон дражице навьен термекс бош эван дакор,"ДАКОР КС-ГВ-12,5С коаксиальный, sit",39240.587499999994,1.0,"{""Крым"": 1.0}",2026-05-15_13-05-59_unknown_supplier_12_05_бакси_иммергаз_аристон_дражице_навьен_термекс_бош_эван_дакор.xls,1156
ib,unknown supplier 12 05 бакси иммергаз аристон дражице навьен термекс бош эван дакор,"ДАКОР КС-ГВ-17,5С коаксиальный, Sit",43283.7,4.0,"{""Крым"": 4.0}",2026-05-15_13-05-59_unknown_supplier_12_05_бакси_иммергаз_аристон_дражице_навьен_термекс_бош_эван_дакор.xls,1157
ib,unknown supplier 12 05 бакси иммергаз аристон дражице навьен термекс бош эван дакор,"ДАКОР КС-ГВ-20С коаксиальный, Sit",44391.725,5.0,"{""Крым"": 5.0}",2026-05-15_13-05-59_unknown_supplier_12_05_бакси_иммергаз_аристон_дражице_навьен_термекс_бош_эван_дакор.xls,1158
ib,unknown supplier 12 05 бакси иммергаз аристон дражице навьен термекс бош эван дакор,ДАКОР КС-Г-10 с верт вых,22301.949999999997,7.0,"{""КРД"": 6.0, ""Крым"": 1.0}",2026-05-15_13-05-59_unknown_supplier_12_05_бакси_иммергаз_аристон_дражице_навьен_термекс_бош_эван_дакор.xls,1160
ib,unknown supplier 12 05 бакси иммергаз аристон дражице навьен термекс бош эван дакор,ДАКОР КС-Г-10 с гориз вых,22301.949999999997,5.0,"{""КРД"": 3.0, ""Крым"": 2.0}",2026-05-15_13-05-59_unknown_supplier_12_05_бакси_иммергаз_аристон_дражице_навьен_термекс_бош_эван_дакор.xls,1161
ib,unknown supplier 12 05 бакси иммергаз аристон дражице навьен термекс бош эван дакор,ДАКОР КС-Г-10С коаксиальный,27794.925,1.0,"{""КРД"": 1.0}",2026-05-15_13-05-59_unknown_supplier_12_05_бакси_иммергаз_аристон_дражице_навьен_термекс_бош_эван_дакор.xls,1162
ib,unknown supplier 12 05 бакси иммергаз аристон дражице навьен термекс бош эван дакор,"ДАКОР КС-Г-12,5 с верт вых",23209.5875,16.0,"{""КРД"": 9.0, ""Крым"": 7.0}",2026-05-15_13-05-59_unknown_supplier_12_05_бакси_иммергаз_аристон_дражице_навьен_термекс_бош_эван_дакор.xls,1163
ib,unknown supplier 12 05 бакси иммергаз аристон дражице навьен термекс бош эван дакор,"ДАКОР КС-Г-12,5 с гориз вых",23209.5875,10.0,"{""КРД"": 6.0, ""Крым"": 4.0}",2026-05-15_13-05-59_unknown_supplier_12_05_бакси_иммергаз_аристон_дражице_навьен_термекс_бош_эван_дакор.xls,1164
ib,unknown supplier 12 05 бакси иммергаз аристон дражице навьен термекс бош эван дакор,"ДАКОР КС-Г-12,5С коаксиальный",29952.0375,5.0,"{""КРД"": 4.0, ""Крым"": 1.0}",2026-05-15_13-05-59_unknown_supplier_12_05_бакси_иммергаз_аристон_дражице_навьен_термекс_бош_эван_дакор.xls,1165
ib,unknown supplier 12 05 бакси иммергаз аристон дражице навьен термекс бош эван дакор,ДАКОР КС-Г-16 с верт вых,25979.65,2.0,"{""Крым"": 2.0}",2026-05-15_13-05-59_unknown_supplier_12_05_бакси_иммергаз_аристон_дражице_навьен_термекс_бош_эван_дакор.xls,1166
ib,unknown supplier 12 05 бакси иммергаз аристон дражице навьен термекс бош эван дакор,ДАКОР КС-Г-16 с гориз вых,25979.65,1.0,"{""КРД"": 1.0}",2026-05-15_13-05-59_unknown_supplier_12_05_бакси_иммергаз_аристон_дражице_навьен_термекс_бош_эван_дакор.xls,1167
ib,unknown supplier 12 05 бакси иммергаз аристон дражице навьен термекс бош эван дакор,"ДАКОР КС-Г-17,5С коаксиальный",32898.9125,2.0,"{""КРД"": 2.0}",2026-05-15_13-05-59_unknown_supplier_12_05_бакси_иммергаз_аристон_дражице_навьен_термекс_бош_эван_дакор.xls,1168
ib,unknown supplier 12 05 бакси иммергаз аристон дражице навьен термекс бош эван дакор,ДАКОР КС-Г-20 с верт вых,29834.1625,12.0,"{""КРД"": 5.0, ""Крым"": 7.0}",2026-05-15_13-05-59_unknown_supplier_12_05_бакси_иммергаз_аристон_дражице_навьен_термекс_бош_эван_дакор.xls,1169
ib,unknown supplier 12 05 бакси иммергаз аристон дражице навьен термекс бош эван дакор,ДАКОР КС-Г-20 с гориз вых,29834.1625,1.0,"{""Крым"": 1.0}",2026-05-15_13-05-59_unknown_supplier_12_05_бакси_иммергаз_аристон_дражице_навьен_термекс_бош_эван_дакор.xls,1170
ib,unknown supplier 12 05 бакси иммергаз аристон дражице навьен термекс бош эван дакор,ДАКОР КС-Г-20С коаксиальный,34313.4125,2.0,"{""КРД"": 2.0}",2026-05-15_13-05-59_unknown_supplier_12_05_бакси_иммергаз_аристон_дражице_навьен_термекс_бош_эван_дакор.xls,1171
ib,unknown supplier 12 05 бакси иммергаз аристон дражице навьен термекс бош эван дакор,ДАКОР КС-Г-25 с верт вых,33276.112499999996,6.0,"{""КРД"": 6.0}",2026-05-15_13-05-59_unknown_supplier_12_05_бакси_иммергаз_аристон_дражице_навьен_термекс_бош_эван_дакор.xls,1172
ib,unknown supplier 12 05 бакси иммергаз аристон дражице навьен термекс бош эван дакор,ДАКОР КС-Г-40 с верт вых,62355.87499999999,4.0,"{""КРД"": 3.0, ""Крым"": 1.0}",2026-05-15_13-05-59_unknown_supplier_12_05_бакси_иммергаз_аристон_дражице_навьен_термекс_бош_эван_дакор.xls,1173
ib,unknown supplier 12 05 бакси иммергаз аристон дражице навьен термекс бош эван дакор,ДАКОР КС-Г-6С коаксиальный,25366.699999999997,1.0,"{""КРД"": 1.0}",2026-05-15_13-05-59_unknown_supplier_12_05_бакси_иммергаз_аристон_дражице_навьен_термекс_бош_эван_дакор.xls,1174
ib,unknown supplier 12 05 бакси иммергаз аристон дражице навьен термекс бош эван дакор,"ДАКОР КС-ГВ-12,5 с верт вых",29598.4125,19.0,"{""КРД"": 12.0, ""Крым"": 7.0}",2026-05-15_13-05-59_unknown_supplier_12_05_бакси_иммергаз_аристон_дражице_навьен_термекс_бош_эван_дакор.xls,1175
ib,unknown supplier 12 05 бакси иммергаз аристон дражице навьен термекс бош эван дакор,"ДАКОР КС-ГВ-12,5 с гориз вых",29598.4125,6.0,"{""КРД"": 1.0, ""Крым"": 5.0}",2026-05-15_13-05-59_unknown_supplier_12_05_бакси_иммергаз_аристон_дражице_навьен_термекс_бош_эван_дакор.xls,1176
ib,unknown supplier 12 05 бакси иммергаз аристон дражице навьен термекс бош эван дакор,"ДАКОР КС-ГВ-12,5С коаксиальный",37873.2375,10.0,"{""КРД"": 7.0, ""Крым"": 3.0}",2026-05-15_13-05-59_unknown_supplier_12_05_бакси_иммергаз_аристон_дражице_навьен_термекс_бош_эван_дакор.xls,1177
ib,unknown supplier 12 05 бакси иммергаз аристон дражице навьен термекс бош эван дакор,ДАКОР КС-ГВ-16 с верт вых,33205.3875,20.0,"{""КРД"": 10.0, ""Крым"": 10.0}",2026-05-15_13-05-59_unknown_supplier_12_05_бакси_иммергаз_аристон_дражице_навьен_термекс_бош_эван_дакор.xls,1178
ib,unknown supplier 12 05 бакси иммергаз аристон дражице навьен термекс бош эван дакор,ДАКОР КС-ГВ-16 с гориз вых,33205.3875,5.0,"{""КРД"": 3.0, ""Крым"": 2.0}",2026-05-15_13-05-59_unknown_supplier_12_05_бакси_иммергаз_аристон_дражице_навьен_термекс_бош_эван_дакор.xls,1179
ib,unknown supplier 12 05 бакси иммергаз аристон дражице навьен термекс бош эван дакор,"ДАКОР КС-ГВ-17,5С коаксиальный",41928.1375,3.0,"{""КРД"": 2.0, ""Крым"": 1.0}",2026-05-15_13-05-59_unknown_supplier_12_05_бакси_иммергаз_аристон_дражице_навьен_термекс_бош_эван_дакор.xls,1180
ib,unknown supplier 12 05 бакси иммергаз аристон дражице навьен термекс бош эван дакор,ДАКОР КС-ГВ-20 с верт вых,37873.2375,3.0,"{""КРД"": 3.0}",2026-05-15_13-05-59_unknown_supplier_12_05_бакси_иммергаз_аристон_дражице_навьен_термекс_бош_эван_дакор.xls,1181
ib,unknown supplier 12 05 бакси иммергаз аристон дражице навьен термекс бош эван дакор,ДАКОР КС-ГВ-20С коаксиальный,43024.375,5.0,"{""КРД"": 5.0}",2026-05-15_13-05-59_unknown_supplier_12_05_бакси_иммергаз_аристон_дражице_навьен_термекс_бош_эван_дакор.xls,1182
ib,unknown supplier 12 05 бакси иммергаз аристон дражице навьен термекс бош эван дакор,ДАКОР КС-ГВ-25 с верт вых,41256.25,3.0,"{""КРД"": 3.0}",2026-05-15_13-05-59_unknown_supplier_12_05_бакси_иммергаз_аристон_дражице_навьен_термекс_бош_эван_дакор.xls,1183
ib,unknown supplier 12 05 бакси иммергаз аристон дражице навьен термекс бош эван дакор,Бакси зонт вытяжной для Slim 1400-1490 in,7632.3,5.0,"{""КРД"": 5.0}",2026-05-15_13-05-59_unknown_supplier_12_05_бакси_иммергаз_аристон_дражице_навьен_термекс_бош_эван_дакор.xls,1186
ib,unknown supplier 12 05 бакси иммергаз аристон дражице навьен термекс бош эван дакор,Бакси зонт вытяжной для Slim 1620 in,11873.1,4.0,"{""КРД"": 3.0, ""Крым"": 1.0}",2026-05-15_13-05-59_unknown_supplier_12_05_бакси_иммергаз_аристон_дражице_навьен_термекс_бош_эван_дакор.xls,1187
ib,unknown supplier 12 05 бакси иммергаз аристон дражице навьен термекс бош эван дакор,Слим 1.230 iN Бакси дымох R,123225.336,6.0,"{""КРД"": 4.0, ""Крым"": 2.0}",2026-05-15_13-05-59_unknown_supplier_12_05_бакси_иммергаз_аристон_дражице_навьен_термекс_бош_эван_дакор.xls,1188
ib,unknown supplier 12 05 бакси иммергаз аристон дражице навьен термекс бош эван дакор,Слим 1.400 iN Бакси без вытяжного зонта R,158944.5,,{},2026-05-15_13-05-59_unknown_supplier_12_05_бакси_иммергаз_аристон_дражице_навьен_термекс_бош_эван_дакор.xls,1189
ib,unknown supplier 12 05 бакси иммергаз аристон дражице навьен термекс бош эван дакор,Слим 1.490 iN Бакси без вытяжного зонта R,171487.16,5.0,"{""КРД"": 5.0}",2026-05-15_13-05-59_unknown_supplier_12_05_бакси_иммергаз_аристон_дражице_навьен_термекс_бош_эван_дакор.xls,1190
ib,unknown supplier 12 05 бакси иммергаз аристон дражице навьен термекс бош эван дакор,Слим 1.620 iN Бакси без вытяжного зонта R,212349.852,7.0,"{""КРД"": 7.0}",2026-05-15_13-05-59_unknown_supplier_12_05_бакси_иммергаз_аристон_дражице_навьен_термекс_бош_эван_дакор.xls,1191
ib,unknown supplier 12 05 бакси иммергаз аристон дражице навьен термекс бош эван дакор,Иммергаз JULIUS STAR 11 E R,21411.5616,1.0,"{""КРД"": 1.0}",2026-05-15_13-05-59_unknown_supplier_12_05_бакси_иммергаз_аристон_дражице_навьен_термекс_бош_эван_дакор.xls,1194
ib,unknown supplier 12 05 бакси иммергаз аристон дражице навьен термекс бош эван дакор,Аристон Угол дымохода 90° M2,332.41,,{},2026-05-15_13-05-59_unknown_supplier_12_05_бакси_иммергаз_аристон_дражице_навьен_термекс_бош_эван_дакор.xls,1197
ib,unknown supplier 12 05 бакси иммергаз аристон дражице навьен термекс бош эван дакор,"Комплект дымохода Gi7S D60/100 (дымоход 0,7 м и угол 90°)",2982.07,8.0,"{""КРД"": 8.0}",2026-05-15_13-05-59_unknown_supplier_12_05_бакси_иммергаз_аристон_дражице_навьен_термекс_бош_эван_дакор.xls,1198
ib,unknown supplier 12 05 бакси иммергаз аристон дражице навьен термекс бош эван дакор,Аристон 10л DGI SUPERLUX CF NG NEW дым автомат,9172.35,12.0,"{""КРД"": 12.0}",2026-05-15_13-05-59_unknown_supplier_12_05_бакси_иммергаз_аристон_дражице_навьен_термекс_бош_эван_дакор.xls,1200
ib,unknown supplier 12 05 бакси иммергаз аристон дражице навьен термекс бош эван дакор,Аристон FAST EVO ONT C 11 NG RU,22100.85,3.0,"{""КРД"": 3.0}",2026-05-15_13-05-59_unknown_supplier_12_05_бакси_иммергаз_аристон_дражице_навьен_термекс_бош_эван_дакор.xls,1201
ib,unknown supplier 12 05 бакси иммергаз аристон дражице навьен термекс бош эван дакор,"Аристон NEXT EVO SFT 11 NG EXP ,турбо+ БЕЗ трубы 11л.",29062.35,,{},2026-05-15_13-05-59_unknown_supplier_12_05_бакси_иммергаз_аристон_дражице_навьен_термекс_бош_эван_дакор.xls,1202
ib,unknown supplier 12 05 бакси иммергаз аристон дражице навьен термекс бош эван дакор,Аристон FAST R DISPLEY 10 L NG,12316.5,15.0,"{""КРД"": 15.0}",2026-05-15_13-05-59_unknown_supplier_12_05_бакси_иммергаз_аристон_дражице_навьен_термекс_бош_эван_дакор.xls,1203
ib,unknown supplier 12 05 бакси иммергаз аристон дражице навьен термекс бош эван дакор,"Вытяжка Гефест 10 К 45 белый,эмаль,300 м3/ч, каминная",6577.5312,3.0,"{""КРД"": 3.0}",2026-05-15_13-05-59_unknown_supplier_12_05_бакси_иммергаз_аристон_дражице_навьен_термекс_бош_эван_дакор.xls,1206
ib,unknown supplier 12 05 бакси иммергаз аристон дражице навьен термекс бош эван дакор,"Вытяжка Гефест 10 К 47 коричневый,эмаль,300 м3/ч, каминная",6577.5312,6.0,"{""КРД"": 4.0, ""Крым"": 2.0}",2026-05-15_13-05-59_unknown_supplier_12_05_бакси_иммергаз_аристон_дражице_навьен_термекс_бош_эван_дакор.xls,1207
ib,unknown supplier 12 05 бакси иммергаз аристон дражице навьен термекс бош эван дакор,"Вытяжка Гефест 11 К 45 белый,эмаль,300 м3/ч, каминная",6577.5312,4.0,"{""КРД"": 4.0}",2026-05-15_13-05-59_unknown_supplier_12_05_бакси_иммергаз_аристон_дражице_навьен_термекс_бош_эван_дакор.xls,1208
ib,unknown supplier 12 05 бакси иммергаз аристон дражице навьен термекс бош эван дакор,"Вытяжка Гефест 11 К 47коричневый,эмаль,300 м3/ч, каминная",6577.5312,9.0,"{""КРД"": 6.0, ""Крым"": 3.0}",2026-05-15_13-05-59_unknown_supplier_12_05_бакси_иммергаз_аристон_дражице_навьен_термекс_бош_эван_дакор.xls,1209
ib,unknown supplier 12 05 бакси иммергаз аристон дражице навьен термекс бош эван дакор,"Вытяжка Гефест 1502 К17 коричневый,эмаль,600 м3/ч, каминная",7547.4492,5.0,"{""КРД"": 5.0}",2026-05-15_13-05-59_unknown_supplier_12_05_бакси_иммергаз_аристон_дражице_навьен_термекс_бош_эван_дакор.xls,1210
ib,unknown supplier 12 05 бакси иммергаз аристон дражице навьен термекс бош эван дакор,"Вытяжка Гефест 1503 К73 черный(ретро),эмаль,1000 м3/ч, каминная",13908.1998,3.0,"{""КРД"": 1.0, ""Крым"": 2.0}",2026-05-15_13-05-59_unknown_supplier_12_05_бакси_иммергаз_аристон_дражице_навьен_термекс_бош_эван_дакор.xls,1211
ib,unknown supplier 12 05 бакси иммергаз аристон дражице навьен термекс бош эван дакор,"Вытяжка Гефест 1602 белый,эмаль,600 м3/ч, каминная",8150.973,5.0,"{""Крым"": 5.0}",2026-05-15_13-05-59_unknown_supplier_12_05_бакси_иммергаз_аристон_дражице_навьен_термекс_бош_эван_дакор.xls,1212
ib,unknown supplier 12 05 бакси иммергаз аристон дражице навьен термекс бош эван дакор,"Вытяжка Гефест 1602 К17 коричневый,эмаль,600 м3/ч, каминная",8150.973,4.0,"{""КРД"": 4.0}",2026-05-15_13-05-59_unknown_supplier_12_05_бакси_иммергаз_аристон_дражице_навьен_термекс_бош_эван_дакор.xls,1213
ib,unknown supplier 12 05 бакси иммергаз аристон дражице навьен термекс бош эван дакор,"Вытяжка Гефест 1603 К21 черный,эмаль,1000 м3/ч, каминная",13616.612400000002,3.0,"{""КРД"": 1.0, ""Крым"": 2.0}",2026-05-15_13-05-59_unknown_supplier_12_05_бакси_иммергаз_аристон_дражице_навьен_термекс_бош_эван_дакор.xls,1214
ib,unknown supplier 12 05 бакси иммергаз аристон дражице навьен термекс бош эван дакор,"Вытяжка Гефест 2601 К41 черный,эмаль,300 м3/ч, традиционная",5546.8212,16.0,"{""Крым"": 16.0}",2026-05-15_13-05-59_unknown_supplier_12_05_бакси_иммергаз_аристон_дражице_навьен_термекс_бош_эван_дакор.xls,1215
ib,unknown supplier 12 05 бакси иммергаз аристон дражице навьен термекс бош эван дакор,"Вытяжка Гефест 3603 К15 белый с красным рисунком,стекло,550 м3/ч,каминная",16669.5948,1.0,"{""КРД"": 1.0}",2026-05-15_13-05-59_unknown_supplier_12_05_бакси_иммергаз_аристон_дражице_навьен_термекс_бош_эван_дакор.xls,1216
ib,unknown supplier 12 05 бакси иммергаз аристон дражице навьен термекс бош эван дакор,"Вытяжка Гефест 3603 К17 коричневый с рисунком,стекло,550 м3/ч,каминная",17807.384400000003,1.0,"{""КРД"": 1.0}",2026-05-15_13-05-59_unknown_supplier_12_05_бакси_иммергаз_аристон_дражице_навьен_термекс_бош_эван_дакор.xls,1217
ib,unknown supplier 12 05 бакси иммергаз аристон дражице навьен термекс бош эван дакор,"Вытяжка Гефест 3603 К18 белый с голубым рисунком,стекло,550 м3/ч,каминная",17495.4582,1.0,"{""КРД"": 1.0}",2026-05-15_13-05-59_unknown_supplier_12_05_бакси_иммергаз_аристон_дражице_навьен_термекс_бош_эван_дакор.xls,1218
ib,unknown supplier 12 05 бакси иммергаз аристон дражице навьен термекс бош эван дакор,"Вытяжка Гефест 3603 К55 рубиновый(мрамор),стекло,550 м3/ч,каминная",15318.6864,1.0,"{""КРД"": 1.0}",2026-05-15_13-05-59_unknown_supplier_12_05_бакси_иммергаз_аристон_дражице_навьен_термекс_бош_эван_дакор.xls,1219
ib,unknown supplier 12 05 бакси иммергаз аристон дражице навьен термекс бош эван дакор,"Вытяжка Гефест 4501 К12 белый,эмаль со стеклянной накладкой,600 м3/ч,встраиваемая телескопическая",9181.723800000002,2.0,"{""КРД"": 2.0}",2026-05-15_13-05-59_unknown_supplier_12_05_бакси_иммергаз_аристон_дражице_навьен_термекс_бош_эван_дакор.xls,1220
ib,unknown supplier 12 05 бакси иммергаз аристон дражице навьен термекс бош эван дакор,"Вытяжка Гефест 4501 К21 черный, эмаль со стеклянной накладкой,600 м3/ч,встраиваемая телескопическая",9025.7556,1.0,"{""КРД"": 1.0}",2026-05-15_13-05-59_unknown_supplier_12_05_бакси_иммергаз_аристон_дражице_навьен_термекс_бош_эван_дакор.xls,1221
ib,unknown supplier 12 05 бакси иммергаз аристон дражице навьен термекс бош эван дакор,"Вытяжка Гефест 4501 К23 черный, эмаль со стеклянной накладкой,600 м3/ч,встраиваемая телескопическая",9527.565,1.0,"{""КРД"": 1.0}",2026-05-15_13-05-59_unknown_supplier_12_05_бакси_иммергаз_аристон_дражице_навьен_термекс_бош_эван_дакор.xls,1222
ib,unknown supplier 12 05 бакси иммергаз аристон дражице навьен термекс бош эван дакор,"Вытяжка Гефест 4601 К12 белый, эмаль со стеклянной накладкой,600 м3/ч,встраиваемая телескопическая",9235.9674,1.0,"{""КРД"": 1.0}",2026-05-15_13-05-59_unknown_supplier_12_05_бакси_иммергаз_аристон_дражице_навьен_термекс_бош_эван_дакор.xls,1223
ib,unknown supplier 12 05 бакси иммергаз аристон дражице навьен термекс бош эван дакор,"Вытяжка Гефест 4601 К20 белый,эмаль с накладками из нержавеющей стали,600 м3/ч,встраиваемая телескоп",9073.2264,9.0,"{""КРД"": 9.0}",2026-05-15_13-05-59_unknown_supplier_12_05_бакси_иммергаз_аристон_дражице_навьен_термекс_бош_эван_дакор.xls,1224
ib,unknown supplier 12 05 бакси иммергаз аристон дражице навьен термекс бош эван дакор,"Вытяжка Гефест 4601 К6 серый,эмаль со стеклянной накладкой,600 м3/ч,встраиваемая телескопическая",9819.1524,5.0,"{""КРД"": 2.0, ""Крым"": 3.0}",2026-05-15_13-05-59_unknown_supplier_12_05_бакси_иммергаз_аристон_дражице_навьен_термекс_бош_эван_дакор.xls,1225
ib,unknown supplier 12 05 бакси иммергаз аристон дражице навьен термекс бош эван дакор,"Вытяжка Гефест ВВ 1 белый, эмаль,160 м3/ч,каминная",4136.3856000000005,1.0,"{""КРД"": 1.0}",2026-05-15_13-05-59_unknown_supplier_12_05_бакси_иммергаз_аристон_дражице_навьен_термекс_бош_эван_дакор.xls,1226
ib,unknown supplier 12 05 бакси иммергаз аристон дражице навьен термекс бош эван дакор,"Вытяжка Гефест ВВ 1 К17 коричневый,эмаль,160 м3/ч,каминная",4136.3856000000005,5.0,"{""КРД"": 4.0, ""Крым"": 1.0}",2026-05-15_13-05-59_unknown_supplier_12_05_бакси_иммергаз_аристон_дражице_навьен_термекс_бош_эван_дакор.xls,1227
ib,unknown supplier 12 05 бакси иммергаз аристон дражице навьен термекс бош эван дакор,"Вытяжка Гефест ВВ 2 белый, эмаль,160 м3/ч,каминная",4136.3856000000005,1.0,"{""КРД"": 1.0}",2026-05-15_13-05-59_unknown_supplier_12_05_бакси_иммергаз_аристон_дражице_навьен_термекс_бош_эван_дакор.xls,1228
ib,unknown supplier 12 05 бакси иммергаз аристон дражице навьен термекс бош эван дакор,"Вытяжка Гефест ВВ 2 К17 коричневый,эмаль,160 м3/ч,каминная",4136.3856000000005,5.0,"{""КРД"": 4.0, ""Крым"": 1.0}",2026-05-15_13-05-59_unknown_supplier_12_05_бакси_иммергаз_аристон_дражице_навьен_термекс_бош_эван_дакор.xls,1229
ib,unknown supplier 12 05 бакси иммергаз аристон дражице навьен термекс бош эван дакор,Гефест Комплект фильтров аэрозольных для воздухоочистителей ВОК 51 0 000,193.9428,10.0,"{""КРД"": 10.0}",2026-05-15_13-05-59_unknown_supplier_12_05_бакси_иммергаз_аристон_дражице_навьен_термекс_бош_эван_дакор.xls,1230
ib,unknown supplier 12 05 бакси иммергаз аристон дражице навьен термекс бош эван дакор,Гефест Фильтры угольные кассетные ФК1-01 (ПК) ТУ ВУ 200273907.030-2011,210.222,14.0,"{""КРД"": 6.0, ""Крым"": 8.0}",2026-05-15_13-05-59_unknown_supplier_12_05_бакси_иммергаз_аристон_дражице_навьен_термекс_бош_эван_дакор.xls,1231
ib,unknown supplier 12 05 бакси иммергаз аристон дражице навьен термекс бош эван дакор,Гефест Фильтры угольные кассетные ФК3,302.4402,7.0,"{""КРД"": 2.0, ""Крым"": 5.0}",2026-05-15_13-05-59_unknown_supplier_12_05_бакси_иммергаз_аристон_дражице_навьен_термекс_бош_эван_дакор.xls,1232
ib,unknown supplier 12 05 бакси иммергаз аристон дражице навьен термекс бош эван дакор,Гефест Компл.фильтров аэроз.с угольн.пропиткой ВОК 51.0.000-01,371.6166,2.0,"{""КРД"": 2.0}",2026-05-15_13-05-59_unknown_supplier_12_05_бакси_иммергаз_аристон_дражице_навьен_термекс_бош_эван_дакор.xls,1233
ib,unknown supplier 12 05 бакси иммергаз аристон дражице навьен термекс бош эван дакор,"Вытяжка Гефест 4601 В81 кремовй,стекло,550 м3/ч,каминная",9947.9988,1.0,"{""Крым"": 1.0}",2026-05-15_13-05-59_unknown_supplier_12_05_бакси_иммергаз_аристон_дражице_навьен_термекс_бош_эван_дакор.xls,1234
ib,unknown supplier 12 05 бакси иммергаз аристон дражице навьен термекс бош эван дакор,"Вытяжка Гефест 2601 К54 кремовый,эмаль,300 м3/ч, традиционная",5546.8212,3.0,"{""Крым"": 3.0}",2026-05-15_13-05-59_unknown_supplier_12_05_бакси_иммергаз_аристон_дражице_навьен_термекс_бош_эван_дакор.xls,1235
ib,unknown supplier 12 05 бакси иммергаз аристон дражице навьен термекс бош эван дакор,"Вытяжка Гефест 4603 белый,стекло,800 м3/ч,встраиваемая",11995.9038,5.0,"{""КРД"": 1.0, ""Крым"": 4.0}",2026-05-15_13-05-59_unknown_supplier_12_05_бакси_иммергаз_аристон_дражице_навьен_термекс_бош_эван_дакор.xls,1236
ib,unknown supplier 12 05 бакси иммергаз аристон дражице навьен термекс бош эван дакор,"Вытяжка Гефест 4603 В81 кремовый,стекло,800 м3/ч,встраиваемая",12199.3428,2.0,"{""КРД"": 1.0, ""Крым"": 1.0}",2026-05-15_13-05-59_unknown_supplier_12_05_бакси_иммергаз_аристон_дражице_навьен_термекс_бош_эван_дакор.xls,1237
ib,unknown supplier 12 05 бакси иммергаз аристон дражице навьен термекс бош эван дакор,"Вытяжка Гефест 4601 Р23 черный,эмаль со стеклянной накладкой,600 м3/ч,встраиваемая телескопическая",9561.4596,9.0,"{""КРД"": 4.0, ""Крым"": 5.0}",2026-05-15_13-05-59_unknown_supplier_12_05_бакси_иммергаз_аристон_дражице_навьен_термекс_бош_эван_дакор.xls,1238
ib,unknown supplier 12 05 бакси иммергаз аристон дражице навьен термекс бош эван дакор,"Вытяжка Гефест 4501 Р23 черный,эмаль со стеклянной накладкой,600 м3/ч,встраиваемая телескопическая",9527.565,7.0,"{""КРД"": 4.0, ""Крым"": 3.0}",2026-05-15_13-05-59_unknown_supplier_12_05_бакси_иммергаз_аристон_дражице_навьен_термекс_бош_эван_дакор.xls,1239
ib,unknown supplier 12 05 бакси иммергаз аристон дражице навьен термекс бош эван дакор,Вытяжка Гефест 4601 Р21,9073.2264,15.0,"{""КРД"": 6.0, ""Крым"": 9.0}",2026-05-15_13-05-59_unknown_supplier_12_05_бакси_иммергаз_аристон_дражице_навьен_термекс_бош_эван_дакор.xls,1240
ib,unknown supplier 12 05 бакси иммергаз аристон дражице навьен термекс бош эван дакор,"Вытяжка Гефест 4501 P21 черный, эмаль со стеклянной накладкой,600 м3/ч,встраиваемая телескопическая",9025.7556,4.0,"{""КРД"": 3.0, ""Крым"": 1.0}",2026-05-15_13-05-59_unknown_supplier_12_05_бакси_иммергаз_аристон_дражице_навьен_термекс_бош_эван_дакор.xls,1241
ib,unknown supplier 12 05 бакси иммергаз аристон дражице навьен термекс бош эван дакор,"Вытяжка Гефест 4601 P12 белый, эмаль со стеклянной накладкой,600 м3/ч,встраиваемая телескопическая",9235.9674,1.0,"{""КРД"": 1.0}",2026-05-15_13-05-59_unknown_supplier_12_05_бакси_иммергаз_аристон_дражице_навьен_термекс_бош_эван_дакор.xls,1242
ib,unknown supplier 12 05 бакси иммергаз аристон дражице навьен термекс бош эван дакор,"EDISSON ER 50 V Бойлер электр. 1,5 кВт верт. КРУГ. бак эмаль",5764.5,7.0,"{""КРД"": 7.0}",2026-05-15_13-05-59_unknown_supplier_12_05_бакси_иммергаз_аристон_дражице_навьен_термекс_бош_эван_дакор.xls,1245
ib,unknown supplier 12 05 бакси иммергаз аристон дражице навьен термекс бош эван дакор,EDISSON King 80 V Бойлер электр. 2 кВт верт. бак нерж ПЛОСКИЙ,14899.5,2.0,"{""КРД"": 2.0}",2026-05-15_13-05-59_unknown_supplier_12_05_бакси_иммергаз_аристон_дражице_навьен_термекс_бош_эван_дакор.xls,1246
ib,unknown supplier 12 05 бакси иммергаз аристон дражице навьен термекс бош эван дакор,"THERMEX H 10 O (pro) Бойлер электрический 1,5 кВт над бак Биостеклофарфор",5806.71,4.0,"{""КРД"": 1.0, ""Крым"": 3.0}",2026-05-15_13-05-59_unknown_supplier_12_05_бакси_иммергаз_аристон_дражице_навьен_термекс_бош_эван_дакор.xls,1247
ib,unknown supplier 12 05 бакси иммергаз аристон дражице навьен термекс бош эван дакор,"THERMEX H 15 O (pro) Бойлер электрический 1,5 кВт над бак Биостеклофарфор",6789.51,5.0,"{""КРД"": 1.0, ""Крым"": 4.0}",2026-05-15_13-05-59_unknown_supplier_12_05_бакси_иммергаз_аристон_дражице_навьен_термекс_бош_эван_дакор.xls,1248
ib,unknown supplier 12 05 бакси иммергаз аристон дражице навьен термекс бош эван дакор,"THERMEX MK 100 V Бойлер электр. 2/1,2/0,8 кВт верт. бак НЕРЖ. ПЛОСКИЙ",20655.6,4.0,"{""КРД"": 4.0}",2026-05-15_13-05-59_unknown_supplier_12_05_бакси_иммергаз_аристон_дражице_навьен_термекс_бош_эван_дакор.xls,1249
ib,unknown supplier 12 05 бакси иммергаз аристон дражице навьен термекс бош эван дакор,"THERMEX MK 80 V Бойлер электр. 2/1,2/0,8 кВт верт. бак НЕРЖ. ПЛОСКИЙ",17967.6,5.0,"{""КРД"": 5.0}",2026-05-15_13-05-59_unknown_supplier_12_05_бакси_иммергаз_аристон_дражице_навьен_термекс_бош_эван_дакор.xls,1250
ib,unknown supplier 12 05 бакси иммергаз аристон дражице навьен термекс бош эван дакор,THERMEX Praktik 80 V Бойлер электр. 2.5/1.5/ 1 кВт верт. бак КРУГ НЕРЖ,15470.91,2.0,"{""КРД"": 2.0}",2026-05-15_13-05-59_unknown_supplier_12_05_бакси_иммергаз_аристон_дражице_навьен_термекс_бош_эван_дакор.xls,1251
ib,unknown supplier 12 05 бакси иммергаз аристон дражице навьен термекс бош эван дакор,"THERMEX TitaniumHeat 150 V Бойлер электр. 1,5 кВт верт. КРУГ бак Биостеклофарфор",12768.21,1.0,"{""Крым"": 1.0}",2026-05-15_13-05-59_unknown_supplier_12_05_бакси_иммергаз_аристон_дражице_навьен_термекс_бош_эван_дакор.xls,1252
ib,unknown supplier 12 05 бакси иммергаз аристон дражице навьен термекс бош эван дакор,"THERMEX TitaniumHeat 30 V Slim Бойлер электр. 1,5 кВт верт. бак Биостеклофарфор",7280.91,4.0,"{""КРД"": 4.0}",2026-05-15_13-05-59_unknown_supplier_12_05_бакси_иммергаз_аристон_дражице_навьен_термекс_бош_эван_дакор.xls,1253
ib,unknown supplier 12 05 бакси иммергаз аристон дражице навьен термекс бош эван дакор,"THERMEX TitaniumHeat 50 V Бойлер электр. 1,5 кВт верт. КРУГ бак Биостеклофарфор",7690.41,4.0,"{""КРД"": 4.0}",2026-05-15_13-05-59_unknown_supplier_12_05_бакси_иммергаз_аристон_дражице_навьен_термекс_бош_эван_дакор.xls,1254
ib,unknown supplier 12 05 бакси иммергаз аристон дражице навьен термекс бош эван дакор,"THERMEX TitaniumHeat 60 V Slim Бойлер электр. 1,5 кВт верт. бак Биостеклофарфор",8509.41,1.0,"{""КРД"": 1.0}",2026-05-15_13-05-59_unknown_supplier_12_05_бакси_иммергаз_аристон_дражице_навьен_термекс_бош_эван_дакор.xls,1255
ib,unknown supplier 12 05 бакси иммергаз аристон дражице навьен термекс бош эван дакор,"THERMEX TitaniumHeat 70 V Slim Бойлер электр. 1,5 кВт верт. бак Биостеклофарфор",8837.01,3.0,"{""КРД"": 3.0}",2026-05-15_13-05-59_unknown_supplier_12_05_бакси_иммергаз_аристон_дражице_навьен_термекс_бош_эван_дакор.xls,1256
ib,unknown supplier 12 05 бакси иммергаз аристон дражице навьен термекс бош эван дакор,"THERMEX TitaniumHeat 80 H Бойлер электр. 1,5 кВт гориз. КРУГ бак Биостеклофарфор",9410.31,3.0,"{""КРД"": 3.0}",2026-05-15_13-05-59_unknown_supplier_12_05_бакси_иммергаз_аристон_дражице_навьен_термекс_бош_эван_дакор.xls,1257
ib,unknown supplier 12 05 бакси иммергаз аристон дражице навьен термекс бош эван дакор,"Garanterm Flat 100 Бойлер электрический 1,5 кВт бак нерж",18219.6,1.0,"{""КРД"": 1.0}",2026-05-15_13-05-59_unknown_supplier_12_05_бакси_иммергаз_аристон_дражице_навьен_термекс_бош_эван_дакор.xls,1258
ib,unknown supplier 12 05 бакси иммергаз аристон дражице навьен термекс бош эван дакор,"THERMEX MK 30 V Бойлер электр. 2/1,2/0,8 кВт верт. бак НЕРЖ. ПЛОСКИЙ",11294.01,3.0,"{""КРД"": 3.0}",2026-05-15_13-05-59_unknown_supplier_12_05_бакси_иммергаз_аристон_дражице_навьен_термекс_бош_эван_дакор.xls,1259
ib,unknown supplier 12 05 бакси иммергаз аристон дражице навьен термекс бош эван дакор,"THERMEX TitaniumHeat 50 H Slim Бойлер электр. 1,5 кВт гориз. бак Биостеклофарфор",8345.61,3.0,"{""КРД"": 3.0}",2026-05-15_13-05-59_unknown_supplier_12_05_бакси_иммергаз_аристон_дражице_навьен_термекс_бош_эван_дакор.xls,1260
ib,unknown supplier 12 05 бакси иммергаз аристон дражице навьен термекс бош эван дакор,THERMEX ER 200 V Бойлер электр. 2/4/6 кВт верт. КРУГ. бак эмаль,34144.11,2.0,"{""Крым"": 2.0}",2026-05-15_13-05-59_unknown_supplier_12_05_бакси_иммергаз_аристон_дражице_навьен_термекс_бош_эван_дакор.xls,1261
ib,unknown supplier 12 05 бакси иммергаз аристон дражице навьен термекс бош эван дакор,THERMEX ER 300 V Бойлер электр. 2/4/6 кВт верт. КРУГ. бак эмаль,41760.81,,{},2026-05-15_13-05-59_unknown_supplier_12_05_бакси_иммергаз_аристон_дражице_навьен_термекс_бош_эван_дакор.xls,1262
ib,unknown supplier 12 05 бакси иммергаз аристон дражице навьен термекс бош эван дакор,THERMEX Balance 6.0 кВт Бойлер электр. проточ.,4987.71,1.0,"{""КРД"": 1.0}",2026-05-15_13-05-59_unknown_supplier_12_05_бакси_иммергаз_аристон_дражице_навьен_термекс_бош_эван_дакор.xls,1263
ib,unknown supplier 12 05 бакси иммергаз аристон дражице навьен термекс бош эван дакор,THERMEX Ceramik 50 V Бойлер электр. 2 кВт верт. бак Плоск биостеклофарфор,12522.51,4.0,"{""КРД"": 2.0, ""Крым"": 2.0}",2026-05-15_13-05-59_unknown_supplier_12_05_бакси_иммергаз_аристон_дражице_навьен_термекс_бош_эван_дакор.xls,1264
ib,unknown supplier 12 05 бакси иммергаз аристон дражице навьен термекс бош эван дакор,THERMEX Ceramik 80 V Бойлер электр. 2 кВт верт. бак Плоск биостеклофарфор,16208.01,2.0,"{""КРД"": 2.0}",2026-05-15_13-05-59_unknown_supplier_12_05_бакси_иммергаз_аристон_дражице_навьен_термекс_бош_эван_дакор.xls,1265
ib,unknown supplier 12 05 бакси иммергаз аристон дражице навьен термекс бош эван дакор,Garanterm ER 80 V Бойлер электрический верт. КРУГ. бак эмаль,7608.51,1.0,"{""КРД"": 1.0}",2026-05-15_13-05-59_unknown_supplier_12_05_бакси_иммергаз_аристон_дражице_навьен_термекс_бош_эван_дакор.xls,1266
ib,unknown supplier 12 05 бакси иммергаз аристон дражице навьен термекс бош эван дакор,Garanterm ER 100 V Бойлер электрический верт. КРУГ. бак эмаль,9164.61,1.0,"{""КРД"": 1.0}",2026-05-15_13-05-59_unknown_supplier_12_05_бакси_иммергаз_аристон_дражице_навьен_термекс_бош_эван_дакор.xls,1267
ib,unknown supplier 12 05 бакси иммергаз аристон дражице навьен термекс бош эван дакор,Garanterm ER 50 V Бойлер электрический верт. КРУГ. бак эмаль,6380.01,1.0,"{""КРД"": 1.0}",2026-05-15_13-05-59_unknown_supplier_12_05_бакси_иммергаз_аристон_дражице_навьен_термекс_бош_эван_дакор.xls,1268
ib,unknown supplier 12 05 бакси иммергаз аристон дражице навьен термекс бош эван дакор,THERMEX Urban 5500 shower Электроводонагреватель проточный,2509.5,7.0,"{""Крым"": 7.0}",2026-05-15_13-05-59_unknown_supplier_12_05_бакси_иммергаз_аристон_дражице_навьен_термекс_бош_эван_дакор.xls,1269
ib,unknown supplier 12 05 бакси иммергаз аристон дражице навьен термекс бош эван дакор,THERMEX IF 100 V (pro) Бойлер электр. верт 2 кВт бак НЕРЖ. ПЛОСКИЙ,23091.6,3.0,"{""КРД"": 1.0, ""Крым"": 2.0}",2026-05-15_13-05-59_unknown_supplier_12_05_бакси_иммергаз_аристон_дражице_навьен_термекс_бош_эван_дакор.xls,1270
ib,unknown supplier 12 05 бакси иммергаз аристон дражице навьен термекс бош эван дакор,THERMEX IF 50 V (pro) Wi-Fi Бойлер электр. верт 2 кВт бак НЕРЖ. ПЛОСКИЙ,20958.21,1.0,"{""КРД"": 1.0}",2026-05-15_13-05-59_unknown_supplier_12_05_бакси_иммергаз_аристон_дражице_навьен_термекс_бош_эван_дакор.xls,1271
ib,unknown supplier 12 05 бакси иммергаз аристон дражице навьен термекс бош эван дакор,"THERMEX Aris 100 Бойлер электр., сух тен 2/1.2/0.8 кВт ПЛОСКИЙ бак Биостеклофарфор, универ уст.",20384.91,3.0,"{""КРД"": 1.0, ""Крым"": 2.0}",2026-05-15_13-05-59_unknown_supplier_12_05_бакси_иммергаз_аристон_дражице_навьен_термекс_бош_эван_дакор.xls,1272
ib,unknown supplier 12 05 бакси иммергаз аристон дражице навьен термекс бош эван дакор,"THERMEX Thermo 150 V Бойлер электр. 2,5 кВт верт. КРУГ бак Биостеклофарфо",16453.71,4.0,"{""КРД"": 3.0, ""Крым"": 1.0}",2026-05-15_13-05-59_unknown_supplier_12_05_бакси_иммергаз_аристон_дражице_навьен_термекс_бош_эван_дакор.xls,1273
ib,unknown supplier 12 05 бакси иммергаз аристон дражице навьен термекс бош эван дакор,Garanterm ES 30 V Бойлер электрический верт. КРУГ. бак эмаль,5724.81,1.0,"{""КРД"": 1.0}",2026-05-15_13-05-59_unknown_supplier_12_05_бакси_иммергаз_аристон_дражице_навьен_термекс_бош_эван_дакор.xls,1274
ib,unknown supplier 12 05 бакси иммергаз аристон дражице навьен термекс бош эван дакор,THERMEX Praktik 30 V Slim Водонагреватель аккумуляционный электрический,10475.01,2.0,"{""КРД"": 2.0}",2026-05-15_13-05-59_unknown_supplier_12_05_бакси_иммергаз_аристон_дражице_навьен_термекс_бош_эван_дакор.xls,1275
ib,unknown supplier 12 05 бакси иммергаз аристон дражице навьен термекс бош эван дакор,THERMEX Ceramik 50 H Бойлер электр. 2 кВт гориз. бак Плоск биостеклофарфор Горизонт,13013.91,4.0,"{""КРД"": 1.0, ""Крым"": 3.0}",2026-05-15_13-05-59_unknown_supplier_12_05_бакси_иммергаз_аристон_дражице_навьен_термекс_бош_эван_дакор.xls,1276
ib,unknown supplier 12 05 бакси иммергаз аристон дражице навьен термекс бош эван дакор,Garanterm ES 50 V Бойлер электрический верт. КРУГ. бак эмаль,6789.51,2.0,"{""КРД"": 2.0}",2026-05-15_13-05-59_unknown_supplier_12_05_бакси_иммергаз_аристон_дражице_навьен_термекс_бош_эван_дакор.xls,1277
ib,unknown supplier 12 05 бакси иммергаз аристон дражице навьен термекс бош эван дакор,Водонагреватель электр. Midea MWH-FED-8020 Плоск. Эмаль. Электр. 80л. 2кВт,16729.98,12.0,"{""КРД"": 10.0, ""Крым"": 2.0}",2026-05-15_13-05-59_unknown_supplier_12_05_бакси_иммергаз_аристон_дражице_навьен_термекс_бош_эван_дакор.xls,1279
ib,unknown supplier 12 05 бакси иммергаз аристон дражице навьен термекс бош эван дакор,Водонагреватель электр. Midea MWH-FED-10020 Плоск. Эмаль. Электр. 100л. 2кВт,18589.22,3.0,"{""КРД"": 3.0}",2026-05-15_13-05-59_unknown_supplier_12_05_бакси_иммергаз_аристон_дражице_навьен_термекс_бош_эван_дакор.xls,1280
ib,unknown supplier 12 05 бакси иммергаз аристон дражице навьен термекс бош эван дакор,Водонагреватель электр Midea MWH-KVM-1520 Плоск. Эмаль. Мех. 15л. 2кВт,6839.12,3.0,"{""КРД"": 2.0, ""Крым"": 1.0}",2026-05-15_13-05-59_unknown_supplier_12_05_бакси_иммергаз_аристон_дражице_навьен_термекс_бош_эван_дакор.xls,1281
ib,unknown supplier 12 05 бакси иммергаз аристон дражице навьен термекс бош эван дакор,Водонагреватель электр. Midea MWH-RED-5015 Кругл. Эмаль. Мех. Сухой тэн,8620.98,37.0,"{""КРД"": 20.0, ""Крым"": 17.0}",2026-05-15_13-05-59_unknown_supplier_12_05_бакси_иммергаз_аристон_дражице_навьен_термекс_бош_эван_дакор.xls,1282
ib,unknown supplier 12 05 бакси иммергаз аристон дражице навьен термекс бош эван дакор,"Водонагреватель электр Midea MWH10-15MPCA Плоск. Эмаль. Мех. 10л. 1,5кВт",4530.4400000000005,21.0,"{""КРД"": 20.0, ""Крым"": 1.0}",2026-05-15_13-05-59_unknown_supplier_12_05_бакси_иммергаз_аристон_дражице_навьен_термекс_бош_эван_дакор.xls,1283
ib,unknown supplier 12 05 бакси иммергаз аристон дражице навьен термекс бош эван дакор,"Водонагреватель электр Midea MWH15-15MPCA Плоск. Эмаль. Мех. 15л. 1,5кВт",5274.56,30.0,"{""КРД"": 27.0, ""Крым"": 3.0}",2026-05-15_13-05-59_unknown_supplier_12_05_бакси_иммергаз_аристон_дражице_навьен_термекс_бош_эван_дакор.xls,1284
ib,unknown supplier 12 05 бакси иммергаз аристон дражице навьен термекс бош эван дакор,"Водонагреватель электр Midea MWH15-15MPCU Плоск. Эмаль. Мех. 15л. 1,5кВт",5274.56,43.0,"{""КРД"": 41.0, ""Крым"": 2.0}",2026-05-15_13-05-59_unknown_supplier_12_05_бакси_иммергаз_аристон_дражице_навьен_термекс_бош_эван_дакор.xls,1285
ib,unknown supplier 12 05 бакси иммергаз аристон дражице навьен термекс бош эван дакор,Водонагреватель электр. Midea MWH50-15MPC Кругл. Эмаль.,5943.42,2.0,"{""КРД"": 2.0}",2026-05-15_13-05-59_unknown_supplier_12_05_бакси_иммергаз_аристон_дражице_навьен_термекс_бош_эван_дакор.xls,1286
ib,unknown supplier 12 05 бакси иммергаз аристон дражице навьен термекс бош эван дакор,Водонагреватель электр. Midea MWH100-15MPC Кругл. Эмаль.,8101.580000000001,4.0,"{""КРД"": 4.0}",2026-05-15_13-05-59_unknown_supplier_12_05_бакси_иммергаз_аристон_дражице_навьен_термекс_бош_эван_дакор.xls,1287
ib,unknown supplier 12 05 бакси иммергаз аристон дражице навьен термекс бош эван дакор,"Водонагреватель электр Midea MWH15-15MPCA Плоск. Эмаль. Мех. 15л. 1,5кВт АКЦИЯ",5273.5,1.0,"{""КРД"": 1.0}",2026-05-15_13-05-59_unknown_supplier_12_05_бакси_иммергаз_аристон_дражице_навьен_термекс_бош_эван_дакор.xls,1288
ib,unknown supplier 12 05 бакси иммергаз аристон дражице навьен термекс бош эван дакор,Водонагреватель электр. Midea MWH80-15MPC Кругл. Эмаль. АКЦИЯ,5999.6,19.0,"{""КРД"": 7.0, ""Крым"": 12.0}",2026-05-15_13-05-59_unknown_supplier_12_05_бакси_иммергаз_аристон_дражице_навьен_термекс_бош_эван_дакор.xls,1289
ib,unknown supplier 12 05 бакси иммергаз аристон дражице навьен термекс бош эван дакор,Водонагреватель электр. Midea MWH-FEM-8020 Плоск. Эмаль. Мех. 80л. Универс. 2кВт,14349.22,1.0,"{""КРД"": 1.0}",2026-05-15_13-05-59_unknown_supplier_12_05_бакси_иммергаз_аристон_дражице_навьен_термекс_бош_эван_дакор.xls,1290
ib,unknown supplier 12 05 бакси иммергаз аристон дражице навьен термекс бош эван дакор,Водонагреватель электр. Midea OCEAN- MWH50-20SQD Квадр. Эмаль. Электр управл. Сухой тэн,12564.18,24.0,"{""КРД"": 24.0}",2026-05-15_13-05-59_unknown_supplier_12_05_бакси_иммергаз_аристон_дражице_навьен_термекс_бош_эван_дакор.xls,1291
ib,unknown supplier 12 05 бакси иммергаз аристон дражице навьен термекс бош эван дакор,Водонагреватель электр. Midea OCEAN- MWH80-20SQD Квадр. Эмаль. Электр управл. Сухой тэн,14869.68,36.0,"{""КРД"": 36.0}",2026-05-15_13-05-59_unknown_supplier_12_05_бакси_иммергаз_аристон_дражице_навьен_термекс_бош_эван_дакор.xls,1292
ib,unknown supplier 12 05 бакси иммергаз аристон дражице навьен термекс бош эван дакор,"Аристон PRO1 R 50 V 1,5K PL DRY круглый, белый,эмаль,сухой тэн",10396.35,73.0,"{""КРД"": 73.0}",2026-05-15_13-05-59_unknown_supplier_12_05_бакси_иммергаз_аристон_дражице_навьен_термекс_бош_эван_дакор.xls,1296
ib,unknown supplier 12 05 бакси иммергаз аристон дражице навьен термекс бош эван дакор,"Аристон PRO1 R 80 V 1,5K PL DRY круглый, белый,эмаль,сухой тэн",11849.85,16.0,"{""КРД"": 16.0}",2026-05-15_13-05-59_unknown_supplier_12_05_бакси_иммергаз_аристон_дражице_навьен_термекс_бош_эван_дакор.xls,1297
ib,unknown supplier 12 05 бакси иммергаз аристон дражице навьен термекс бош эван дакор,"Аристон PRO1 R ABS 65 V Slim круглый,белый,эмаль,мокрый тэн",9401.85,5.0,"{""КРД"": 5.0}",2026-05-15_13-05-59_unknown_supplier_12_05_бакси_иммергаз_аристон_дражице_навьен_термекс_бош_эван_дакор.xls,1298
ib,unknown supplier 12 05 бакси иммергаз аристон дражице навьен термекс бош эван дакор,"Аристон LYDOS R ABS 50 V круглый,белый,эмаль,мокрый тэн",11662.2924,9.0,"{""КРД"": 9.0}",2026-05-15_13-05-59_unknown_supplier_12_05_бакси_иммергаз_аристон_дражице_навьен_термекс_бош_эван_дакор.xls,1299
ib,unknown supplier 12 05 бакси иммергаз аристон дражице навьен термекс бош эван дакор,"Аристон LYDOS ECO ABS PW 50 V круглый,белый,эмаль,мокрый тэн",13451.709,7.0,"{""КРД"": 7.0}",2026-05-15_13-05-59_unknown_supplier_12_05_бакси_иммергаз_аристон_дражице_навьен_термекс_бош_эван_дакор.xls,1300
ib,unknown supplier 12 05 бакси иммергаз аристон дражице навьен термекс бош эван дакор,"Аристон PRO 1 R 80 V PL круглый,белый,эмаль,мокрый тэн",8866.35,,{},2026-05-15_13-05-59_unknown_supplier_12_05_бакси_иммергаз_аристон_дражице_навьен_термекс_бош_эван_дакор.xls,1301
ib,unknown supplier 12 05 бакси иммергаз аристон дражице навьен термекс бош эван дакор,"Аристон PRO 1 R 50 V PL круглый,белый,эмаль,мокрый тэн",7565.85,1.0,"{""КРД"": 1.0}",2026-05-15_13-05-59_unknown_supplier_12_05_бакси_иммергаз_аристон_дражице_навьен_термекс_бош_эван_дакор.xls,1302
ib,unknown supplier 12 05 бакси иммергаз аристон дражице навьен термекс бош эван дакор,"Аристон PRO 1 R 120 V круглый,белый,эмаль,мокрый тэн",12997.35,2.0,"{""КРД"": 2.0}",2026-05-15_13-05-59_unknown_supplier_12_05_бакси_иммергаз_аристон_дражице_навьен_термекс_бош_эван_дакор.xls,1303
ib,unknown supplier 12 05 бакси иммергаз аристон дражице навьен термекс бош эван дакор,"Аристон PRO 1 R 100 V PL АКЦИЯ круглый,белый,эмаль,мокрый тэн",10090.35,2.0,"{""КРД"": 2.0}",2026-05-15_13-05-59_unknown_supplier_12_05_бакси_иммергаз_аристон_дражице_навьен_термекс_бош_эван_дакор.xls,1304
ib,unknown supplier 12 05 бакси иммергаз аристон дражице навьен термекс бош эван дакор,"Аристон PRO 1 R 100 V PL круглый,белый,эмаль,мокрый тэн",10090.35,7.0,"{""КРД"": 7.0}",2026-05-15_13-05-59_unknown_supplier_12_05_бакси_иммергаз_аристон_дражице_навьен_термекс_бош_эван_дакор.xls,1305
ib,unknown supplier 12 05 бакси иммергаз аристон дражице навьен термекс бош эван дакор,"Аристон PRO1 R 80 V 1,5K PL DRY АКЦИЯ",9442.14,5.0,"{""КРД"": 5.0}",2026-05-15_13-05-59_unknown_supplier_12_05_бакси_иммергаз_аристон_дражице_навьен_термекс_бош_эван_дакор.xls,1306
ib,unknown supplier 12 05 бакси иммергаз аристон дражице навьен термекс бош эван дакор,"Аристон PRO 1 R ABS 80 V круглый,белый,эмаль,мокрый тэн (УЗО)",9784.35,6.0,"{""КРД"": 6.0}",2026-05-15_13-05-59_unknown_supplier_12_05_бакси_иммергаз_аристон_дражице_навьен_термекс_бош_эван_дакор.xls,1307
ib,unknown supplier 12 05 бакси иммергаз аристон дражице навьен термекс бош эван дакор,"Аристон PRO 1 R ABS 100 V круглый,белый,эмаль,мокрый тэн (УЗО)",11084.85,27.0,"{""КРД"": 27.0}",2026-05-15_13-05-59_unknown_supplier_12_05_бакси_иммергаз_аристон_дражице_навьен_термекс_бош_эван_дакор.xls,1308
ib,unknown supplier 12 05 бакси иммергаз аристон дражице навьен термекс бош эван дакор,Аристон NТS 30 V 1.5 K (SU) Slim,5653.35,1.0,"{""КРД"": 1.0}",2026-05-15_13-05-59_unknown_supplier_12_05_бакси_иммергаз_аристон_дражице_навьен_термекс_бош_эван_дакор.xls,1310
ib,unknown supplier 12 05 бакси иммергаз аристон дражице навьен термекс бош эван дакор,"Аристон ABS ANDRIS LUX 15 OR (над мойку) квадратный,белый+черный,эмаль,мокрый тэн",7642.35,2.0,"{""КРД"": 2.0}",2026-05-15_13-05-59_unknown_supplier_12_05_бакси_иммергаз_аристон_дражице_навьен_термекс_бош_эван_дакор.xls,1312
ib,unknown supplier 12 05 бакси иммергаз аристон дражице навьен термекс бош эван дакор,"Аристон ABS ANDRIS LUX 15 UR (под мойку)квадратный,белый+черный,эмаль,мокрый тэн",7642.35,1.0,"{""КРД"": 1.0}",2026-05-15_13-05-59_unknown_supplier_12_05_бакси_иммергаз_аристон_дражице_навьен_термекс_бош_эван_дакор.xls,1313
ib,unknown supplier 12 05 бакси иммергаз аристон дражице навьен термекс бош эван дакор,"Аристон ABS VLS PRO INOX R 50 плоскйи, серый, нерж. сталь,мокрый тэн",16286.85,6.0,"{""КРД"": 6.0}",2026-05-15_13-05-59_unknown_supplier_12_05_бакси_иммергаз_аристон_дражице_навьен_термекс_бош_эван_дакор.xls,1314
ib,unknown supplier 12 05 бакси иммергаз аристон дражице навьен термекс бош эван дакор,"Аристон ABS VLS PRO INOX R 80 плоский,серый, нерж. сталь,мокрый тэн",19729.35,8.0,"{""КРД"": 8.0}",2026-05-15_13-05-59_unknown_supplier_12_05_бакси_иммергаз_аристон_дражице_навьен_термекс_бош_эван_дакор.xls,1315
ib,unknown supplier 12 05 бакси иммергаз аристон дражице навьен термекс бош эван дакор,"Аристон ABS VLS PRO R 50 плоский,серый,эмаль,мокрый тэн",13379.85,19.0,"{""КРД"": 19.0}",2026-05-15_13-05-59_unknown_supplier_12_05_бакси_иммергаз_аристон_дражице_навьен_термекс_бош_эван_дакор.xls,1316
ib,unknown supplier 12 05 бакси иммергаз аристон дражице навьен термекс бош эван дакор,"Аристон ABS VLS PRO R 80 плоский серый,эмаль,мокрый тэн",16286.85,9.0,"{""КРД"": 9.0}",2026-05-15_13-05-59_unknown_supplier_12_05_бакси_иммергаз_аристон_дражице_навьен_термекс_бош_эван_дакор.xls,1317
ib,unknown supplier 12 05 бакси иммергаз аристон дражице навьен термекс бош эван дакор,"Аристон ABSЕ VLS PRO PW 50 плоский,серый,эмаль,мокрый тэн",16363.35,18.0,"{""КРД"": 18.0}",2026-05-15_13-05-59_unknown_supplier_12_05_бакси_иммергаз_аристон_дражице_навьен_термекс_бош_эван_дакор.xls,1318
ib,unknown supplier 12 05 бакси иммергаз аристон дражице навьен термекс бош эван дакор,"Аристон ABSЕ VLS PRO PW 80 плоский,серый,эмаль,мокрый тэн",19882.35,15.0,"{""КРД"": 15.0}",2026-05-15_13-05-59_unknown_supplier_12_05_бакси_иммергаз_аристон_дражице_навьен_термекс_бош_эван_дакор.xls,1319
ib,unknown supplier 12 05 бакси иммергаз аристон дражице навьен термекс бош эван дакор,"Аристон ABS VLS PRO R 100 плоский,серый,эмаль,мокрый тэн",18505.35,4.0,"{""КРД"": 4.0}",2026-05-15_13-05-59_unknown_supplier_12_05_бакси_иммергаз_аристон_дражице_навьен_термекс_бош_эван_дакор.xls,1320
ib,unknown supplier 12 05 бакси иммергаз аристон дражице навьен термекс бош эван дакор,поворотный угол для теплого пола 90 16мм (8/800) Valtec,37.771,,{},2026-05-15_13-05-59_unknown_supplier_12_05_бакси_иммергаз_аристон_дражице_навьен_термекс_бош_эван_дакор.xls,1323
ib,unknown supplier 12 05 бакси иммергаз аристон дражице навьен термекс бош эван дакор,Сшитый полиэтилен Valtec PEX c антидиффуз слоем EVOH 20 * 2 мм (100м),83.46000000000001,400.0,"{""Крым"": 400.0}",2026-05-15_13-05-59_unknown_supplier_12_05_бакси_иммергаз_аристон_дражице_навьен_термекс_бош_эван_дакор.xls,1324
ib,unknown supplier 12 05 бакси иммергаз аристон дражице навьен термекс бош эван дакор,"Металлопласт труба PEX-AL-PEX VALTEC 16(2,0) бухта 100м",88.489,1057.0,"{""КРД"": 400.0, ""Крым"": 657.0}",2026-05-15_13-05-59_unknown_supplier_12_05_бакси_иммергаз_аристон_дражице_навьен_термекс_бош_эван_дакор.xls,1325
ib,unknown supplier 12 05 бакси иммергаз аристон дражице навьен термекс бош эван дакор,"Металлопласт труба PEX-AL-PEX VALTEC 16(2,0) бухта 200м",88.489,286.0,"{""КРД"": 200.0, ""Крым"": 86.0}",2026-05-15_13-05-59_unknown_supplier_12_05_бакси_иммергаз_аристон_дражице_навьен_термекс_бош_эван_дакор.xls,1326
ib,unknown supplier 12 05 бакси иммергаз аристон дражице навьен термекс бош эван дакор,"Подложка для теплого пола VALTEC, мультифольга 3мм.(30м.кв.)",50.611,,{},2026-05-15_13-05-59_unknown_supplier_12_05_бакси_иммергаз_аристон_дражице_навьен_термекс_бош_эван_дакор.xls,1327
ib,unknown supplier 12 05 бакси иммергаз аристон дражице навьен термекс бош эван дакор,"Термостат комнатный, с датчиком температуры пола (НЗ сервоприводы)",1426.952,1.0,"{""Крым"": 1.0}",2026-05-15_13-05-59_unknown_supplier_12_05_бакси_иммергаз_аристон_дражице_навьен_термекс_бош_эван_дакор.xls,1328
ib,unknown supplier 12 05 бакси иммергаз аристон дражице навьен термекс бош эван дакор,"Сшитый полиэтилен Valtec PE-Xa с барьерным слоем EVOH, 25(3,5) бухта 50 м",169.809,39.0,"{""Крым"": 39.0}",2026-05-15_13-05-59_unknown_supplier_12_05_бакси_иммергаз_аристон_дражице_навьен_термекс_бош_эван_дакор.xls,1329
ib,unknown supplier 12 05 бакси иммергаз аристон дражице навьен термекс бош эван дакор,"Сшитый полиэтилен Valtec PE-Xa с барьерным слоем EVOH, 20(2,8) бухта 100 м",79.608,,{},2026-05-15_13-05-59_unknown_supplier_12_05_бакси_иммергаз_аристон_дражице_навьен_термекс_бош_эван_дакор.xls,1330
ib,unknown supplier 12 05 бакси иммергаз аристон дражице навьен термекс бош эван дакор,"Сшитый полиэтилен Valtec PE-Xa с барьерным слоем EVOH, 16(2.2) бухта 200 м",53.714000000000006,,{},2026-05-15_13-05-59_unknown_supplier_12_05_бакси_иммергаз_аристон_дражице_навьен_термекс_бош_эван_дакор.xls,1331
ib,unknown supplier 12 05 бакси иммергаз аристон дражице навьен термекс бош эван дакор,"Евроконус для пласт. трубы 16(2,0) Valtec (10/180)",142.09600000000003,6.0,"{""КРД"": 6.0}",2026-05-15_13-05-59_unknown_supplier_12_05_бакси_иммергаз_аристон_дражице_навьен_термекс_бош_эван_дакор.xls,1332
ib,unknown supplier 12 05 бакси иммергаз аристон дражице навьен термекс бош эван дакор,поворотный угол для теплого пола 90 20мм металл (8/800) Valtec,104.004,120.0,"{""Крым"": 120.0}",2026-05-15_13-05-59_unknown_supplier_12_05_бакси_иммергаз_аристон_дражице_навьен_термекс_бош_эван_дакор.xls,1333
ib,unknown supplier 12 05 бакси иммергаз аристон дражице навьен термекс бош эван дакор,"Коллекторный блок VALTEC, из нержавеющей стали с регулирующими клапанами и расходомерами, 1""х7 вых.",20829.262,2.0,"{""КРД"": 2.0}",2026-05-15_13-05-59_unknown_supplier_12_05_бакси_иммергаз_аристон_дражице_навьен_термекс_бош_эван_дакор.xls,1334
ib,unknown supplier 12 05 бакси иммергаз аристон дражице навьен термекс бош эван дакор,"Евроконус для м/п трубы 16(2,0)",133.429,14.0,"{""Крым"": 14.0}",2026-05-15_13-05-59_unknown_supplier_12_05_бакси_иммергаз_аристон_дражице_навьен_термекс_бош_эван_дакор.xls,1335
ib,unknown supplier 12 05 бакси иммергаз аристон дражице навьен термекс бош эван дакор,"Металлопласт труба PEX-AL-PEX VALTEC 20(2,0) бухта 100м",130.21900000000002,500.0,"{""КРД"": 200.0, ""Крым"": 300.0}",2026-05-15_13-05-59_unknown_supplier_12_05_бакси_иммергаз_аристон_дражице_навьен_термекс_бош_эван_дакор.xls,1336
ib,unknown supplier 12 05 бакси иммергаз аристон дражице навьен термекс бош эван дакор,"Удлинитель 1"" 50 мм Valtec (45/5)",663.186,3.0,"{""КРД"": 3.0}",2026-05-15_13-05-59_unknown_supplier_12_05_бакси_иммергаз_аристон_дражице_навьен_термекс_бош_эван_дакор.xls,1340
ib,unknown supplier 12 05 бакси иммергаз аристон дражице навьен термекс бош эван дакор,"Удлинитель 1"" 60 мм Valtec (35/5)",760.021,5.0,"{""КРД"": 5.0}",2026-05-15_13-05-59_unknown_supplier_12_05_бакси_иммергаз_аристон_дражице_навьен_термекс_бош_эван_дакор.xls,1341
ib,unknown supplier 12 05 бакси иммергаз аристон дражице навьен термекс бош эван дакор,"Удлинитель 1"" 70 мм Valtec (30/5)",870.445,5.0,"{""КРД"": 5.0}",2026-05-15_13-05-59_unknown_supplier_12_05_бакси_иммергаз_аристон_дражице_навьен_термекс_бош_эван_дакор.xls,1342
ib,unknown supplier 12 05 бакси иммергаз аристон дражице навьен термекс бош эван дакор,"Удлинитель 1"" 80 мм Valtec (25/5)",944.489,5.0,"{""КРД"": 5.0}",2026-05-15_13-05-59_unknown_supplier_12_05_бакси_иммергаз_аристон_дражице_навьен_термекс_бош_эван_дакор.xls,1343
ib,unknown supplier 12 05 бакси иммергаз аристон дражице навьен термекс бош эван дакор,"Удлинитель 1"" 100 мм Valtec (20/5)",1081.449,5.0,"{""КРД"": 5.0}",2026-05-15_13-05-59_unknown_supplier_12_05_бакси_иммергаз_аристон_дражице_навьен_термекс_бош_эван_дакор.xls,1344
ib,unknown supplier 12 05 бакси иммергаз аристон дражице навьен термекс бош эван дакор,"Удлинитель VALTEC 1/2"" вн. х20мм",105.823,10.0,"{""КРД"": 10.0}",2026-05-15_13-05-59_unknown_supplier_12_05_бакси_иммергаз_аристон_дражице_навьен_термекс_бош_эван_дакор.xls,1345
ib,unknown supplier 12 05 бакси иммергаз аристон дражице навьен термекс бош эван дакор,Фильтр 1/2 грубой очистки универсальный Valtec (120/10),503.97,8.0,"{""КРД"": 8.0}",2026-05-15_13-05-59_unknown_supplier_12_05_бакси_иммергаз_аристон_дражице_навьен_термекс_бош_эван_дакор.xls,1347
ib,unknown supplier 12 05 бакси иммергаз аристон дражице навьен термекс бош эван дакор,"Фильтр грубой очистки 1"" Valtec (4/64)",852.576,3.0,"{""КРД"": 3.0}",2026-05-15_13-05-59_unknown_supplier_12_05_бакси_иммергаз_аристон_дражице_навьен_термекс_бош_эван_дакор.xls,1348
ib,unknown supplier 12 05 бакси иммергаз аристон дражице навьен термекс бош эван дакор,"Кран с американкой 1 1/4"" Valtec BASE PN 25 (36/4)",1918.938,10.0,"{""КРД"": 10.0}",2026-05-15_13-05-59_unknown_supplier_12_05_бакси_иммергаз_аристон_дражице_навьен_термекс_бош_эван_дакор.xls,1350
ib,unknown supplier 12 05 бакси иммергаз аристон дражице навьен термекс бош эван дакор,"Кран шаровый 1/2"" в/н бабочка Valtec BASE (192/12)",310.40700000000004,,{},2026-05-15_13-05-59_unknown_supplier_12_05_бакси_иммергаз_аристон_дражице_навьен_термекс_бош_эван_дакор.xls,1351
ib,unknown supplier 12 05 бакси иммергаз аристон дражице навьен термекс бош эван дакор,"Кран шаровый 3/4"" в/в бабочка Valtec BASE (126/14)",455.713,8.0,"{""КРД"": 8.0}",2026-05-15_13-05-59_unknown_supplier_12_05_бакси_иммергаз_аристон_дражице_навьен_термекс_бош_эван_дакор.xls,1352
ib,unknown supplier 12 05 бакси иммергаз аристон дражице навьен термекс бош эван дакор,"Кран с американкой 3/4"" Valtec BASE (84/7)",616.213,6.0,"{""Крым"": 6.0}",2026-05-15_13-05-59_unknown_supplier_12_05_бакси_иммергаз_аристон_дражице_навьен_термекс_бош_эван_дакор.xls,1353
ib,unknown supplier 12 05 бакси иммергаз аристон дражице навьен термекс бош эван дакор,"Кран с американкой 1"" Valtec BASE (50/5)",1484.197,21.0,"{""КРД"": 21.0}",2026-05-15_13-05-59_unknown_supplier_12_05_бакси_иммергаз_аристон_дражице_навьен_термекс_бош_эван_дакор.xls,1354
ib,unknown supplier 12 05 бакси иммергаз аристон дражице навьен термекс бош эван дакор,"Кран шаровый 1/2"" в/в бабочка VALTEC BASE PN 40 (256/16)",338.65500000000003,14.0,"{""КРД"": 14.0}",2026-05-15_13-05-59_unknown_supplier_12_05_бакси_иммергаз_аристон_дражице_навьен_термекс_бош_эван_дакор.xls,1355
ib,unknown supplier 12 05 бакси иммергаз аристон дражице навьен термекс бош эван дакор,"Кран шаровый 1"" в/в бабочка VALTEC BASE PN 40 (90/6)",829.143,27.0,"{""КРД"": 27.0}",2026-05-15_13-05-59_unknown_supplier_12_05_бакси_иммергаз_аристон_дражице_навьен_термекс_бош_эван_дакор.xls,1356
ib,unknown supplier 12 05 бакси иммергаз аристон дражице навьен термекс бош эван дакор,"Кран шаровый 1"" в/н бабочка VALTEC BASE PN 40 (90/6)",833.316,4.0,"{""КРД"": 4.0}",2026-05-15_13-05-59_unknown_supplier_12_05_бакси_иммергаз_аристон_дражице_навьен_термекс_бош_эван_дакор.xls,1357
ib,unknown supplier 12 05 бакси иммергаз аристон дражице навьен термекс бош эван дакор,"Кран шаровый 1 1/4"" в/в рукоятка VALTEC PERFECT PN 63 (12/2)",2378.289,5.0,"{""КРД"": 5.0}",2026-05-15_13-05-59_unknown_supplier_12_05_бакси_иммергаз_аристон_дражице_навьен_термекс_бош_эван_дакор.xls,1358
ib,unknown supplier 12 05 бакси иммергаз аристон дражице навьен термекс бош эван дакор,"Кран шаровый 1 1/2"" в/в рукоятка VALTEC PERFECT PN 40 (8/2)",3936.53,3.0,"{""КРД"": 3.0}",2026-05-15_13-05-59_unknown_supplier_12_05_бакси_иммергаз_аристон_дражице_навьен_термекс_бош_эван_дакор.xls,1359
ib,unknown supplier 12 05 бакси иммергаз аристон дражице навьен термекс бош эван дакор,"Кран шаровой для подключения манометра, 1/2""вн. -1/4""вн. (н.г.) VALTEC PN 16 (160/10)",335.659,10.0,"{""КРД"": 10.0}",2026-05-15_13-05-59_unknown_supplier_12_05_бакси_иммергаз_аристон_дражице_навьен_термекс_бош_эван_дакор.xls,1360
ib,unknown supplier 12 05 бакси иммергаз аристон дражице навьен термекс бош эван дакор,"Кран шаровой для подключения манометра, 1/2""вн. -1/2""вн. (н.г.) VALTEC PN 16 (160/10)",364.87,5.0,"{""КРД"": 5.0}",2026-05-15_13-05-59_unknown_supplier_12_05_бакси_иммергаз_аристон_дражице_навьен_термекс_бош_эван_дакор.xls,1361
ib,unknown supplier 12 05 бакси иммергаз аристон дражице навьен термекс бош эван дакор,"Кран с американкой 1"" угловой Valtec BASE (4/32)",1509.77,13.0,"{""КРД"": 13.0}",2026-05-15_13-05-59_unknown_supplier_12_05_бакси_иммергаз_аристон_дражице_навьен_термекс_бош_эван_дакор.xls,1362
ib,unknown supplier 12 05 бакси иммергаз аристон дражице навьен термекс бош эван дакор,"Кран с американкой 1/2"" угловой Valtec BASE (8/96)",534.037,14.0,"{""КРД"": 14.0}",2026-05-15_13-05-59_unknown_supplier_12_05_бакси_иммергаз_аристон_дражице_навьен_термекс_бош_эван_дакор.xls,1363
ib,unknown supplier 12 05 бакси иммергаз аристон дражице навьен термекс бош эван дакор,"Кран шаровый 1 1/2"" в/в рукоятка VALTEC BASE PN 25 (2/20)",2159.688,2.0,"{""КРД"": 2.0}",2026-05-15_13-05-59_unknown_supplier_12_05_бакси_иммергаз_аристон_дражице_навьен_термекс_бош_эван_дакор.xls,1364
ib,unknown supplier 12 05 бакси иммергаз аристон дражице навьен термекс бош эван дакор,"Кран шаровый 1"" н/н бабочка Valtec BASE (6/90)",942.456,1.0,"{""КРД"": 1.0}",2026-05-15_13-05-59_unknown_supplier_12_05_бакси_иммергаз_аристон_дражице_навьен_термекс_бош_эван_дакор.xls,1365
ib,unknown supplier 12 05 бакси иммергаз аристон дражице навьен термекс бош эван дакор,"Кран шаровой VALTEC, для подключения датчика температуры, 1/2"" (15/90)",463.524,12.0,"{""КРД"": 12.0}",2026-05-15_13-05-59_unknown_supplier_12_05_бакси_иммергаз_аристон_дражице_навьен_термекс_бош_эван_дакор.xls,1366
ib,unknown supplier 12 05 бакси иммергаз аристон дражице навьен термекс бош эван дакор,"Кран шаровой VALTEC, для подключения датчика температуры, 1"" (8/64)",1032.229,1.0,"{""КРД"": 1.0}",2026-05-15_13-05-59_unknown_supplier_12_05_бакси_иммергаз_аристон_дражице_навьен_термекс_бош_эван_дакор.xls,1367
ib,unknown supplier 12 05 бакси иммергаз аристон дражице навьен термекс бош эван дакор,"Кран шаровой с накидной гайкой 1/2"" вн.-нар. Valtec PN40 (20/120)",391.40600000000006,10.0,"{""КРД"": 10.0}",2026-05-15_13-05-59_unknown_supplier_12_05_бакси_иммергаз_аристон_дражице_навьен_термекс_бош_эван_дакор.xls,1368
ib,unknown supplier 12 05 бакси иммергаз аристон дражице навьен термекс бош эван дакор,"Кран шаровый 1/2"" в/в рукоятка VALTEC BASE PN 40 (14/126)",376.74700000000007,25.0,"{""КРД"": 15.0, ""Крым"": 10.0}",2026-05-15_13-05-59_unknown_supplier_12_05_бакси_иммергаз_аристон_дражице_навьен_термекс_бош_эван_дакор.xls,1369
ib,unknown supplier 12 05 бакси иммергаз аристон дражице навьен термекс бош эван дакор,"Кран шаровый 1"" в/в рукоятка VALTEC BASE PN 40 (6/54)",810.846,1.0,"{""КРД"": 1.0}",2026-05-15_13-05-59_unknown_supplier_12_05_бакси_иммергаз_аристон_дражице_навьен_термекс_бош_эван_дакор.xls,1370
ib,unknown supplier 12 05 бакси иммергаз аристон дражице навьен термекс бош эван дакор,"Кран шаровый 2"" в/н рукоятка VALTEC BASE (2/20)",3938.028,2.0,"{""КРД"": 2.0}",2026-05-15_13-05-59_unknown_supplier_12_05_бакси_иммергаз_аристон_дражице_навьен_термекс_бош_эван_дакор.xls,1371
ib,unknown supplier 12 05 бакси иммергаз аристон дражице навьен термекс бош эван дакор,"Гильза для погружного датчика температуры 1/2""х90мм Valtec (140/10)",275.953,2.0,"{""КРД"": 2.0}",2026-05-15_13-05-59_unknown_supplier_12_05_бакси_иммергаз_аристон_дражице_навьен_термекс_бош_эван_дакор.xls,1373
ib,unknown supplier 12 05 бакси иммергаз аристон дражице навьен термекс бош эван дакор,Тройник 3/4Н - 3/4Н - 1/2Н никель Valtec (70/10),375.035,5.0,"{""КРД"": 5.0}",2026-05-15_13-05-59_unknown_supplier_12_05_бакси_иммергаз_аристон_дражице_навьен_термекс_бош_эван_дакор.xls,1375
ib,unknown supplier 12 05 бакси иммергаз аристон дражице навьен термекс бош эван дакор,Тройник 3/4В - 1/2Н - 1/2В никель Valtec (60/10),368.936,6.0,"{""КРД"": 6.0}",2026-05-15_13-05-59_unknown_supplier_12_05_бакси_иммергаз_аристон_дражице_навьен_термекс_бош_эван_дакор.xls,1376
ib,unknown supplier 12 05 бакси иммергаз аристон дражице навьен термекс бош эван дакор,Тройник 3/4В - 3/4Н - 1/2В никель Valtec (70/10),402.9620000000001,5.0,"{""КРД"": 5.0}",2026-05-15_13-05-59_unknown_supplier_12_05_бакси_иммергаз_аристон_дражице_навьен_термекс_бош_эван_дакор.xls,1377
ib,unknown supplier 12 05 бакси иммергаз аристон дражице навьен термекс бош эван дакор,Тройник 1/2В - 3/4В - 3/4Н никель Valtec (60/10),375.035,6.0,"{""КРД"": 6.0}",2026-05-15_13-05-59_unknown_supplier_12_05_бакси_иммергаз_аристон_дражице_навьен_термекс_бош_эван_дакор.xls,1378
ib,unknown supplier 12 05 бакси иммергаз аристон дражице навьен термекс бош эван дакор,Тройник 3/4В - 1/2В - 1/2Н никель Valtec (60/10),384.023,4.0,"{""КРД"": 4.0}",2026-05-15_13-05-59_unknown_supplier_12_05_бакси_иммергаз_аристон_дражице_навьен_термекс_бош_эван_дакор.xls,1379
ib,unknown supplier 12 05 бакси иммергаз аристон дражице навьен термекс бош эван дакор,Тройник 3/4В - 3/4В - 1/2Н никель Valtec,429.391,5.0,"{""КРД"": 5.0}",2026-05-15_13-05-59_unknown_supplier_12_05_бакси_иммергаз_аристон_дражице_навьен_термекс_бош_эван_дакор.xls,1380
ib,unknown supplier 12 05 бакси иммергаз аристон дражице навьен термекс бош эван дакор,Тройник 1/2В - 1/2В - 1/2В никель Valtec (100/10),200.41100000000003,6.0,"{""КРД"": 6.0}",2026-05-15_13-05-59_unknown_supplier_12_05_бакси_иммергаз_аристон_дражице_навьен_термекс_бош_эван_дакор.xls,1381
ib,unknown supplier 12 05 бакси иммергаз аристон дражице навьен термекс бош эван дакор,Тройник 1/2Н - 1/2Н - 1/2Н никель Valtec (90/10),258.512,5.0,"{""КРД"": 5.0}",2026-05-15_13-05-59_unknown_supplier_12_05_бакси_иммергаз_аристон_дражице_навьен_термекс_бош_эван_дакор.xls,1382
ib,unknown supplier 12 05 бакси иммергаз аристон дражице навьен термекс бош эван дакор,Тройник 3/4Н - 3/4Н - 3/4Н никель Valtec (60/10),399.966,5.0,"{""КРД"": 5.0}",2026-05-15_13-05-59_unknown_supplier_12_05_бакси_иммергаз_аристон_дражице_навьен_термекс_бош_эван_дакор.xls,1383
ib,unknown supplier 12 05 бакси иммергаз аристон дражице навьен термекс бош эван дакор,Тройник 3/4Н - 1/2Н - 3/4Н никель Valtec (80/10),325.173,5.0,"{""КРД"": 5.0}",2026-05-15_13-05-59_unknown_supplier_12_05_бакси_иммергаз_аристон_дражице_навьен_термекс_бош_эван_дакор.xls,1384
ib,unknown supplier 12 05 бакси иммергаз аристон дражице навьен термекс бош эван дакор,Тройник 3/4В - 1/2Н - 3/4В никель Valtec (60/10),356.845,11.0,"{""КРД"": 11.0}",2026-05-15_13-05-59_unknown_supplier_12_05_бакси_иммергаз_аристон_дражице_навьен_термекс_бош_эван_дакор.xls,1385
ib,unknown supplier 12 05 бакси иммергаз аристон дражице навьен термекс бош эван дакор,Уголок 1/2 В - 1/2 Н никель Valtec (120/10),170.13000000000002,10.0,"{""КРД"": 10.0}",2026-05-15_13-05-59_unknown_supplier_12_05_бакси_иммергаз_аристон_дражице_навьен_термекс_бош_эван_дакор.xls,1387
ib,unknown supplier 12 05 бакси иммергаз аристон дражице навьен термекс бош эван дакор,Уголок 1 1/4 В - 1 1/4 В никель Valtec (15/5),1093.54,5.0,"{""КРД"": 5.0}",2026-05-15_13-05-59_unknown_supplier_12_05_бакси_иммергаз_аристон_дражице_навьен_термекс_бош_эван_дакор.xls,1388
ib,unknown supplier 12 05 бакси иммергаз аристон дражице навьен термекс бош эван дакор,Уголок 1 1/2 В - 1 1/2 В никель Valtec (10/5),1249.9740000000002,7.0,"{""КРД"": 7.0}",2026-05-15_13-05-59_unknown_supplier_12_05_бакси_иммергаз_аристон_дражице_навьен_термекс_бош_эван_дакор.xls,1389
ib,unknown supplier 12 05 бакси иммергаз аристон дражице навьен термекс бош эван дакор,Уголок 2 В - 2 В никель Valtec (7/1),2215.007,2.0,"{""КРД"": 2.0}",2026-05-15_13-05-59_unknown_supplier_12_05_бакси_иммергаз_аристон_дражице_навьен_термекс_бош_эван_дакор.xls,1390
ib,unknown supplier 12 05 бакси иммергаз аристон дражице навьен термекс бош эван дакор,Уголок 45 град 1/2 В- 1/2 В никель Valtec (160/10),148.51600000000002,3.0,"{""КРД"": 3.0}",2026-05-15_13-05-59_unknown_supplier_12_05_бакси_иммергаз_аристон_дражице_навьен_термекс_бош_эван_дакор.xls,1391
ib,unknown supplier 12 05 бакси иммергаз аристон дражице навьен термекс бош эван дакор,Уголок 45 град 3/4 В- 3/4 В никель Valtec (90/10),211.539,3.0,"{""КРД"": 3.0}",2026-05-15_13-05-59_unknown_supplier_12_05_бакси_иммергаз_аристон_дражице_навьен_термекс_бош_эван_дакор.xls,1392
ib,unknown supplier 12 05 бакси иммергаз аристон дражице навьен термекс бош эван дакор,Уголок 1 1/4 В - 1 1/4 Н никель Valtec (15/5),1091.9350000000002,10.0,"{""КРД"": 10.0}",2026-05-15_13-05-59_unknown_supplier_12_05_бакси_иммергаз_аристон_дражице_навьен_термекс_бош_эван_дакор.xls,1393
ib,unknown supplier 12 05 бакси иммергаз аристон дражице навьен термекс бош эван дакор,Уголок 1 1/2 В - 1 1/2 Н никель Valtec (10/5),1428.45,1.0,"{""КРД"": 1.0}",2026-05-15_13-05-59_unknown_supplier_12_05_бакси_иммергаз_аристон_дражице_навьен_термекс_бош_эван_дакор.xls,1394
ib,unknown supplier 12 05 бакси иммергаз аристон дражице навьен термекс бош эван дакор,Уголок 3/4 В - 3/4 В никель Valtec (70/10),311.47700000000003,,{},2026-05-15_13-05-59_unknown_supplier_12_05_бакси_иммергаз_аристон_дражице_навьен_термекс_бош_эван_дакор.xls,1395
ib,unknown supplier 12 05 бакси иммергаз аристон дражице навьен термекс бош эван дакор,Уголок 1 В - 1 В никель Valtec (35/5),516.703,11.0,"{""КРД"": 11.0}",2026-05-15_13-05-59_unknown_supplier_12_05_бакси_иммергаз_аристон_дражице_навьен_термекс_бош_эван_дакор.xls,1396
ib,unknown supplier 12 05 бакси иммергаз аристон дражице навьен термекс бош эван дакор,Заглушка 1 1/2 Н никель (пробка) Valtec (10/60),382.63200000000006,5.0,"{""КРД"": 5.0}",2026-05-15_13-05-59_unknown_supplier_12_05_бакси_иммергаз_аристон_дражице_навьен_термекс_бош_эван_дакор.xls,1398
ib,unknown supplier 12 05 бакси иммергаз аристон дражице навьен термекс бош эван дакор,Заглушка 3/4 Н никель (пробка) Valtec (10/320),99.724,9.0,"{""КРД"": 9.0}",2026-05-15_13-05-59_unknown_supplier_12_05_бакси_иммергаз_аристон_дражице_навьен_термекс_бош_эван_дакор.xls,1399
ib,unknown supplier 12 05 бакси иммергаз аристон дражице навьен термекс бош эван дакор,Заглушка 1 Н никель (пробка) Valtec (10/180),198.806,2.0,"{""КРД"": 2.0}",2026-05-15_13-05-59_unknown_supplier_12_05_бакси_иммергаз_аристон_дражице_навьен_термекс_бош_эван_дакор.xls,1400
ib,unknown supplier 12 05 бакси иммергаз аристон дражице навьен термекс бош эван дакор,Заглушка 1/2 В никель Valtec (10/440),55.31900000000001,189.0,"{""КРД"": 189.0}",2026-05-15_13-05-59_unknown_supplier_12_05_бакси_иммергаз_аристон_дражице_навьен_термекс_бош_эван_дакор.xls,1401
ib,unknown supplier 12 05 бакси иммергаз аристон дражице навьен термекс бош эван дакор,Заглушка 3/4 В никель Valtec (10/280),99.831,10.0,"{""КРД"": 10.0}",2026-05-15_13-05-59_unknown_supplier_12_05_бакси_иммергаз_аристон_дражице_навьен_термекс_бош_эван_дакор.xls,1402
ib,unknown supplier 12 05 бакси иммергаз аристон дражице навьен термекс бош эван дакор,Заглушка 1 В никель Valtec (10/180),135.24800000000002,,{},2026-05-15_13-05-59_unknown_supplier_12_05_бакси_иммергаз_аристон_дражице_навьен_термекс_бош_эван_дакор.xls,1403
ib,unknown supplier 12 05 бакси иммергаз аристон дражице навьен термекс бош эван дакор,Заглушка 1 1/2 В никель Valtec (10/50),452.0750000000001,3.0,"{""КРД"": 3.0}",2026-05-15_13-05-59_unknown_supplier_12_05_бакси_иммергаз_аристон_дражице_навьен_термекс_бош_эван_дакор.xls,1404
ib,unknown supplier 12 05 бакси иммергаз аристон дражице навьен термекс бош эван дакор,"Заглушка 1 1/4""Н никель (пробка) Valtec (10/90)",375.784,10.0,"{""КРД"": 10.0}",2026-05-15_13-05-59_unknown_supplier_12_05_бакси_иммергаз_аристон_дражице_навьен_термекс_бош_эван_дакор.xls,1405
ib,unknown supplier 12 05 бакси иммергаз аристон дражице навьен термекс бош эван дакор,"Заглушка 2"" Н никель (пробка) Valtec (10/40)",723.106,1.0,"{""КРД"": 1.0}",2026-05-15_13-05-59_unknown_supplier_12_05_бакси_иммергаз_аристон_дражице_навьен_термекс_бош_эван_дакор.xls,1406
ib,unknown supplier 12 05 бакси иммергаз аристон дражице навьен термекс бош эван дакор,Заглушка 1 1/4 В никель Valtec (10/90),303.238,5.0,"{""КРД"": 5.0}",2026-05-15_13-05-59_unknown_supplier_12_05_бакси_иммергаз_аристон_дражице_навьен_термекс_бош_эван_дакор.xls,1407
ib,unknown supplier 12 05 бакси иммергаз аристон дражице навьен термекс бош эван дакор,"Заглушка 2"" В никель Valtec (10/30)",724.39,3.0,"{""КРД"": 3.0}",2026-05-15_13-05-59_unknown_supplier_12_05_бакси_иммергаз_аристон_дражице_навьен_термекс_бош_эван_дакор.xls,1408
ib,unknown supplier 12 05 бакси иммергаз аристон дражице навьен термекс бош эван дакор,"Ниппель переходной 1""х3/4"" Н VALTEC (10/110)",171.735,5.0,"{""КРД"": 5.0}",2026-05-15_13-05-59_unknown_supplier_12_05_бакси_иммергаз_аристон_дражице_навьен_термекс_бош_эван_дакор.xls,1410
ib,unknown supplier 12 05 бакси иммергаз аристон дражице навьен термекс бош эван дакор,"Ниппель 1/2"" Н никель VALTEC (10/360)",50.397000000000006,2.0,"{""КРД"": 2.0}",2026-05-15_13-05-59_unknown_supplier_12_05_бакси_иммергаз_аристон_дражице_навьен_термекс_бош_эван_дакор.xls,1411
ib,unknown supplier 12 05 бакси иммергаз аристон дражице навьен термекс бош эван дакор,"Ниппель 3/4"" Н никель VALTEC (10/200)",104.111,109.0,"{""КРД"": 109.0}",2026-05-15_13-05-59_unknown_supplier_12_05_бакси_иммергаз_аристон_дражице_навьен_термекс_бош_эван_дакор.xls,1412
ib,unknown supplier 12 05 бакси иммергаз аристон дражице навьен термекс бош эван дакор,"Ниппель 1 1/2"" Н никель VALTEC (10/40)",422.543,5.0,"{""КРД"": 5.0}",2026-05-15_13-05-59_unknown_supplier_12_05_бакси_иммергаз_аристон_дражице_навьен_термекс_бош_эван_дакор.xls,1413
ib,unknown supplier 12 05 бакси иммергаз аристон дражице навьен термекс бош эван дакор,"Ниппель переходной 1/2"" х евроконус нар.-нар. VALTEC",123.157,6.0,"{""КРД"": 6.0}",2026-05-15_13-05-59_unknown_supplier_12_05_бакси_иммергаз_аристон_дражице_навьен_термекс_бош_эван_дакор.xls,1414
ib,unknown supplier 12 05 бакси иммергаз аристон дражице навьен термекс бош эван дакор,"Ниппель переходной VALTEC 3/4""х1/2"" нар.-нар.",94.481,109.0,"{""КРД"": 109.0}",2026-05-15_13-05-59_unknown_supplier_12_05_бакси_иммергаз_аристон_дражице_навьен_термекс_бош_эван_дакор.xls,1415
ib,unknown supplier 12 05 бакси иммергаз аристон дражице навьен термекс бош эван дакор,"Сгон 1/2"" с накид. гайкой для VT.227,.228,327,328, VTr.098,341,728 Valtec (150/10)",144.55700000000002,10.0,"{""КРД"": 10.0}",2026-05-15_13-05-59_unknown_supplier_12_05_бакси_иммергаз_аристон_дражице_навьен_термекс_бош_эван_дакор.xls,1417
ib,unknown supplier 12 05 бакси иммергаз аристон дражице навьен термекс бош эван дакор,"Сгон 3/4"" с накид. гайкой для VT.227,.228,327,328, VTr.098,341,728 Valtec (110/10)",224.486,10.0,"{""КРД"": 10.0}",2026-05-15_13-05-59_unknown_supplier_12_05_бакси_иммергаз_аристон_дражице_навьен_термекс_бош_эван_дакор.xls,1418
ib,unknown supplier 12 05 бакси иммергаз аристон дражице навьен термекс бош эван дакор,Терморегулирующий монтажный комплект IC-BOX 2 (унибокс) Valtec (16/1),11973.407,1.0,"{""КРД"": 1.0}",2026-05-15_13-05-59_unknown_supplier_12_05_бакси_иммергаз_аристон_дражице_навьен_термекс_бош_эван_дакор.xls,1420
ib,unknown supplier 12 05 бакси иммергаз аристон дражице навьен термекс бош эван дакор,"Редуктор давления воды поршневой 1 - 4,5 бар 1/2"" Valtec (48/1)",884.676,20.0,"{""КРД"": 20.0}",2026-05-15_13-05-59_unknown_supplier_12_05_бакси_иммергаз_аристон_дражице_навьен_термекс_бош_эван_дакор.xls,1422
ib,unknown supplier 12 05 бакси иммергаз аристон дражице навьен термекс бош эван дакор,"Клапан балансировочный 1 1/4"" Valtec (1/12)",2597.7460000000005,3.0,"{""КРД"": 3.0}",2026-05-15_13-05-59_unknown_supplier_12_05_бакси_иммергаз_аристон_дражице_навьен_термекс_бош_эван_дакор.xls,1423
ib,unknown supplier 12 05 бакси иммергаз аристон дражице навьен термекс бош эван дакор,"Клапан балансировочный 1/2"" Valtec (1/30)",1072.247,5.0,"{""КРД"": 5.0}",2026-05-15_13-05-59_unknown_supplier_12_05_бакси_иммергаз_аристон_дражице_навьен_термекс_бош_эван_дакор.xls,1424
ib,unknown supplier 12 05 бакси иммергаз аристон дражице навьен термекс бош эван дакор,"Клапан балансировочный 1"" Valtec (1/20)",2000.2580000000005,5.0,"{""КРД"": 5.0}",2026-05-15_13-05-59_unknown_supplier_12_05_бакси_иммергаз_аристон_дражице_навьен_термекс_бош_эван_дакор.xls,1425
ib,unknown supplier 12 05 бакси иммергаз аристон дражице навьен термекс бош эван дакор,"Клапан балансировочный 1 1/2"" Valtec (1/12)",4366.563,3.0,"{""КРД"": 3.0}",2026-05-15_13-05-59_unknown_supplier_12_05_бакси_иммергаз_аристон_дражице_навьен_термекс_бош_эван_дакор.xls,1426
ib,unknown supplier 12 05 бакси иммергаз аристон дражице навьен термекс бош эван дакор,"Автоматический регулятор перепада давления VALTEC 1"" 50-300 mBar",11972.444,3.0,"{""КРД"": 3.0}",2026-05-15_13-05-59_unknown_supplier_12_05_бакси_иммергаз_аристон_дражице_навьен_термекс_бош_эван_дакор.xls,1427
ib,unknown supplier 12 05 бакси иммергаз аристон дражице навьен термекс бош эван дакор,"Автоматический регулятор перепада давления VALTEC в комплекте с запорно-регулировочным клапаном, 1/2",15519.708,3.0,"{""КРД"": 3.0}",2026-05-15_13-05-59_unknown_supplier_12_05_бакси_иммергаз_аристон_дражице_навьен_термекс_бош_эван_дакор.xls,1428
ib,unknown supplier 12 05 бакси иммергаз аристон дражице навьен термекс бош эван дакор,"Клапан балансировочный 3/4"" Valtec (1/30)",1400.523,5.0,"{""КРД"": 5.0}",2026-05-15_13-05-59_unknown_supplier_12_05_бакси_иммергаз_аристон_дражице_навьен_термекс_бош_эван_дакор.xls,1429
ib,unknown supplier 12 05 бакси иммергаз аристон дражице навьен термекс бош эван дакор,"Редуктор давления VALTEC с фильтром и манометром, от 2 до 5 бар 1/2""",1241.6280000000002,3.0,"{""КРД"": 3.0}",2026-05-15_13-05-59_unknown_supplier_12_05_бакси_иммергаз_аристон_дражице_навьен_термекс_бош_эван_дакор.xls,1430
ib,unknown supplier 12 05 бакси иммергаз аристон дражице навьен термекс бош эван дакор,"Редуктор давления VALTEC, мембранный регулируемый 1-5 бар 3/4""",1050.098,5.0,"{""КРД"": 5.0}",2026-05-15_13-05-59_unknown_supplier_12_05_бакси_иммергаз_аристон_дражице_навьен_термекс_бош_эван_дакор.xls,1431
ib,unknown supplier 12 05 бакси иммергаз аристон дражице навьен термекс бош эван дакор,"Муфта переходная 1""х1/2"" вн.-вн. VALTEC (10/100)",216.99600000000004,2.0,"{""КРД"": 2.0}",2026-05-15_13-05-59_unknown_supplier_12_05_бакси_иммергаз_аристон_дражице_навьен_термекс_бош_эван_дакор.xls,1433
ib,unknown supplier 12 05 бакси иммергаз аристон дражице навьен термекс бош эван дакор,"Муфта 1"" вн.-вн. VALTEC (10/80)",232.832,8.0,"{""КРД"": 8.0}",2026-05-15_13-05-59_unknown_supplier_12_05_бакси_иммергаз_аристон_дражице_навьен_термекс_бош_эван_дакор.xls,1434
ib,unknown supplier 12 05 бакси иммергаз аристон дражице навьен термекс бош эван дакор,Переход 1 В - 1/2 Н никель VALTEC (10/140),162.53300000000002,5.0,"{""КРД"": 5.0}",2026-05-15_13-05-59_unknown_supplier_12_05_бакси_иммергаз_аристон_дражице_навьен_термекс_бош_эван_дакор.xls,1436
ib,unknown supplier 12 05 бакси иммергаз аристон дражице навьен термекс бош эван дакор,Переход 1 В - 3/4 Н никель VALTEC (10/130),160.179,132.0,"{""КРД"": 132.0}",2026-05-15_13-05-59_unknown_supplier_12_05_бакси_иммергаз_аристон_дражице_навьен_термекс_бош_эван_дакор.xls,1437
ib,unknown supplier 12 05 бакси иммергаз аристон дражице навьен термекс бош эван дакор,"Американка 1/2"" угловая никель VALTEC (10/90)",248.668,2.0,"{""КРД"": 2.0}",2026-05-15_13-05-59_unknown_supplier_12_05_бакси_иммергаз_аристон_дражице_навьен_термекс_бош_эван_дакор.xls,1439
ib,unknown supplier 12 05 бакси иммергаз аристон дражице навьен термекс бош эван дакор,Американка 1/2 прямая никель VALTEC (10/140),210.148,11.0,"{""КРД"": 11.0}",2026-05-15_13-05-59_unknown_supplier_12_05_бакси_иммергаз_аристон_дражице_навьен_термекс_бош_эван_дакор.xls,1440
ib,unknown supplier 12 05 бакси иммергаз аристон дражице навьен термекс бош эван дакор,Американка 3/4 прямая никель VALTEC (10/70),300.456,12.0,"{""КРД"": 12.0}",2026-05-15_13-05-59_unknown_supplier_12_05_бакси_иммергаз_аристон_дражице_навьен_термекс_бош_эван_дакор.xls,1441
ib,unknown supplier 12 05 бакси иммергаз аристон дражице навьен термекс бош эван дакор,Футорка 1/2 Н - 1/4 В никель VALTEC (450/10),54.998000000000005,4.0,"{""КРД"": 4.0}",2026-05-15_13-05-59_unknown_supplier_12_05_бакси_иммергаз_аристон_дражице_навьен_термекс_бош_эван_дакор.xls,1443
ib,unknown supplier 12 05 бакси иммергаз аристон дражице навьен термекс бош эван дакор,Футорка 3/8 Н - 1/4 В никель VALTEС (700/10),21.186000000000003,5.0,"{""КРД"": 5.0}",2026-05-15_13-05-59_unknown_supplier_12_05_бакси_иммергаз_аристон_дражице_навьен_термекс_бош_эван_дакор.xls,1444
ib,unknown supplier 12 05 бакси иммергаз аристон дражице навьен термекс бош эван дакор,Футорка 2 Н - 1/2 В никель VALTEC (70/10),817.48,5.0,"{""КРД"": 5.0}",2026-05-15_13-05-59_unknown_supplier_12_05_бакси_иммергаз_аристон_дражице_навьен_термекс_бош_эван_дакор.xls,1445
ib,unknown supplier 12 05 бакси иммергаз аристон дражице навьен термекс бош эван дакор,"Муфта разъемная 1/2"" вн.-вн. VALTEC (10/110)",252.84100000000004,15.0,"{""КРД"": 15.0}",2026-05-15_13-05-59_unknown_supplier_12_05_бакси_иммергаз_аристон_дражице_навьен_термекс_бош_эван_дакор.xls,1447
ib,unknown supplier 12 05 бакси иммергаз аристон дражице навьен термекс бош эван дакор,"Муфта разъемная 3/4"" вн.-вн. VALTEC (10/50)",450.363,25.0,"{""КРД"": 25.0}",2026-05-15_13-05-59_unknown_supplier_12_05_бакси_иммергаз_аристон_дражице_навьен_термекс_бош_эван_дакор.xls,1448
ib,unknown supplier 12 05 бакси иммергаз аристон дражице навьен термекс бош эван дакор,"Муфта разъемная 1"" вн.-вн. VALTEC (5/35)",685.121,4.0,"{""КРД"": 4.0}",2026-05-15_13-05-59_unknown_supplier_12_05_бакси_иммергаз_аристон_дражице_навьен_термекс_бош_эван_дакор.xls,1449
ib,unknown supplier 12 05 бакси иммергаз аристон дражице навьен термекс бош эван дакор,"Кран с термоголовой + нижний остечной 1/2"" угловой VALTEC (1/16)",1589.592,14.0,"{""КРД"": 14.0}",2026-05-15_13-05-59_unknown_supplier_12_05_бакси_иммергаз_аристон_дражице_навьен_термекс_бош_эван_дакор.xls,1451
ib,unknown supplier 12 05 бакси иммергаз аристон дражице навьен термекс бош эван дакор,"Клапан нижний 1/2"" прямой (настроечный) VALTEC (10/80)",854.3950000000001,80.0,"{""КРД"": 80.0}",2026-05-15_13-05-59_unknown_supplier_12_05_бакси_иммергаз_аристон_дражице_навьен_термекс_бош_эван_дакор.xls,1452
ib,unknown supplier 12 05 бакси иммергаз аристон дражице навьен термекс бош эван дакор,"Клапан термостатический для рад. прямой 1/2"" 30*1,5 (с доп. уплотнением) Valtec (15/60)",716.0440000000001,60.0,"{""КРД"": 60.0}",2026-05-15_13-05-59_unknown_supplier_12_05_бакси_иммергаз_аристон_дражице_навьен_термекс_бош_эван_дакор.xls,1453
ib,unknown supplier 12 05 бакси иммергаз аристон дражице навьен термекс бош эван дакор,"Кран с термоголовой + нижний отсечной 1/2"" прямой Valtec (1/16)",1727.1940000000002,46.0,"{""КРД"": 31.0, ""Крым"": 15.0}",2026-05-15_13-05-59_unknown_supplier_12_05_бакси_иммергаз_аристон_дражице_навьен_термекс_бош_эван_дакор.xls,1454
ib,unknown supplier 12 05 бакси иммергаз аристон дражице навьен термекс бош эван дакор,"Кран верхний 1/2"" угловой VALTEC (7/105)",576.195,1.0,"{""КРД"": 1.0}",2026-05-15_13-05-59_unknown_supplier_12_05_бакси_иммергаз_аристон_дражице_навьен_термекс_бош_эван_дакор.xls,1455
ib,unknown supplier 12 05 бакси иммергаз аристон дражице навьен термекс бош эван дакор,"Кран нижний 1/2"" угловой VALTEC (10/80)",710.48,4.0,"{""КРД"": 4.0}",2026-05-15_13-05-59_unknown_supplier_12_05_бакси_иммергаз_аристон_дражице_навьен_термекс_бош_эван_дакор.xls,1456
ib,unknown supplier 12 05 бакси иммергаз аристон дражице навьен термекс бош эван дакор,"Термоголовка диап. регул-ки 6,5 - 28°C жидкостная М30х1,5 Valtec (16/128)",757.7740000000001,91.0,"{""КРД"": 91.0}",2026-05-15_13-05-59_unknown_supplier_12_05_бакси_иммергаз_аристон_дражице_навьен_термекс_бош_эван_дакор.xls,1457
ib,unknown supplier 12 05 бакси иммергаз аристон дражице навьен термекс бош эван дакор,"Обратный клапан 1/2"" Valtec (20/320)",313.831,88.0,"{""КРД"": 88.0}",2026-05-15_13-05-59_unknown_supplier_12_05_бакси_иммергаз_аристон_дражице_навьен_термекс_бош_эван_дакор.xls,1459
ib,unknown supplier 12 05 бакси иммергаз аристон дражице навьен термекс бош эван дакор,"Обратный клапан 1/2"" (латунный золотник) Valtec (13/208)",295.855,1.0,"{""КРД"": 1.0}",2026-05-15_13-05-59_unknown_supplier_12_05_бакси_иммергаз_аристон_дражице_навьен_термекс_бош_эван_дакор.xls,1460
ib,unknown supplier 12 05 бакси иммергаз аристон дражице навьен термекс бош эван дакор,"Обратный клапан 3/4"" Valtec (15/240)",386.056,99.0,"{""КРД"": 99.0}",2026-05-15_13-05-59_unknown_supplier_12_05_бакси_иммергаз_аристон_дражице_навьен_термекс_бош_эван_дакор.xls,1461
ib,unknown supplier 12 05 бакси иммергаз аристон дражице навьен термекс бош эван дакор,"Чашка декоративная 1/2"" (хромированная) VALTEC (10/1200)",19.902,10.0,"{""КРД"": 10.0}",2026-05-15_13-05-59_unknown_supplier_12_05_бакси_иммергаз_аристон_дражице_навьен_термекс_бош_эван_дакор.xls,1463
ib,unknown supplier 12 05 бакси иммергаз аристон дражице навьен термекс бош эван дакор,"Вентиль VALTEC для подключения с/т приборов 1/2""х1/2"" (1/100)",407.884,130.0,"{""КРД"": 130.0}",2026-05-15_13-05-59_unknown_supplier_12_05_бакси_иммергаз_аристон_дражице_навьен_термекс_бош_эван_дакор.xls,1464
ib,unknown supplier 12 05 бакси иммергаз аристон дражице навьен термекс бош эван дакор,"Вентиль угловой VALTEC для подкл. с/т приборов 1/2""х3/4"" (1/90)",591.9561000000001,29.0,"{""КРД"": 29.0}",2026-05-15_13-05-59_unknown_supplier_12_05_бакси_иммергаз_аристон_дражице_навьен_термекс_бош_эван_дакор.xls,1465
ib,unknown supplier 12 05 бакси иммергаз аристон дражице навьен термекс бош эван дакор,"Воздухоотводчик 1/2"" гориз. отвод Valtec (20/120)",484.068,,{},2026-05-15_13-05-59_unknown_supplier_12_05_бакси_иммергаз_аристон_дражице_навьен_термекс_бош_эван_дакор.xls,1467
ib,unknown supplier 12 05 бакси иммергаз аристон дражице навьен термекс бош эван дакор,"«DAKOR» OC-22-5-10 (БК-22-500-1000) 2,27 кВт",5158.44,183.0,"{""КРД"": 49.0, ""Крым"": 134.0}",2026-05-15_13-05-59_unknown_supplier_12_05_бакси_иммергаз_аристон_дражице_навьен_термекс_бош_эван_дакор.xls,1471
ib,unknown supplier 12 05 бакси иммергаз аристон дражице навьен термекс бош эван дакор,"«DAKOR» OC-22-5-11 (БК-22-500-1100) 2,50 кВт",5639.63,54.0,"{""КРД"": 18.0, ""Крым"": 36.0}",2026-05-15_13-05-59_unknown_supplier_12_05_бакси_иммергаз_аристон_дражице_навьен_термекс_бош_эван_дакор.xls,1472
ib,unknown supplier 12 05 бакси иммергаз аристон дражице навьен термекс бош эван дакор,"«DAKOR» OC-22-5-06 (БК-22-500-600) 1,36 кВт",3617.49,30.0,"{""КРД"": 23.0, ""Крым"": 7.0}",2026-05-15_13-05-59_unknown_supplier_12_05_бакси_иммергаз_аристон_дражице_навьен_термекс_бош_эван_дакор.xls,1473
ib,unknown supplier 12 05 бакси иммергаз аристон дражице навьен термекс бош эван дакор,"«DAKOR» OC-22-5-12 (БК-22-500-1200) 2,73 кВт",5922.05,93.0,"{""КРД"": 49.0, ""Крым"": 44.0}",2026-05-15_13-05-59_unknown_supplier_12_05_бакси_иммергаз_аристон_дражице_навьен_термекс_бош_эван_дакор.xls,1474
ib,unknown supplier 12 05 бакси иммергаз аристон дражице навьен термекс бош эван дакор,"«DAKOR» OC-22-5-07 (БК-22-500-700) 1,59 кВт",4145.76,59.0,"{""КРД"": 25.0, ""Крым"": 34.0}",2026-05-15_13-05-59_unknown_supplier_12_05_бакси_иммергаз_аристон_дражице_навьен_термекс_бош_эван_дакор.xls,1475
ib,unknown supplier 12 05 бакси иммергаз аристон дражице навьен термекс бош эван дакор,"«DAKOR» OC-22-5-04 (БК-22-500-400) 0,91 кВт",2991.88,18.0,"{""КРД"": 18.0}",2026-05-15_13-05-59_unknown_supplier_12_05_бакси_иммергаз_аристон_дражице_навьен_термекс_бош_эван_дакор.xls,1476
ib,unknown supplier 12 05 бакси иммергаз аристон дражице навьен термекс бош эван дакор,"«DAKOR» OC-22-5-05 (БК-22-500-500) 1,13 кВт",3233.57,29.0,"{""КРД"": 24.0, ""Крым"": 5.0}",2026-05-15_13-05-59_unknown_supplier_12_05_бакси_иммергаз_аристон_дражице_навьен_термекс_бош_эван_дакор.xls,1477
ib,unknown supplier 12 05 бакси иммергаз аристон дражице навьен термекс бош эван дакор,"«DAKOR» OC-22-5-14 (БК-22-500-1400) 3,19 кВт",6966.1,88.0,"{""КРД"": 45.0, ""Крым"": 43.0}",2026-05-15_13-05-59_unknown_supplier_12_05_бакси_иммергаз_аристон_дражице_навьен_термекс_бош_эван_дакор.xls,1478
ib,unknown supplier 12 05 бакси иммергаз аристон дражице навьен термекс бош эван дакор,"«DAKOR» OC-22-5-16 (БК-22-500-1600) 3,64 кВт",7837.52,34.0,"{""КРД"": 12.0, ""Крым"": 22.0}",2026-05-15_13-05-59_unknown_supplier_12_05_бакси_иммергаз_аристон_дражице_навьен_термекс_бош_эван_дакор.xls,1479
ib,unknown supplier 12 05 бакси иммергаз аристон дражице навьен термекс бош эван дакор,"«DAKOR» OC-22-5-09 (БК-22-500-900) 2,05 кВт",4919.92,76.0,"{""КРД"": 53.0, ""Крым"": 23.0}",2026-05-15_13-05-59_unknown_supplier_12_05_бакси_иммергаз_аристон_дражице_навьен_термекс_бош_эван_дакор.xls,1480
ib,unknown supplier 12 05 бакси иммергаз аристон дражице навьен термекс бош эван дакор,"«DAKOR» OC-22-5-08 (БК-22-500-800) 1,82 кВт",4384.3,71.0,"{""КРД"": 44.0, ""Крым"": 27.0}",2026-05-15_13-05-59_unknown_supplier_12_05_бакси_иммергаз_аристон_дражице_навьен_термекс_бош_эван_дакор.xls,1481
ib,unknown supplier 12 05 бакси иммергаз аристон дражице навьен термекс бош эван дакор,"«DAKOR» OC-22-5-15 (БК-22-500-1500) 3,41 кВт",7441.06,24.0,"{""КРД"": 21.0, ""Крым"": 3.0}",2026-05-15_13-05-59_unknown_supplier_12_05_бакси_иммергаз_аристон_дражице_навьен_термекс_бош_эван_дакор.xls,1482
ib,unknown supplier 12 05 бакси иммергаз аристон дражице навьен термекс бош эван дакор,"«DAKOR» OC-22-5-28 (БК-22-500-2800) 6,37 кВт",13236.52,2.0,"{""КРД"": 1.0, ""Крым"": 1.0}",2026-05-15_13-05-59_unknown_supplier_12_05_бакси_иммергаз_аристон_дражице_навьен_термекс_бош_эван_дакор.xls,1483
ib,unknown supplier 12 05 бакси иммергаз аристон дражице навьен термекс бош эван дакор,"«DAKOR» OC-22-5-13 (БК-22-500-1300) 2,96 кВт",6405.41,7.0,"{""КРД"": 7.0}",2026-05-15_13-05-59_unknown_supplier_12_05_бакси_иммергаз_аристон_дражице_навьен_термекс_бош_эван_дакор.xls,1484
ib,unknown supplier 12 05 бакси иммергаз аристон дражице навьен термекс бош эван дакор,"«DAKOR» OC-22-5-20 (БК-22-500-2000) 4,55 кВт",9470.53,21.0,"{""КРД"": 19.0, ""Крым"": 2.0}",2026-05-15_13-05-59_unknown_supplier_12_05_бакси_иммергаз_аристон_дражице_навьен_термекс_бош_эван_дакор.xls,1485
ib,unknown supplier 12 05 бакси иммергаз аристон дражице навьен термекс бош эван дакор,"«DAKOR» OC-22-5-22 (БК-22-500-2200) 5,01 кВт",10719.56,6.0,"{""КРД"": 6.0}",2026-05-15_13-05-59_unknown_supplier_12_05_бакси_иммергаз_аристон_дражице_навьен_термекс_бош_эван_дакор.xls,1486
ib,unknown supplier 12 05 бакси иммергаз аристон дражице навьен термекс бош эван дакор,"«DAKOR» OC-22-5-18 (БК-22-500-1800) 4,1 кВт",8669.18,23.0,"{""КРД"": 15.0, ""Крым"": 8.0}",2026-05-15_13-05-59_unknown_supplier_12_05_бакси_иммергаз_аристон_дражице_навьен_термекс_бош_эван_дакор.xls,1487
ib,unknown supplier 12 05 бакси иммергаз аристон дражице навьен термекс бош эван дакор,"«DAKOR» OV-22-5-08 (НП-22-500-800) 1,82 кВт",5660.36,,{},2026-05-15_13-05-59_unknown_supplier_12_05_бакси_иммергаз_аристон_дражице_навьен_термекс_бош_эван_дакор.xls,1489
ib,unknown supplier 12 05 бакси иммергаз аристон дражице навьен термекс бош эван дакор,"«DAKOR» OV-22-5-10 (НП-22-500-1000) 2,27 кВт",6180.03,10.0,"{""КРД"": 1.0, ""Крым"": 9.0}",2026-05-15_13-05-59_unknown_supplier_12_05_бакси_иммергаз_аристон_дражице_навьен_термекс_бош_эван_дакор.xls,1490
ib,unknown supplier 12 05 бакси иммергаз аристон дражице навьен термекс бош эван дакор,"«DAKOR» OV-22-5-12 (НП-22-500-1200) 2,73 кВт",7172.37,20.0,"{""КРД"": 10.0, ""Крым"": 10.0}",2026-05-15_13-05-59_unknown_supplier_12_05_бакси_иммергаз_аристон_дражице_навьен_термекс_бош_эван_дакор.xls,1491
ib,unknown supplier 12 05 бакси иммергаз аристон дражице навьен термекс бош эван дакор,"«DAKOR» OV-22-5-07 (НП-22-500-700) 1,59 кВт",5282.82,,{},2026-05-15_13-05-59_unknown_supplier_12_05_бакси_иммергаз_аристон_дражице_навьен_термекс_бош_эван_дакор.xls,1492
ib,unknown supplier 12 05 бакси иммергаз аристон дражице навьен термекс бош эван дакор,"«DAKOR» OV-22-5-09 (НП-22-500-900) 2,05 кВт",5846.75,,{},2026-05-15_13-05-59_unknown_supplier_12_05_бакси_иммергаз_аристон_дражице_навьен_термекс_бош_эван_дакор.xls,1493
ib,unknown supplier 12 05 бакси иммергаз аристон дражице навьен термекс бош эван дакор,"«DAKOR» OV-22-5-11 (НП-22-500-1100) 2,50 кВт",6801.44,,{},2026-05-15_13-05-59_unknown_supplier_12_05_бакси_иммергаз_аристон_дражице_навьен_термекс_бош_эван_дакор.xls,1494
ib,unknown supplier 12 05 бакси иммергаз аристон дражице навьен термекс бош эван дакор,"«DAKOR» OV-22-5-05 (НП-22-500-500) 1,13 кВт",4528.67,,{},2026-05-15_13-05-59_unknown_supplier_12_05_бакси_иммергаз_аристон_дражице_навьен_термекс_бош_эван_дакор.xls,1495
ib,unknown supplier 12 05 бакси иммергаз аристон дражице навьен термекс бош эван дакор,"«DAKOR» OV-22-5-06 (НП-22-500-600) 1,36 кВт",4906.2,,{},2026-05-15_13-05-59_unknown_supplier_12_05_бакси_иммергаз_аристон_дражице_навьен_термекс_бош_эван_дакор.xls,1496
ib,unknown supplier 12 05 бакси иммергаз аристон дражице навьен термекс бош эван дакор,"«DAKOR» OV-22-5-04 (НП-22-500-400) 0,91 кВт",4148.31,6.0,"{""КРД"": 2.0, ""Крым"": 4.0}",2026-05-15_13-05-59_unknown_supplier_12_05_бакси_иммергаз_аристон_дражице_навьен_термекс_бош_эван_дакор.xls,1497
ib,unknown supplier 12 05 бакси иммергаз аристон дражице навьен термекс бош эван дакор,"«DAKOR» OV-22-5-13 (НП-22-500-1300) 2,96 кВт",7555.59,1.0,"{""КРД"": 1.0}",2026-05-15_13-05-59_unknown_supplier_12_05_бакси_иммергаз_аристон_дражице_навьен_термекс_бош_эван_дакор.xls,1498
ib,unknown supplier 12 05 бакси иммергаз аристон дражице навьен термекс бош эван дакор,"«DAKOR» OV-22-5-15 (НП-22-500-1500) 3,41 кВт",8307.83,18.0,"{""КРД"": 10.0, ""Крым"": 8.0}",2026-05-15_13-05-59_unknown_supplier_12_05_бакси_иммергаз_аристон_дражице_навьен_термекс_бош_эван_дакор.xls,1499
ib,unknown supplier 12 05 бакси иммергаз аристон дражице навьен термекс бош эван дакор,"«DAKOR» OV-22-5-18 (НП-22-500-1800) 4,10 кВт",9455.55,3.0,"{""КРД"": 1.0, ""Крым"": 2.0}",2026-05-15_13-05-59_unknown_supplier_12_05_бакси_иммергаз_аристон_дражице_навьен_термекс_бош_эван_дакор.xls,1500
ib,unknown supplier 12 05 бакси иммергаз аристон дражице навьен термекс бош эван дакор,"«DAKOR» OC-22-3-20 (БК-22-300-2000) 2,96 кВт",7281.81,12.0,"{""КРД"": 10.0, ""Крым"": 2.0}",2026-05-15_13-05-59_unknown_supplier_12_05_бакси_иммергаз_аристон_дражице_навьен_термекс_бош_эван_дакор.xls,1502
ib,unknown supplier 12 05 бакси иммергаз аристон дражице навьен термекс бош эван дакор,"«DAKOR» OC-22-3-14 (БК-22-300-1400) 2,07 кВт",5561.83,36.0,"{""КРД"": 18.0, ""Крым"": 18.0}",2026-05-15_13-05-59_unknown_supplier_12_05_бакси_иммергаз_аристон_дражице_навьен_термекс_бош_эван_дакор.xls,1503
ib,unknown supplier 12 05 бакси иммергаз аристон дражице навьен термекс бош эван дакор,"«DAKOR» OC-22-3-22 (БК-22-300-2200) 3,25 кВт",7914.21,9.0,"{""КРД"": 9.0}",2026-05-15_13-05-59_unknown_supplier_12_05_бакси_иммергаз_аристон_дражице_навьен_термекс_бош_эван_дакор.xls,1504
ib,unknown supplier 12 05 бакси иммергаз аристон дражице навьен термекс бош эван дакор,"«DAKOR» OC-22-3-07 (БК-22-300-700) 1,03 кВт",3528.65,1.0,"{""КРД"": 1.0}",2026-05-15_13-05-59_unknown_supplier_12_05_бакси_иммергаз_аристон_дражице_навьен_термекс_бош_эван_дакор.xls,1505
ib,unknown supplier 12 05 бакси иммергаз аристон дражице навьен термекс бош эван дакор,"«DAKOR» OC-22-3-10 (БК-22-300-1000) 1,48 кВт",4234.36,13.0,"{""КРД"": 10.0, ""Крым"": 3.0}",2026-05-15_13-05-59_unknown_supplier_12_05_бакси_иммергаз_аристон_дражице_навьен_термекс_бош_эван_дакор.xls,1506
ib,unknown supplier 12 05 бакси иммергаз аристон дражице навьен термекс бош эван дакор,"«DAKOR» OC-22-3-06 (БК-22-300-600) 0,88 кВт",3240.17,4.0,"{""КРД"": 2.0, ""Крым"": 2.0}",2026-05-15_13-05-59_unknown_supplier_12_05_бакси_иммергаз_аристон_дражице_навьен_термекс_бош_эван_дакор.xls,1507
ib,unknown supplier 12 05 бакси иммергаз аристон дражице навьен термекс бош эван дакор,"«DAKOR» OC-22-3-09 (БК-22-300-900) 1,33 кВт",4062.93,5.0,"{""КРД"": 2.0, ""Крым"": 3.0}",2026-05-15_13-05-59_unknown_supplier_12_05_бакси_иммергаз_аристон_дражице_навьен_термекс_бош_эван_дакор.xls,1508
ib,unknown supplier 12 05 бакси иммергаз аристон дражице навьен термекс бош эван дакор,"«DAKOR» OC-22-3-11 (БК-22-300-1100) 1,62 кВт",4564.14,2.0,"{""Крым"": 2.0}",2026-05-15_13-05-59_unknown_supplier_12_05_бакси_иммергаз_аристон_дражице_навьен_термекс_бош_эван_дакор.xls,1509
ib,unknown supplier 12 05 бакси иммергаз аристон дражице навьен термекс бош эван дакор,"«DAKOR» OC-22-3-12 (БК-22-300-1200) 1,77 кВт",4784.01,28.0,"{""КРД"": 3.0, ""Крым"": 25.0}",2026-05-15_13-05-59_unknown_supplier_12_05_бакси_иммергаз_аристон_дражице_навьен_термекс_бош_эван_дакор.xls,1510
ib,unknown supplier 12 05 бакси иммергаз аристон дражице навьен термекс бош эван дакор,"«DAKOR» OC-22-3-08 (БК-22-300-800) 1,18 кВт",3672.83,6.0,"{""КРД"": 4.0, ""Крым"": 2.0}",2026-05-15_13-05-59_unknown_supplier_12_05_бакси_иммергаз_аристон_дражице_навьен_термекс_бош_эван_дакор.xls,1511
ib,unknown supplier 12 05 бакси иммергаз аристон дражице навьен термекс бош эван дакор,"«DAKOR» OC-22-3-04 (БК-22-300-400) 0,59 кВт",2658.57,9.0,"{""КРД"": 6.0, ""Крым"": 3.0}",2026-05-15_13-05-59_unknown_supplier_12_05_бакси_иммергаз_аристон_дражице_навьен_термекс_бош_эван_дакор.xls,1512
ib,unknown supplier 12 05 бакси иммергаз аристон дражице навьен термекс бош эван дакор,"«DAKOR» OC-22-3-05 (БК-22-300-500) 0,74 кВт",2950.57,5.0,"{""КРД"": 5.0}",2026-05-15_13-05-59_unknown_supplier_12_05_бакси_иммергаз_аристон_дражице_навьен_термекс_бош_эван_дакор.xls,1513
ib,unknown supplier 12 05 бакси иммергаз аристон дражице навьен термекс бош эван дакор,"«DAKOR» OC-22-3-15 (БК-22-300-1500) 2,22 кВт",5843.19,9.0,"{""КРД"": 5.0, ""Крым"": 4.0}",2026-05-15_13-05-59_unknown_supplier_12_05_бакси_иммергаз_аристон_дражице_навьен_термекс_бош_эван_дакор.xls,1514
ib,unknown supplier 12 05 бакси иммергаз аристон дражице навьен термекс бош эван дакор,"«DAKOR» OC-22-3-16 (БК-22-300-1600) 2,36 кВт",6125.7,3.0,"{""КРД"": 1.0, ""Крым"": 2.0}",2026-05-15_13-05-59_unknown_supplier_12_05_бакси_иммергаз_аристон_дражице_навьен_термекс_бош_эван_дакор.xls,1515
ib,unknown supplier 12 05 бакси иммергаз аристон дражице навьен термекс бош эван дакор,"«DAKOR» OV-22-3-08 (НП-22-300-800) 1,18 кВт",4958.84,6.0,"{""КРД"": 6.0}",2026-05-15_13-05-59_unknown_supplier_12_05_бакси_иммергаз_аристон_дражице_навьен_термекс_бош_эван_дакор.xls,1517
ib,unknown supplier 12 05 бакси иммергаз аристон дражице навьен термекс бош эван дакор,«DAKOR» OV-22-3-04 (НП-22-300-400) 609 кВт,3918.34,2.0,"{""КРД"": 1.0, ""Крым"": 1.0}",2026-05-15_13-05-59_unknown_supplier_12_05_бакси_иммергаз_аристон_дражице_навьен_термекс_бош_эван_дакор.xls,1518
ib,unknown supplier 12 05 бакси иммергаз аристон дражице навьен термекс бош эван дакор,«DAKOR» OV-22-3-09 (НП-22-300-900) 1369 кВт,5232.26,5.0,"{""КРД"": 2.0, ""Крым"": 3.0}",2026-05-15_13-05-59_unknown_supplier_12_05_бакси_иммергаз_аристон_дражице_навьен_термекс_бош_эван_дакор.xls,1519
ib,unknown supplier 12 05 бакси иммергаз аристон дражице навьен термекс бош эван дакор,«DAKOR» OV-22-3-11 (НП-22-300-1100) 1673 кВт,5746.13,2.0,"{""Крым"": 2.0}",2026-05-15_13-05-59_unknown_supplier_12_05_бакси_иммергаз_аристон_дражице_навьен_термекс_бош_эван_дакор.xls,1520
ib,unknown supplier 12 05 бакси иммергаз аристон дражице навьен термекс бош эван дакор,«DAKOR» OV-22-3-13 (НП-22-300-1300) 1978 кВт,6267.46,5.0,"{""КРД"": 2.0, ""Крым"": 3.0}",2026-05-15_13-05-59_unknown_supplier_12_05_бакси_иммергаз_аристон_дражице_навьен_термекс_бош_эван_дакор.xls,1521
ib,unknown supplier 12 05 бакси иммергаз аристон дражице навьен термекс бош эван дакор,«DAKOR» OV-22-3-15 (НП-22-300-1500) 2282 кВт,6784.5,3.0,"{""КРД"": 3.0}",2026-05-15_13-05-59_unknown_supplier_12_05_бакси_иммергаз_аристон_дражице_навьен_термекс_бош_эван_дакор.xls,1522
ib,unknown supplier 12 05 бакси иммергаз аристон дражице навьен термекс бош эван дакор,«DAKOR» OV-22-3-18 (НП-22-300-1800) 2738 кВт,7568.58,2.0,"{""КРД"": 2.0}",2026-05-15_13-05-59_unknown_supplier_12_05_бакси_иммергаз_аристон_дражице_навьен_термекс_бош_эван_дакор.xls,1523
ib,unknown supplier 12 05 бакси иммергаз аристон дражице навьен термекс бош эван дакор,"«DAKOR» OV-22-3-05 (НП-22-300-500) 0,74 кВт",4181.11,2.0,"{""КРД"": 2.0}",2026-05-15_13-05-59_unknown_supplier_12_05_бакси_иммергаз_аристон_дражице_навьен_термекс_бош_эван_дакор.xls,1524
ib,unknown supplier 12 05 бакси иммергаз аристон дражице навьен термекс бош эван дакор,"«DAKOR» OV-22-3-06 (НП-22-300-600) 0,88 кВт",4439.66,1.0,"{""Крым"": 1.0}",2026-05-15_13-05-59_unknown_supplier_12_05_бакси_иммергаз_аристон_дражице_навьен_термекс_бош_эван_дакор.xls,1525
ib,unknown supplier 12 05 бакси иммергаз аристон дражице навьен термекс бош эван дакор,"«DAKOR» OV-22-3-10 (НП-22-300-1000) 1,48 кВт",5484.39,12.0,"{""КРД"": 2.0, ""Крым"": 10.0}",2026-05-15_13-05-59_unknown_supplier_12_05_бакси_иммергаз_аристон_дражице_навьен_термекс_бош_эван_дакор.xls,1526
ib,unknown supplier 12 05 бакси иммергаз аристон дражице навьен термекс бош эван дакор,"«DAKOR» OV-22-3-12 (НП-22-300-1200) 1,77 кВт",5998.31,2.0,"{""КРД"": 2.0}",2026-05-15_13-05-59_unknown_supplier_12_05_бакси_иммергаз_аристон_дражице_навьен_термекс_бош_эван_дакор.xls,1527
ib,unknown supplier 12 05 бакси иммергаз аристон дражице навьен термекс бош эван дакор,"«DAKOR» OV-22-3-14 (НП-22-300-1400) 2,07 кВт",6531.28,8.0,"{""КРД"": 7.0, ""Крым"": 1.0}",2026-05-15_13-05-59_unknown_supplier_12_05_бакси_иммергаз_аристон_дражице_навьен_термекс_бош_эван_дакор.xls,1528
ib,unknown supplier 12 05 бакси иммергаз аристон дражице навьен термекс бош эван дакор,Ножницы VALTEC до 40 мм,799.7180000000001,1.0,"{""Крым"": 1.0}",2026-05-15_13-05-59_unknown_supplier_12_05_бакси_иммергаз_аристон_дражице_навьен_термекс_бош_эван_дакор.xls,1532
ib,unknown supplier 12 05 бакси иммергаз аристон дражице навьен термекс бош эван дакор,"Паяльник VALTEC ER-04, 20-40 мм (1200вт)",5375.038,1.0,"{""КРД"": 1.0}",2026-05-15_13-05-59_unknown_supplier_12_05_бакси_иммергаз_аристон_дражице_навьен_термекс_бош_эван_дакор.xls,1533
ib,unknown supplier 12 05 бакси иммергаз аристон дражице навьен термекс бош эван дакор,"АСГ ТРУБА PP-ALUX, арм. алюминием 20*3,4 (белый) Valtec (120)",89.02400000000002,58.0,"{""КРД"": 16.0, ""Крым"": 42.0}",2026-05-15_13-05-59_unknown_supplier_12_05_бакси_иммергаз_аристон_дражице_навьен_термекс_бош_эван_дакор.xls,1535
ib,unknown supplier 12 05 бакси иммергаз аристон дражице навьен термекс бош эван дакор,"АСГ ТРУБА PP-ALUX, арм. алюминием 25*4,2 (белый) Valtec (80)",128.507,,{},2026-05-15_13-05-59_unknown_supplier_12_05_бакси_иммергаз_аристон_дражице_навьен_термекс_бош_эван_дакор.xls,1536
ib,unknown supplier 12 05 бакси иммергаз аристон дражице навьен термекс бош эван дакор,"АСГ ТРУБА PP-ALUX, арм. алюминием 32*5,4 (белый) Valtec (60)",206.296,4.0,"{""КРД"": 4.0}",2026-05-15_13-05-59_unknown_supplier_12_05_бакси_иммергаз_аристон_дражице_навьен_термекс_бош_эван_дакор.xls,1537
ib,unknown supplier 12 05 бакси иммергаз аристон дражице навьен термекс бош эван дакор,"АСГ ТРУБА PP-ALUX, арм. алюминием 40*6,7 (белый) Valtec (40)",457.639,516.0,"{""КРД"": 70.0, ""Крым"": 446.0}",2026-05-15_13-05-59_unknown_supplier_12_05_бакси_иммергаз_аристон_дражице_навьен_термекс_бош_эван_дакор.xls,1538
ib,unknown supplier 12 05 бакси иммергаз аристон дражице навьен термекс бош эван дакор,"АСГ ТРУБА PP-ALUX, арм. алюминием 50*8,3 (белый) Valtec (24)",639.646,298.0,"{""КРД"": 16.0, ""Крым"": 282.0}",2026-05-15_13-05-59_unknown_supplier_12_05_бакси_иммергаз_аристон_дражице_навьен_термекс_бош_эван_дакор.xls,1539
ib,unknown supplier 12 05 бакси иммергаз аристон дражице навьен термекс бош эван дакор,"АСГ ТРУБА PP-ALUX, арм. алюминием 63*10,5 (белый) Valtec (16)",1132.167,140.0,"{""Крым"": 140.0}",2026-05-15_13-05-59_unknown_supplier_12_05_бакси_иммергаз_аристон_дражице_навьен_термекс_бош_эван_дакор.xls,1540
ib,unknown supplier 12 05 бакси иммергаз аристон дражице навьен термекс бош эван дакор,"АСГ ТРУБА PP-ALUX, арм. алюминием 75*12,5 (белый) Valtec (12)",1189.84,102.0,"{""Крым"": 102.0}",2026-05-15_13-05-59_unknown_supplier_12_05_бакси_иммергаз_аристон_дражице_навьен_термекс_бош_эван_дакор.xls,1541
ib,unknown supplier 12 05 бакси иммергаз аристон дражице навьен термекс бош эван дакор,"АСГ ТРУБА PP-ALUX, арм. алюминием 90*15,0 (белый) Valtec (8)",1603.716,,{},2026-05-15_13-05-59_unknown_supplier_12_05_бакси_иммергаз_аристон_дражице_навьен_термекс_бош_эван_дакор.xls,1542
ib,unknown supplier 12 05 бакси иммергаз аристон дражице навьен термекс бош эван дакор,"кран радиаторн.вентиль прямой 20х1/2"" Valtec (80/5)",439.984,90.0,"{""КРД"": 24.0, ""Крым"": 66.0}",2026-05-15_13-05-59_unknown_supplier_12_05_бакси_иммергаз_аристон_дражице_навьен_термекс_бош_эван_дакор.xls,1544
ib,unknown supplier 12 05 бакси иммергаз аристон дражице навьен термекс бош эван дакор,"кран радиаторн.вентиль угл. 20х1/2"" Valtec (100/5)",371.718,11.0,"{""КРД"": 4.0, ""Крым"": 7.0}",2026-05-15_13-05-59_unknown_supplier_12_05_бакси_иммергаз_аристон_дражице_навьен_термекс_бош_эван_дакор.xls,1545
ib,unknown supplier 12 05 бакси иммергаз аристон дражице навьен термекс бош эван дакор,"кран радиаторн.вентиль прямой 25х3/4"" Valtec (45/5)",751.2470000000001,29.0,"{""КРД"": 24.0, ""Крым"": 5.0}",2026-05-15_13-05-59_unknown_supplier_12_05_бакси_иммергаз_аристон_дражице_навьен_термекс_бош_эван_дакор.xls,1546
ib,unknown supplier 12 05 бакси иммергаз аристон дражице навьен термекс бош эван дакор,"кран радиаторн.вентиль угл. 25х3/4"" Valtec (50/5)",789.6600000000001,29.0,"{""КРД"": 19.0, ""Крым"": 10.0}",2026-05-15_13-05-59_unknown_supplier_12_05_бакси_иммергаз_аристон_дражице_навьен_термекс_бош_эван_дакор.xls,1547
ib,unknown supplier 12 05 бакси иммергаз аристон дражице навьен термекс бош эван дакор,"настенное колено МРВ 20х1/2"" Valtec (200/10)",95.23,225.0,"{""КРД"": 45.0, ""Крым"": 180.0}",2026-05-15_13-05-59_unknown_supplier_12_05_бакси_иммергаз_аристон_дражице_навьен_термекс_бош_эван_дакор.xls,1549
ib,unknown supplier 12 05 бакси иммергаз аристон дражице навьен термекс бош эван дакор,"настенное колено МРН 20х1/2"" Valtec (190/10)",139.63500000000002,191.0,"{""КРД"": 17.0, ""Крым"": 174.0}",2026-05-15_13-05-59_unknown_supplier_12_05_бакси_иммергаз_аристон_дражице_навьен_термекс_бош_эван_дакор.xls,1550
ib,unknown supplier 12 05 бакси иммергаз аристон дражице навьен термекс бош эван дакор,"настенное колено МРВ 25х1/2"" Valtec (160/10)",115.346,122.0,"{""КРД"": 80.0, ""Крым"": 42.0}",2026-05-15_13-05-59_unknown_supplier_12_05_бакси_иммергаз_аристон_дражице_навьен_термекс_бош_эван_дакор.xls,1551
ib,unknown supplier 12 05 бакси иммергаз аристон дражице навьен термекс бош эван дакор,"настенное колено МРН 25х1/2"" Valtec (160/10)",169.595,1.0,"{""КРД"": 1.0}",2026-05-15_13-05-59_unknown_supplier_12_05_бакси_иммергаз_аристон_дражице_навьен_термекс_бош_эван_дакор.xls,1552
ib,unknown supplier 12 05 бакси иммергаз аристон дражице навьен термекс бош эван дакор,Кран 20 шаровый гор.вода Valtec (120/5),183.077,68.0,"{""КРД"": 68.0}",2026-05-15_13-05-59_unknown_supplier_12_05_бакси_иммергаз_аристон_дражице_навьен_термекс_бош_эван_дакор.xls,1554
ib,unknown supplier 12 05 бакси иммергаз аристон дражице навьен термекс бош эван дакор,Кран 25 шаровый гор.вода 25мм Valtec (75/5),303.45200000000006,13.0,"{""КРД"": 13.0}",2026-05-15_13-05-59_unknown_supplier_12_05_бакси_иммергаз_аристон_дражице_навьен_термекс_бош_эван_дакор.xls,1555
ib,unknown supplier 12 05 бакси иммергаз аристон дражице навьен термекс бош эван дакор,Кран 32 шаровый гор.вода 32мм Valtec (50/5),456.4620000000001,27.0,"{""КРД"": 27.0}",2026-05-15_13-05-59_unknown_supplier_12_05_бакси_иммергаз_аристон_дражице_навьен_термекс_бош_эван_дакор.xls,1556
ib,unknown supplier 12 05 бакси иммергаз аристон дражице навьен термекс бош эван дакор,Кран 40 шаровый гор.вода 40мм Valtec (20/1),708.4470000000001,72.0,"{""КРД"": 14.0, ""Крым"": 58.0}",2026-05-15_13-05-59_unknown_supplier_12_05_бакси_иммергаз_аристон_дражице_навьен_термекс_бош_эван_дакор.xls,1557
ib,unknown supplier 12 05 бакси иммергаз аристон дражице навьен термекс бош эван дакор,Кран 50 шаровый гор.вода Valtec (15/1),1526.355,24.0,"{""КРД"": 8.0, ""Крым"": 16.0}",2026-05-15_13-05-59_unknown_supplier_12_05_бакси_иммергаз_аристон_дражице_навьен_термекс_бош_эван_дакор.xls,1558
ib,unknown supplier 12 05 бакси иммергаз аристон дражице навьен термекс бош эван дакор,Кран 63 шаровый гор.вода Valtec (8/1),2568.4280000000003,29.0,"{""КРД"": 8.0, ""Крым"": 21.0}",2026-05-15_13-05-59_unknown_supplier_12_05_бакси_иммергаз_аристон_дражице_навьен_термекс_бош_эван_дакор.xls,1559
ib,unknown supplier 12 05 бакси иммергаз аристон дражице навьен термекс бош эван дакор,Кран 20 шаровый с латунной обоймой Valtec (120/5),334.05400000000003,81.0,"{""КРД"": 22.0, ""Крым"": 59.0}",2026-05-15_13-05-59_unknown_supplier_12_05_бакси_иммергаз_аристон_дражице_навьен_термекс_бош_эван_дакор.xls,1560
ib,unknown supplier 12 05 бакси иммергаз аристон дражице навьен термекс бош эван дакор,Кран 25 шаровый с латунной обоймой Valtec (80/5),498.727,7.0,"{""КРД"": 7.0}",2026-05-15_13-05-59_unknown_supplier_12_05_бакси_иммергаз_аристон_дражице_навьен_термекс_бош_эван_дакор.xls,1561
ib,unknown supplier 12 05 бакси иммергаз аристон дражице навьен термекс бош эван дакор,"Кран радиаторный прямой 20х1/2"" Valtec (90/5)",410.88,89.0,"{""КРД"": 41.0, ""Крым"": 48.0}",2026-05-15_13-05-59_unknown_supplier_12_05_бакси_иммергаз_аристон_дражице_навьен_термекс_бош_эван_дакор.xls,1563
ib,unknown supplier 12 05 бакси иммергаз аристон дражице навьен термекс бош эван дакор,"Кран радиаторный угловой шар. 20х1/2"" Valtec (80/5)",357.808,1.0,"{""КРД"": 1.0}",2026-05-15_13-05-59_unknown_supplier_12_05_бакси_иммергаз_аристон_дражице_навьен_термекс_бош_эван_дакор.xls,1564
ib,unknown supplier 12 05 бакси иммергаз аристон дражице навьен термекс бош эван дакор,"Кран радиаторный угловой шар. 25х3/4"" Valtec (45/5)",702.776,6.0,"{""КРД"": 5.0, ""Крым"": 1.0}",2026-05-15_13-05-59_unknown_supplier_12_05_бакси_иммергаз_аристон_дражице_навьен_термекс_бош_эван_дакор.xls,1565
ib,unknown supplier 12 05 бакси иммергаз аристон дражице навьен термекс бош эван дакор,Муфта 110мм Valtec (10/1),381.455,14.0,"{""КРД"": 1.0, ""Крым"": 13.0}",2026-05-15_13-05-59_unknown_supplier_12_05_бакси_иммергаз_аристон_дражице_навьен_термекс_бош_эван_дакор.xls,1567
ib,unknown supplier 12 05 бакси иммергаз аристон дражице навьен термекс бош эван дакор,Муфта 20 Valtec (480/10),7.062,1887.0,"{""КРД"": 304.0, ""Крым"": 1583.0}",2026-05-15_13-05-59_unknown_supplier_12_05_бакси_иммергаз_аристон_дражице_навьен_термекс_бош_эван_дакор.xls,1568
ib,unknown supplier 12 05 бакси иммергаз аристон дражице навьен термекс бош эван дакор,Муфта 25 Valtec (360/10),8.56,952.0,"{""КРД"": 293.0, ""Крым"": 659.0}",2026-05-15_13-05-59_unknown_supplier_12_05_бакси_иммергаз_аристон_дражице_навьен_термекс_бош_эван_дакор.xls,1569
ib,unknown supplier 12 05 бакси иммергаз аристон дражице навьен термекс бош эван дакор,Муфта 32 Valtec (225/5),14.8944,400.0,"{""КРД"": 253.0, ""Крым"": 147.0}",2026-05-15_13-05-59_unknown_supplier_12_05_бакси_иммергаз_аристон_дражице_навьен_термекс_бош_эван_дакор.xls,1570
ib,unknown supplier 12 05 бакси иммергаз аристон дражице навьен термекс бош эван дакор,Муфта 40 Valtec (130/5),29.746,212.0,"{""КРД"": 28.0, ""Крым"": 184.0}",2026-05-15_13-05-59_unknown_supplier_12_05_бакси_иммергаз_аристон_дражице_навьен_термекс_бош_эван_дакор.xls,1571
ib,unknown supplier 12 05 бакси иммергаз аристон дражице навьен термекс бош эван дакор,Муфта 50 Valtec (80/5),49.648,90.0,"{""КРД"": 25.0, ""Крым"": 65.0}",2026-05-15_13-05-59_unknown_supplier_12_05_бакси_иммергаз_аристон_дражице_навьен_термекс_бош_эван_дакор.xls,1572
ib,unknown supplier 12 05 бакси иммергаз аристон дражице навьен термекс бош эван дакор,Муфта 63 Valtec (46/2),97.79800000000002,26.0,"{""КРД"": 4.0, ""Крым"": 22.0}",2026-05-15_13-05-59_unknown_supplier_12_05_бакси_иммергаз_аристон_дражице_навьен_термекс_бош_эван_дакор.xls,1573
ib,unknown supplier 12 05 бакси иммергаз аристон дражице навьен термекс бош эван дакор,Муфта 75 Valtec (24/2),161.035,3.0,"{""КРД"": 2.0, ""Крым"": 1.0}",2026-05-15_13-05-59_unknown_supplier_12_05_бакси_иммергаз_аристон_дражице_навьен_термекс_бош_эван_дакор.xls,1574
ib,unknown supplier 12 05 бакси иммергаз аристон дражице навьен термекс бош эван дакор,Муфта 90 Valtec (16/2),262.043,2.0,"{""КРД"": 2.0}",2026-05-15_13-05-59_unknown_supplier_12_05_бакси_иммергаз_аристон_дражице_навьен_термекс_бош_эван_дакор.xls,1575
ib,unknown supplier 12 05 бакси иммергаз аристон дражице навьен термекс бош эван дакор,Муфта переходная нар/вн 110-90 Valtec (16/1),213.25100000000003,16.0,"{""Крым"": 16.0}",2026-05-15_13-05-59_unknown_supplier_12_05_бакси_иммергаз_аристон_дражице_навьен_термекс_бош_эван_дакор.xls,1577
ib,unknown supplier 12 05 бакси иммергаз аристон дражице навьен термекс бош эван дакор,Муфта переходная вн/вн 25-20 Valtec (440/10),7.597,1098.0,"{""КРД"": 130.0, ""Крым"": 968.0}",2026-05-15_13-05-59_unknown_supplier_12_05_бакси_иммергаз_аристон_дражице_навьен_термекс_бош_эван_дакор.xls,1578
ib,unknown supplier 12 05 бакси иммергаз аристон дражице навьен термекс бош эван дакор,Муфта переходная вн/вн 32-20 Valtec (255/5),11.7914,461.0,"{""КРД"": 244.0, ""Крым"": 217.0}",2026-05-15_13-05-59_unknown_supplier_12_05_бакси_иммергаз_аристон_дражице_навьен_термекс_бош_эван_дакор.xls,1579
ib,unknown supplier 12 05 бакси иммергаз аристон дражице навьен термекс бош эван дакор,Муфта переходная вн/вн 32-25 Valtec (240/5),13.8137,274.0,"{""КРД"": 188.0, ""Крым"": 86.0}",2026-05-15_13-05-59_unknown_supplier_12_05_бакси_иммергаз_аристон_дражице_навьен_термекс_бош_эван_дакор.xls,1580
ib,unknown supplier 12 05 бакси иммергаз аристон дражице навьен термекс бош эван дакор,Муфта переходная вн/вн 40-20 Valtec (180/5),21.4,390.0,"{""КРД"": 55.0, ""Крым"": 335.0}",2026-05-15_13-05-59_unknown_supplier_12_05_бакси_иммергаз_аристон_дражице_навьен_термекс_бош_эван_дакор.xls,1581
ib,unknown supplier 12 05 бакси иммергаз аристон дражице навьен термекс бош эван дакор,Муфта переходная вн/вн 40-25 Valtec (150/5),22.363,337.0,"{""КРД"": 62.0, ""Крым"": 275.0}",2026-05-15_13-05-59_unknown_supplier_12_05_бакси_иммергаз_аристон_дражице_навьен_термекс_бош_эван_дакор.xls,1582
ib,unknown supplier 12 05 бакси иммергаз аристон дражице навьен термекс бош эван дакор,Муфта переходная вн/вн 40-32 Valtec (140/5),24.182,285.0,"{""КРД"": 130.0, ""Крым"": 155.0}",2026-05-15_13-05-59_unknown_supplier_12_05_бакси_иммергаз_аристон_дражице_навьен_термекс_бош_эван_дакор.xls,1583
ib,unknown supplier 12 05 бакси иммергаз аристон дражице навьен термекс бош эван дакор,Муфта переходная вн/вн 50-20 Valtec (110/5),36.59400000000001,94.0,"{""КРД"": 8.0, ""Крым"": 86.0}",2026-05-15_13-05-59_unknown_supplier_12_05_бакси_иммергаз_аристон_дражице_навьен_термекс_бош_эван_дакор.xls,1584
ib,unknown supplier 12 05 бакси иммергаз аристон дражице навьен термекс бош эван дакор,Муфта переходная вн/вн 50-25 Valtec (110/5),34.026,83.0,"{""КРД"": 10.0, ""Крым"": 73.0}",2026-05-15_13-05-59_unknown_supplier_12_05_бакси_иммергаз_аристон_дражице_навьен_термекс_бош_эван_дакор.xls,1585
ib,unknown supplier 12 05 бакси иммергаз аристон дражице навьен термекс бош эван дакор,Муфта переходная вн/вн 50-32 Valtec (100/5),41.73,113.0,"{""КРД"": 13.0, ""Крым"": 100.0}",2026-05-15_13-05-59_unknown_supplier_12_05_бакси_иммергаз_аристон_дражице_навьен_термекс_бош_эван_дакор.xls,1586
ib,unknown supplier 12 05 бакси иммергаз аристон дражице навьен термекс бош эван дакор,Муфта переходная вн/вн 50-40 Valtec (80/5),43.014,117.0,"{""КРД"": 60.0, ""Крым"": 57.0}",2026-05-15_13-05-59_unknown_supplier_12_05_бакси_иммергаз_аристон_дражице_навьен_термекс_бош_эван_дакор.xls,1587
ib,unknown supplier 12 05 бакси иммергаз аристон дражице навьен термекс бош эван дакор,Муфта переходная вн/вн 63-20 Valtec (66/2),58.079600000000006,72.0,"{""КРД"": 13.0, ""Крым"": 59.0}",2026-05-15_13-05-59_unknown_supplier_12_05_бакси_иммергаз_аристон_дражице_навьен_термекс_бош_эван_дакор.xls,1588
ib,unknown supplier 12 05 бакси иммергаз аристон дражице навьен термекс бош эван дакор,Муфта переходная вн/вн 63-25 Valtec (66/2),71.797,62.0,"{""КРД"": 5.0, ""Крым"": 57.0}",2026-05-15_13-05-59_unknown_supplier_12_05_бакси_иммергаз_аристон_дражице_навьен_термекс_бош_эван_дакор.xls,1589
ib,unknown supplier 12 05 бакси иммергаз аристон дражице навьен термекс бош эван дакор,Муфта переходная вн/вн 63-32 Valtec (72/2),71.476,53.0,"{""КРД"": 6.0, ""Крым"": 47.0}",2026-05-15_13-05-59_unknown_supplier_12_05_бакси_иммергаз_аристон_дражице_навьен_термекс_бош_эван_дакор.xls,1590
ib,unknown supplier 12 05 бакси иммергаз аристон дражице навьен термекс бош эван дакор,Муфта переходная вн/вн 63-40 Valtec (66/2),60.776,69.0,"{""КРД"": 4.0, ""Крым"": 65.0}",2026-05-15_13-05-59_unknown_supplier_12_05_бакси_иммергаз_аристон_дражице_навьен_термекс_бош_эван_дакор.xls,1591
ib,unknown supplier 12 05 бакси иммергаз аристон дражице навьен термекс бош эван дакор,Муфта переходная вн/вн 63-50 Valtec (48/2),83.567,15.0,"{""КРД"": 8.0, ""Крым"": 7.0}",2026-05-15_13-05-59_unknown_supplier_12_05_бакси_иммергаз_аристон_дражице_навьен_термекс_бош_эван_дакор.xls,1592
ib,unknown supplier 12 05 бакси иммергаз аристон дражице навьен термекс бош эван дакор,Муфта переходная вн/вн 75-32 Valtec (36/2),165.529,28.0,"{""Крым"": 28.0}",2026-05-15_13-05-59_unknown_supplier_12_05_бакси_иммергаз_аристон_дражице_навьен_термекс_бош_эван_дакор.xls,1593
ib,unknown supplier 12 05 бакси иммергаз аристон дражице навьен термекс бош эван дакор,Муфта переходная вн/вн 75-40 Valtec (36/2),183.719,61.0,"{""Крым"": 61.0}",2026-05-15_13-05-59_unknown_supplier_12_05_бакси_иммергаз_аристон_дражице_навьен_термекс_бош_эван_дакор.xls,1594
ib,unknown supplier 12 05 бакси иммергаз аристон дражице навьен термекс бош эван дакор,Муфта переходная вн/вн 75-50 Valtec (36/2),100.259,26.0,"{""Крым"": 26.0}",2026-05-15_13-05-59_unknown_supplier_12_05_бакси_иммергаз_аристон_дражице_навьен_термекс_бош_эван_дакор.xls,1595
ib,unknown supplier 12 05 бакси иммергаз аристон дражице навьен термекс бош эван дакор,Муфта переходная вн/вн 75-63 Valtec (26/2),139.207,24.0,"{""Крым"": 24.0}",2026-05-15_13-05-59_unknown_supplier_12_05_бакси_иммергаз_аристон_дражице_навьен_термекс_бош_эван_дакор.xls,1596
ib,unknown supplier 12 05 бакси иммергаз аристон дражице навьен термекс бош эван дакор,Муфта переходная вн/вн 90-50 Valtec (18/2),263.755,10.0,"{""Крым"": 10.0}",2026-05-15_13-05-59_unknown_supplier_12_05_бакси_иммергаз_аристон_дражице_навьен_термекс_бош_эван_дакор.xls,1597
ib,unknown supplier 12 05 бакси иммергаз аристон дражице навьен термекс бош эван дакор,Муфта переходная вн/вн 90-63 Valtec (24/2),208.222,16.0,"{""Крым"": 16.0}",2026-05-15_13-05-59_unknown_supplier_12_05_бакси_иммергаз_аристон_дражице_навьен_термекс_бош_эван_дакор.xls,1598
ib,unknown supplier 12 05 бакси иммергаз аристон дражице навьен термекс бош эван дакор,Муфта переходная вн/вн 90-75 Valtec (16/2),249.31,14.0,"{""Крым"": 14.0}",2026-05-15_13-05-59_unknown_supplier_12_05_бакси_иммергаз_аристон_дражице_навьен_термекс_бош_эван_дакор.xls,1599
ib,unknown supplier 12 05 бакси иммергаз аристон дражице навьен термекс бош эван дакор,Муфта переходная нар/вн 25-20мм Valtec (600/10),7.383000000000001,70.0,"{""КРД"": 20.0, ""Крым"": 50.0}",2026-05-15_13-05-59_unknown_supplier_12_05_бакси_иммергаз_аристон_дражице_навьен_термекс_бош_эван_дакор.xls,1600
ib,unknown supplier 12 05 бакси иммергаз аристон дражице навьен термекс бош эван дакор,Муфта переходная нар/вн 32-20мм Valtec (360/5),9.844,340.0,"{""КРД"": 340.0}",2026-05-15_13-05-59_unknown_supplier_12_05_бакси_иммергаз_аристон_дражице_навьен_термекс_бош_эван_дакор.xls,1601
ib,unknown supplier 12 05 бакси иммергаз аристон дражице навьен термекс бош эван дакор,Муфта переходная нар/вн 32-25мм Valtec (300/5),11.663,353.0,"{""КРД"": 297.0, ""Крым"": 56.0}",2026-05-15_13-05-59_unknown_supplier_12_05_бакси_иммергаз_аристон_дражице_навьен_термекс_бош_эван_дакор.xls,1602
ib,unknown supplier 12 05 бакси иммергаз аристон дражице навьен термекс бош эван дакор,Муфта переходная нар/вн 40-25мм Valtec (250/5),17.334,20.0,"{""КРД"": 10.0, ""Крым"": 10.0}",2026-05-15_13-05-59_unknown_supplier_12_05_бакси_иммергаз_аристон_дражице_навьен_термекс_бош_эван_дакор.xls,1603
ib,unknown supplier 12 05 бакси иммергаз аристон дражице навьен термекс бош эван дакор,Муфта переходная нар/вн 40-32мм Valtec (200/5),19.367,7.0,"{""КРД"": 7.0}",2026-05-15_13-05-59_unknown_supplier_12_05_бакси_иммергаз_аристон_дражице_навьен_термекс_бош_эван_дакор.xls,1604
ib,unknown supplier 12 05 бакси иммергаз аристон дражице навьен термекс бош эван дакор,Муфта переходная нар/вн 50-40мм Valtec (120/5),36.808,10.0,"{""Крым"": 10.0}",2026-05-15_13-05-59_unknown_supplier_12_05_бакси_иммергаз_аристон_дражице_навьен_термекс_бош_эван_дакор.xls,1605
ib,unknown supplier 12 05 бакси иммергаз аристон дражице навьен термекс бош эван дакор,Муфта переходная нар/вн 63-50мм Valtec (70/5),61.20400000000001,10.0,"{""Крым"": 10.0}",2026-05-15_13-05-59_unknown_supplier_12_05_бакси_иммергаз_аристон_дражице_навьен_термекс_бош_эван_дакор.xls,1606
ib,unknown supplier 12 05 бакси иммергаз аристон дражице навьен термекс бош эван дакор,Муфта переходная нар/вн 75-63мм Valtec (42/2),122.622,10.0,"{""Крым"": 10.0}",2026-05-15_13-05-59_unknown_supplier_12_05_бакси_иммергаз_аристон_дражице_навьен_термекс_бош_эван_дакор.xls,1607
ib,unknown supplier 12 05 бакси иммергаз аристон дражице навьен термекс бош эван дакор,Муфта переходная нар/вн 90-63мм Valtec (36/2),162.319,4.0,"{""Крым"": 4.0}",2026-05-15_13-05-59_unknown_supplier_12_05_бакси_иммергаз_аристон_дражице_навьен_термекс_бош_эван_дакор.xls,1608
ib,unknown supplier 12 05 бакси иммергаз аристон дражице навьен термекс бош эван дакор,Обвод 20 короткий с муфтами Valtec (210/10),20.758,544.0,"{""КРД"": 345.0, ""Крым"": 199.0}",2026-05-15_13-05-59_unknown_supplier_12_05_бакси_иммергаз_аристон_дражице_навьен_термекс_бош_эван_дакор.xls,1610
ib,unknown supplier 12 05 бакси иммергаз аристон дражице навьен термекс бош эван дакор,Обвод 25 короткий с муфтами Valtec (120/10),32.635000000000005,290.0,"{""КРД"": 223.0, ""Крым"": 67.0}",2026-05-15_13-05-59_unknown_supplier_12_05_бакси_иммергаз_аристон_дражице_навьен_термекс_бош_эван_дакор.xls,1611
ib,unknown supplier 12 05 бакси иммергаз аристон дражице навьен термекс бош эван дакор,Обвод с муфтами PPR длинный 20мм Valtec (120/10),28.89,20.0,"{""Крым"": 20.0}",2026-05-15_13-05-59_unknown_supplier_12_05_бакси_иммергаз_аристон_дражице_навьен_термекс_бош_эван_дакор.xls,1612
ib,unknown supplier 12 05 бакси иммергаз аристон дражице навьен термекс бош эван дакор,Обвод с муфтами PPR длинный 25мм Valtec (70/10),54.998000000000005,20.0,"{""Крым"": 20.0}",2026-05-15_13-05-59_unknown_supplier_12_05_бакси_иммергаз_аристон_дражице_навьен_термекс_бош_эван_дакор.xls,1613
ib,unknown supplier 12 05 бакси иммергаз аристон дражице навьен термекс бош эван дакор,"Планка монтажная с МРВ 20х1/2"" Valtec (60/5)",229.14050000000003,207.0,"{""КРД"": 57.0, ""Крым"": 150.0}",2026-05-15_13-05-59_unknown_supplier_12_05_бакси_иммергаз_аристон_дражице_навьен_термекс_бош_эван_дакор.xls,1615
ib,unknown supplier 12 05 бакси иммергаз аристон дражице навьен термекс бош эван дакор,"МРВ 20х1/2"" Valtec (360/10)",81.962,89.0,"{""КРД"": 89.0}",2026-05-15_13-05-59_unknown_supplier_12_05_бакси_иммергаз_аристон_дражице_навьен_термекс_бош_эван_дакор.xls,1617
ib,unknown supplier 12 05 бакси иммергаз аристон дражице навьен термекс бош эван дакор,"МРВ 20х3/4"" Valtec (300/10)",116.737,507.0,"{""КРД"": 114.0, ""Крым"": 393.0}",2026-05-15_13-05-59_unknown_supplier_12_05_бакси_иммергаз_аристон_дражице_навьен_термекс_бош_эван_дакор.xls,1618
ib,unknown supplier 12 05 бакси иммергаз аристон дражице навьен термекс бош эван дакор,"МРВ 25х1/2"" Valtec (330/10)",85.921,318.0,"{""КРД"": 141.0, ""Крым"": 177.0}",2026-05-15_13-05-59_unknown_supplier_12_05_бакси_иммергаз_аристон_дражице_навьен_термекс_бош_эван_дакор.xls,1619
ib,unknown supplier 12 05 бакси иммергаз аристон дражице навьен термекс бош эван дакор,"МРВ 25х3/4"" Valtec (200/10)",125.7143,280.0,"{""КРД"": 246.0, ""Крым"": 34.0}",2026-05-15_13-05-59_unknown_supplier_12_05_бакси_иммергаз_аристон_дражице_навьен_термекс_бош_эван_дакор.xls,1620
ib,unknown supplier 12 05 бакси иммергаз аристон дражице навьен термекс бош эван дакор,"МРВ 32х1/2"" Valtec (180/5)",111.387,334.0,"{""КРД"": 30.0, ""Крым"": 304.0}",2026-05-15_13-05-59_unknown_supplier_12_05_бакси_иммергаз_аристон_дражице_навьен_термекс_бош_эван_дакор.xls,1621
ib,unknown supplier 12 05 бакси иммергаз аристон дражице навьен термекс бош эван дакор,"МРВ 32х3/4"" Valtec (210/5)",130.96800000000002,262.0,"{""КРД"": 58.0, ""Крым"": 204.0}",2026-05-15_13-05-59_unknown_supplier_12_05_бакси_иммергаз_аристон_дражице_навьен_термекс_бош_эван_дакор.xls,1622
ib,unknown supplier 12 05 бакси иммергаз аристон дражице навьен термекс бош эван дакор,"МРВ 32х1"" Valtec (190/5)",208.864,154.0,"{""КРД"": 108.0, ""Крым"": 46.0}",2026-05-15_13-05-59_unknown_supplier_12_05_бакси_иммергаз_аристон_дражице_навьен_термекс_бош_эван_дакор.xls,1623
ib,unknown supplier 12 05 бакси иммергаз аристон дражице навьен термекс бош эван дакор,"МРВ 40х1"" под ключ Valtec (90/5)",339.939,12.0,"{""КРД"": 5.0, ""Крым"": 7.0}",2026-05-15_13-05-59_unknown_supplier_12_05_бакси_иммергаз_аристон_дражице_навьен_термекс_бош_эван_дакор.xls,1624
ib,unknown supplier 12 05 бакси иммергаз аристон дражице навьен термекс бош эван дакор,"МРВ 40х1 1/4"" под ключ Valtec (70/5)",557.5770000000001,72.0,"{""КРД"": 6.0, ""Крым"": 66.0}",2026-05-15_13-05-59_unknown_supplier_12_05_бакси_иммергаз_аристон_дражице_навьен_термекс_бош_эван_дакор.xls,1625
ib,unknown supplier 12 05 бакси иммергаз аристон дражице навьен термекс бош эван дакор,"МРВ 50х1 1/2"" под ключ Valtec (45/5)",683.4090000000001,29.0,"{""КРД"": 11.0, ""Крым"": 18.0}",2026-05-15_13-05-59_unknown_supplier_12_05_бакси_иммергаз_аристон_дражице_навьен_термекс_бош_эван_дакор.xls,1626
ib,unknown supplier 12 05 бакси иммергаз аристон дражице навьен термекс бош эван дакор,"МРВ 63х2"" под ключ Valtec (24/2)",1148.752,3.0,"{""КРД"": 1.0, ""Крым"": 2.0}",2026-05-15_13-05-59_unknown_supplier_12_05_бакси_иммергаз_аристон_дражице_навьен_термекс_бош_эван_дакор.xls,1627
ib,unknown supplier 12 05 бакси иммергаз аристон дражице навьен термекс бош эван дакор,"МРВ 75х2 1/2"" под ключ Valtec (12/1)",2005.0730000000003,12.0,"{""Крым"": 12.0}",2026-05-15_13-05-59_unknown_supplier_12_05_бакси_иммергаз_аристон_дражице_навьен_термекс_бош_эван_дакор.xls,1628
ib,unknown supplier 12 05 бакси иммергаз аристон дражице навьен термекс бош эван дакор,"МРВ 90х3"" под ключ Valtec (10/1)",3190.74,8.0,"{""Крым"": 8.0}",2026-05-15_13-05-59_unknown_supplier_12_05_бакси_иммергаз_аристон_дражице_навьен_термекс_бош_эван_дакор.xls,1629
ib,unknown supplier 12 05 бакси иммергаз аристон дражице навьен термекс бош эван дакор,"МРН 20х1/2"" Valtec (350/10)",98.226,288.0,"{""КРД"": 288.0}",2026-05-15_13-05-59_unknown_supplier_12_05_бакси_иммергаз_аристон_дражице_навьен_термекс_бош_эван_дакор.xls,1631
ib,unknown supplier 12 05 бакси иммергаз аристон дражице навьен термекс бош эван дакор,"МРН 20х3/4"" Valtec (220/10)",147.874,130.0,"{""КРД"": 127.0, ""Крым"": 3.0}",2026-05-15_13-05-59_unknown_supplier_12_05_бакси_иммергаз_аристон_дражице_навьен_термекс_бош_эван_дакор.xls,1632
ib,unknown supplier 12 05 бакси иммергаз аристон дражице навьен термекс бош эван дакор,"МРН 25х1/2"" Valtec (270/10)",100.687,215.0,"{""КРД"": 36.0, ""Крым"": 179.0}",2026-05-15_13-05-59_unknown_supplier_12_05_бакси_иммергаз_аристон_дражице_навьен_термекс_бош_эван_дакор.xls,1633
ib,unknown supplier 12 05 бакси иммергаз аристон дражице навьен термекс бош эван дакор,"МРН 25х3/4"" Valtec (200/10)",149.265,22.0,"{""КРД"": 22.0}",2026-05-15_13-05-59_unknown_supplier_12_05_бакси_иммергаз_аристон_дражице_навьен_термекс_бош_эван_дакор.xls,1634
ib,unknown supplier 12 05 бакси иммергаз аристон дражице навьен термекс бош эван дакор,"МРН 32х1/2"" Valtec (155/5)",134.17800000000005,140.0,"{""КРД"": 60.0, ""Крым"": 80.0}",2026-05-15_13-05-59_unknown_supplier_12_05_бакси_иммергаз_аристон_дражице_навьен_термекс_бош_эван_дакор.xls,1635
ib,unknown supplier 12 05 бакси иммергаз аристон дражице навьен термекс бош эван дакор,"МРН 32х3/4"" Valtec (150/5)",183.612,43.0,"{""КРД"": 13.0, ""Крым"": 30.0}",2026-05-15_13-05-59_unknown_supplier_12_05_бакси_иммергаз_аристон_дражице_навьен_термекс_бош_эван_дакор.xls,1636
ib,unknown supplier 12 05 бакси иммергаз аристон дражице навьен термекс бош эван дакор,"МРН 32х1"" Valtec (135/5)",276.2633,144.0,"{""КРД"": 25.0, ""Крым"": 119.0}",2026-05-15_13-05-59_unknown_supplier_12_05_бакси_иммергаз_аристон_дражице_навьен_термекс_бош_эван_дакор.xls,1637
ib,unknown supplier 12 05 бакси иммергаз аристон дражице навьен термекс бош эван дакор,"МРН 40х1"" под ключ Valtec (80/5)",425.218,100.0,"{""КРД"": 8.0, ""Крым"": 92.0}",2026-05-15_13-05-59_unknown_supplier_12_05_бакси_иммергаз_аристон_дражице_навьен_термекс_бош_эван_дакор.xls,1638
ib,unknown supplier 12 05 бакси иммергаз аристон дражице навьен термекс бош эван дакор,"МРН 40х1 1/4"" под ключ Valtec (60/5)",551.692,77.0,"{""КРД"": 11.0, ""Крым"": 66.0}",2026-05-15_13-05-59_unknown_supplier_12_05_бакси_иммергаз_аристон_дражице_навьен_термекс_бош_эван_дакор.xls,1639
ib,unknown supplier 12 05 бакси иммергаз аристон дражице навьен термекс бош эван дакор,"МРН 50х1 1/2"" под ключ Valtec (40/5)",842.411,13.0,"{""КРД"": 2.0, ""Крым"": 11.0}",2026-05-15_13-05-59_unknown_supplier_12_05_бакси_иммергаз_аристон_дражице_навьен_термекс_бош_эван_дакор.xls,1640
ib,unknown supplier 12 05 бакси иммергаз аристон дражице навьен термекс бош эван дакор,"МРН 63х2"" под ключ Valtec (24/2)",1635.709,17.0,"{""КРД"": 4.0, ""Крым"": 13.0}",2026-05-15_13-05-59_unknown_supplier_12_05_бакси_иммергаз_аристон_дражице_навьен_термекс_бош_эван_дакор.xls,1641
ib,unknown supplier 12 05 бакси иммергаз аристон дражице навьен термекс бош эван дакор,"МРН 75х2 1/2"" под ключ Valtec (12/1)",2933.726000000001,10.0,"{""Крым"": 10.0}",2026-05-15_13-05-59_unknown_supplier_12_05_бакси_иммергаз_аристон_дражице_навьен_термекс_бош_эван_дакор.xls,1642
ib,unknown supplier 12 05 бакси иммергаз аристон дражице навьен термекс бош эван дакор,"МРН 90х3"" под ключ Valtec (5/1)",3777.1,1.0,"{""Крым"": 1.0}",2026-05-15_13-05-59_unknown_supplier_12_05_бакси_иммергаз_аристон_дражице_навьен_термекс_бош_эван_дакор.xls,1643
ib,unknown supplier 12 05 бакси иммергаз аристон дражице навьен термекс бош эван дакор,"резьбовое соединение внутр 20х1/2"" Valtec (200/10)",202.872,250.0,"{""КРД"": 238.0, ""Крым"": 12.0}",2026-05-15_13-05-59_unknown_supplier_12_05_бакси_иммергаз_аристон_дражице_навьен_термекс_бош_эван_дакор.xls,1645
ib,unknown supplier 12 05 бакси иммергаз аристон дражице навьен термекс бош эван дакор,"резьбовое соединение внутр 20х3/4"" Valtec (100/10)",261.93600000000004,141.0,"{""КРД"": 35.0, ""Крым"": 106.0}",2026-05-15_13-05-59_unknown_supplier_12_05_бакси_иммергаз_аристон_дражице_навьен_термекс_бош_эван_дакор.xls,1646
ib,unknown supplier 12 05 бакси иммергаз аристон дражице навьен термекс бош эван дакор,"резьбовое соединение внутр 20х1"" Valtec (130/10)",288.579,234.0,"{""КРД"": 80.0, ""Крым"": 154.0}",2026-05-15_13-05-59_unknown_supplier_12_05_бакси_иммергаз_аристон_дражице_навьен_термекс_бош_эван_дакор.xls,1647
ib,unknown supplier 12 05 бакси иммергаз аристон дражице навьен термекс бош эван дакор,"резьбовое соединение внутр 25х3/4"" Valtec (100/10)",318.32500000000005,190.0,"{""КРД"": 166.0, ""Крым"": 24.0}",2026-05-15_13-05-59_unknown_supplier_12_05_бакси_иммергаз_аристон_дражице_навьен_термекс_бош_эван_дакор.xls,1648
ib,unknown supplier 12 05 бакси иммергаз аристон дражице навьен термекс бош эван дакор,"резьбовое соединение внутр 25х1"" Valtec (100/10)",318.432,53.0,"{""КРД"": 10.0, ""Крым"": 43.0}",2026-05-15_13-05-59_unknown_supplier_12_05_бакси_иммергаз_аристон_дражице_навьен_термекс_бош_эван_дакор.xls,1649
ib,unknown supplier 12 05 бакси иммергаз аристон дражице навьен термекс бош эван дакор,"резьбовое соединение внутр 40х1 1/4"" Valtec (40/5)",673.7790000000001,90.0,"{""КРД"": 15.0, ""Крым"": 75.0}",2026-05-15_13-05-59_unknown_supplier_12_05_бакси_иммергаз_аристон_дражице_навьен_термекс_бош_эван_дакор.xls,1650
ib,unknown supplier 12 05 бакси иммергаз аристон дражице навьен термекс бош эван дакор,"резьбовое соединение внутр 40х1 1/2"" Valtec (35/5)",765.906,50.0,"{""КРД"": 6.0, ""Крым"": 44.0}",2026-05-15_13-05-59_unknown_supplier_12_05_бакси_иммергаз_аристон_дражице_навьен_термекс_бош_эван_дакор.xls,1651
ib,unknown supplier 12 05 бакси иммергаз аристон дражице навьен термекс бош эван дакор,"резьбовое соединение внутр 50х1 1/2"" Valtec (25/5)",1275.012,13.0,"{""КРД"": 3.0, ""Крым"": 10.0}",2026-05-15_13-05-59_unknown_supplier_12_05_бакси_иммергаз_аристон_дражице_навьен_термекс_бош_эван_дакор.xls,1652
ib,unknown supplier 12 05 бакси иммергаз аристон дражице навьен термекс бош эван дакор,"резьбовое соединение нар 20х1/2"" Valtec (180/10)",183.29100000000005,188.0,"{""КРД"": 181.0, ""Крым"": 7.0}",2026-05-15_13-05-59_unknown_supplier_12_05_бакси_иммергаз_аристон_дражице_навьен_термекс_бош_эван_дакор.xls,1654
ib,unknown supplier 12 05 бакси иммергаз аристон дражице навьен термекс бош эван дакор,"резьбовое соединение нар 20х3/4"" Valtec (100/10)",244.067,103.0,"{""КРД"": 99.0, ""Крым"": 4.0}",2026-05-15_13-05-59_unknown_supplier_12_05_бакси_иммергаз_аристон_дражице_навьен_термекс_бош_эван_дакор.xls,1655
ib,unknown supplier 12 05 бакси иммергаз аристон дражице навьен термекс бош эван дакор,"резьбовое соединение нар 20х1"" Valtec (130/10)",293.394,219.0,"{""КРД"": 30.0, ""Крым"": 189.0}",2026-05-15_13-05-59_unknown_supplier_12_05_бакси_иммергаз_аристон_дражице_навьен_термекс_бош_эван_дакор.xls,1656
ib,unknown supplier 12 05 бакси иммергаз аристон дражице навьен термекс бош эван дакор,"резьбовое соединение нар 25х3/4"" Valtec (100/10)",316.613,39.0,"{""КРД"": 33.0, ""Крым"": 6.0}",2026-05-15_13-05-59_unknown_supplier_12_05_бакси_иммергаз_аристон_дражице_навьен_термекс_бош_эван_дакор.xls,1657
ib,unknown supplier 12 05 бакси иммергаз аристон дражице навьен термекс бош эван дакор,"резьбовое соединение нар 32х1"" Valtec (60/5)",456.2908000000001,13.0,"{""КРД"": 7.0, ""Крым"": 6.0}",2026-05-15_13-05-59_unknown_supplier_12_05_бакси_иммергаз_аристон_дражице_навьен_термекс_бош_эван_дакор.xls,1658
ib,unknown supplier 12 05 бакси иммергаз аристон дражице навьен термекс бош эван дакор,"резьбовое соединение нар 40х1 1/4"" Valtec (35/5)",838.0240000000001,47.0,"{""КРД"": 5.0, ""Крым"": 42.0}",2026-05-15_13-05-59_unknown_supplier_12_05_бакси_иммергаз_аристон_дражице_навьен_термекс_бош_эван_дакор.xls,1659
ib,unknown supplier 12 05 бакси иммергаз аристон дражице навьен термекс бош эван дакор,"резьбовое соединение нар 50х1 1/2"" Valtec (20/5)",1409.832,21.0,"{""КРД"": 2.0, ""Крым"": 19.0}",2026-05-15_13-05-59_unknown_supplier_12_05_бакси_иммергаз_аристон_дражице_навьен_термекс_бош_эван_дакор.xls,1660
ib,unknown supplier 12 05 бакси иммергаз аристон дражице навьен термекс бош эван дакор,"резьбовое соединение нар 63х2"" Valtec (9/1)",3698.883,5.0,"{""КРД"": 5.0}",2026-05-15_13-05-59_unknown_supplier_12_05_бакси_иммергаз_аристон_дражице_навьен_термекс_бош_эван_дакор.xls,1661
ib,unknown supplier 12 05 бакси иммергаз аристон дражице навьен термекс бош эван дакор,"Муфта с НГ метал.горло 20х1/2"" Valtec (400/10)",109.4182,68.0,"{""КРД"": 14.0, ""Крым"": 54.0}",2026-05-15_13-05-59_unknown_supplier_12_05_бакси_иммергаз_аристон_дражице_навьен_термекс_бош_эван_дакор.xls,1663
ib,unknown supplier 12 05 бакси иммергаз аристон дражице навьен термекс бош эван дакор,"Муфта с НГ метал.горло 20х3/4"" Valtec (330/10)",125.297,12.0,"{""Крым"": 12.0}",2026-05-15_13-05-59_unknown_supplier_12_05_бакси_иммергаз_аристон_дражице_навьен_термекс_бош_эван_дакор.xls,1664
ib,unknown supplier 12 05 бакси иммергаз аристон дражице навьен термекс бош эван дакор,"Муфта с НГ метал.горло 25х3/4"" Valtec (260/10)",157.504,69.0,"{""КРД"": 9.0, ""Крым"": 60.0}",2026-05-15_13-05-59_unknown_supplier_12_05_бакси_иммергаз_аристон_дражице_навьен_термекс_бош_эван_дакор.xls,1665
ib,unknown supplier 12 05 бакси иммергаз аристон дражице навьен термекс бош эван дакор,Муфта с НГ метал.горло 20 х 3/4 евроконус Valtec (170/10),209.827,122.0,"{""КРД"": 10.0, ""Крым"": 112.0}",2026-05-15_13-05-59_unknown_supplier_12_05_бакси_иммергаз_аристон_дражице_навьен_термекс_бош_эван_дакор.xls,1666
ib,unknown supplier 12 05 бакси иммергаз аристон дражице навьен термекс бош эван дакор,"Муфта с НГ метал.горло 25х1"" Valtec (100/5)",239.145,6.0,"{""Крым"": 6.0}",2026-05-15_13-05-59_unknown_supplier_12_05_бакси_иммергаз_аристон_дражице_навьен_термекс_бош_эван_дакор.xls,1667
ib,unknown supplier 12 05 бакси иммергаз аристон дражице навьен термекс бош эван дакор,"Муфта с НГ метал.горло 32х1"" Valtec (400/10)",256.05100000000004,10.0,"{""Крым"": 10.0}",2026-05-15_13-05-59_unknown_supplier_12_05_бакси_иммергаз_аристон_дражице_навьен_термекс_бош_эван_дакор.xls,1668
ib,unknown supplier 12 05 бакси иммергаз аристон дражице навьен термекс бош эван дакор,Тройник 20 Valtec (280/10),10.379,1872.0,"{""КРД"": 448.0, ""Крым"": 1424.0}",2026-05-15_13-05-59_unknown_supplier_12_05_бакси_иммергаз_аристон_дражице_навьен_термекс_бош_эван_дакор.xls,1670
ib,unknown supplier 12 05 бакси иммергаз аристон дражице навьен термекс бош эван дакор,Тройник 25 Valtec (180/10),16.371000000000002,820.0,"{""КРД"": 245.0, ""Крым"": 575.0}",2026-05-15_13-05-59_unknown_supplier_12_05_бакси_иммергаз_аристон_дражице_навьен_термекс_бош_эван_дакор.xls,1671
ib,unknown supplier 12 05 бакси иммергаз аристон дражице навьен термекс бош эван дакор,Тройник 32 Valtec (120/5),30.505700000000004,667.0,"{""КРД"": 307.0, ""Крым"": 360.0}",2026-05-15_13-05-59_unknown_supplier_12_05_бакси_иммергаз_аристон_дражице_навьен_термекс_бош_эван_дакор.xls,1672
ib,unknown supplier 12 05 бакси иммергаз аристон дражице навьен термекс бош эван дакор,Тройник 40 Valtec (55/5),62.595000000000006,61.0,"{""КРД"": 12.0, ""Крым"": 49.0}",2026-05-15_13-05-59_unknown_supplier_12_05_бакси_иммергаз_аристон_дражице_навьен_термекс_бош_эван_дакор.xls,1673
ib,unknown supplier 12 05 бакси иммергаз аристон дражице навьен термекс бош эван дакор,Тройник 50 Valtec (30/5),111.494,35.0,"{""КРД"": 4.0, ""Крым"": 31.0}",2026-05-15_13-05-59_unknown_supplier_12_05_бакси_иммергаз_аристон_дражице_навьен_термекс_бош_эван_дакор.xls,1674
ib,unknown supplier 12 05 бакси иммергаз аристон дражице навьен термекс бош эван дакор,Тройник 63 Valtec (16/2),223.737,33.0,"{""КРД"": 4.0, ""Крым"": 29.0}",2026-05-15_13-05-59_unknown_supplier_12_05_бакси_иммергаз_аристон_дражице_навьен_термекс_бош_эван_дакор.xls,1675
ib,unknown supplier 12 05 бакси иммергаз аристон дражице навьен термекс бош эван дакор,Тройник 75 Valtec (11/1),345.8775,30.0,"{""Крым"": 30.0}",2026-05-15_13-05-59_unknown_supplier_12_05_бакси_иммергаз_аристон_дражице_навьен_термекс_бош_эван_дакор.xls,1676
ib,unknown supplier 12 05 бакси иммергаз аристон дражице навьен термекс бош эван дакор,"Тройник МРВ 20х1/2"" Valtec (180/10)",109.782,309.0,"{""КРД"": 131.0, ""Крым"": 178.0}",2026-05-15_13-05-59_unknown_supplier_12_05_бакси_иммергаз_аристон_дражице_навьен_термекс_бош_эван_дакор.xls,1678
ib,unknown supplier 12 05 бакси иммергаз аристон дражице навьен термекс бош эван дакор,"Тройник МРВ 20х3/4"" Valtec (150/10)",135.89,251.0,"{""КРД"": 145.0, ""Крым"": 106.0}",2026-05-15_13-05-59_unknown_supplier_12_05_бакси_иммергаз_аристон_дражице_навьен_термекс_бош_эван_дакор.xls,1679
ib,unknown supplier 12 05 бакси иммергаз аристон дражице навьен термекс бош эван дакор,"Тройник МРВ 25х1/2"" Valtec (160/10)",125.297,201.0,"{""КРД"": 33.0, ""Крым"": 168.0}",2026-05-15_13-05-59_unknown_supplier_12_05_бакси_иммергаз_аристон_дражице_навьен_термекс_бош_эван_дакор.xls,1680
ib,unknown supplier 12 05 бакси иммергаз аристон дражице навьен термекс бош эван дакор,"Тройник МРВ 25х3/4"" Valtec (150/10)",150.014,244.0,"{""КРД"": 129.0, ""Крым"": 115.0}",2026-05-15_13-05-59_unknown_supplier_12_05_бакси_иммергаз_аристон_дражице_навьен_термекс_бош_эван_дакор.xls,1681
ib,unknown supplier 12 05 бакси иммергаз аристон дражице навьен термекс бош эван дакор,"Тройник МРВ 32х1/2"" Valtec (100/5)",199.555,21.0,"{""КРД"": 17.0, ""Крым"": 4.0}",2026-05-15_13-05-59_unknown_supplier_12_05_бакси_иммергаз_аристон_дражице_навьен_термекс_бош_эван_дакор.xls,1682
ib,unknown supplier 12 05 бакси иммергаз аристон дражице навьен термекс бош эван дакор,"Тройник МРВ 32х3/4"" Valtec (75/5)",215.819,120.0,"{""КРД"": 46.0, ""Крым"": 74.0}",2026-05-15_13-05-59_unknown_supplier_12_05_бакси_иммергаз_аристон_дражице_навьен_термекс_бош_эван_дакор.xls,1683
ib,unknown supplier 12 05 бакси иммергаз аристон дражице навьен термекс бош эван дакор,"Тройник МРВ 32х1"" Valtec (80/5)",267.714,85.0,"{""КРД"": 60.0, ""Крым"": 25.0}",2026-05-15_13-05-59_unknown_supplier_12_05_бакси_иммергаз_аристон_дражице_навьен_термекс_бош_эван_дакор.xls,1684
ib,unknown supplier 12 05 бакси иммергаз аристон дражице навьен термекс бош эван дакор,"Тройник МРВ 40х1"" Valtec",304.201,10.0,"{""Крым"": 10.0}",2026-05-15_13-05-59_unknown_supplier_12_05_бакси_иммергаз_аристон_дражице_навьен_термекс_бош_эван_дакор.xls,1685
ib,unknown supplier 12 05 бакси иммергаз аристон дражице навьен термекс бош эван дакор,"Тройник МРН 20х1/2"" Valtec (180/10)",137.495,204.0,"{""КРД"": 203.0, ""Крым"": 1.0}",2026-05-15_13-05-59_unknown_supplier_12_05_бакси_иммергаз_аристон_дражице_навьен_термекс_бош_эван_дакор.xls,1687
ib,unknown supplier 12 05 бакси иммергаз аристон дражице навьен термекс бош эван дакор,"Тройник МРН 20х3/4"" Valtec (90/10)",172.27,128.0,"{""КРД"": 45.0, ""Крым"": 83.0}",2026-05-15_13-05-59_unknown_supplier_12_05_бакси_иммергаз_аристон_дражице_навьен_термекс_бош_эван_дакор.xls,1688
ib,unknown supplier 12 05 бакси иммергаз аристон дражице навьен термекс бош эван дакор,"Тройник МРН 25х1/2"" Valtec (90/10)",173.875,27.0,"{""КРД"": 8.0, ""Крым"": 19.0}",2026-05-15_13-05-59_unknown_supplier_12_05_бакси_иммергаз_аристон_дражице_навьен_термекс_бош_эван_дакор.xls,1689
ib,unknown supplier 12 05 бакси иммергаз аристон дражице навьен термекс бош эван дакор,"Тройник МРН 25х3/4"" Valtec (90/10)",215.391,140.0,"{""КРД"": 82.0, ""Крым"": 58.0}",2026-05-15_13-05-59_unknown_supplier_12_05_бакси_иммергаз_аристон_дражице_навьен_термекс_бош_эван_дакор.xls,1690
ib,unknown supplier 12 05 бакси иммергаз аристон дражице навьен термекс бош эван дакор,"Тройник МРН 32х1/2"" Valtec (90/5)",231.01300000000003,100.0,"{""КРД"": 16.0, ""Крым"": 84.0}",2026-05-15_13-05-59_unknown_supplier_12_05_бакси_иммергаз_аристон_дражице_навьен_термекс_бош_эван_дакор.xls,1691
ib,unknown supplier 12 05 бакси иммергаз аристон дражице навьен термекс бош эван дакор,"Тройник МРН 32х3/4"" Valtec (80/5)",255.944,175.0,"{""КРД"": 48.0, ""Крым"": 127.0}",2026-05-15_13-05-59_unknown_supplier_12_05_бакси_иммергаз_аристон_дражице_навьен_термекс_бош_эван_дакор.xls,1692
ib,unknown supplier 12 05 бакси иммергаз аристон дражице навьен термекс бош эван дакор,"Тройник МРН 32х1"" Valtec (45/5)",318.32500000000005,45.0,"{""КРД"": 45.0}",2026-05-15_13-05-59_unknown_supplier_12_05_бакси_иммергаз_аристон_дражице_навьен_термекс_бош_эван_дакор.xls,1693
ib,unknown supplier 12 05 бакси иммергаз аристон дражице навьен термекс бош эван дакор,"Тройник МРН 40х1"" Valtec",360.69700000000006,50.0,"{""КРД"": 10.0, ""Крым"": 40.0}",2026-05-15_13-05-59_unknown_supplier_12_05_бакси_иммергаз_аристон_дражице_навьен_термекс_бош_эван_дакор.xls,1694
ib,unknown supplier 12 05 бакси иммергаз аристон дражице навьен термекс бош эван дакор,Тройник переходной 25-20-20 Valtec (200/10),23.005000000000003,700.0,"{""КРД"": 330.0, ""Крым"": 370.0}",2026-05-15_13-05-59_unknown_supplier_12_05_бакси_иммергаз_аристон_дражице_навьен_термекс_бош_эван_дакор.xls,1696
ib,unknown supplier 12 05 бакси иммергаз аристон дражице навьен термекс бош эван дакор,Тройник переходной 25-20-25 Valtec (200/10),16.799,,{},2026-05-15_13-05-59_unknown_supplier_12_05_бакси_иммергаз_аристон_дражице_навьен_термекс_бош_эван_дакор.xls,1697
ib,unknown supplier 12 05 бакси иммергаз аристон дражице навьен термекс бош эван дакор,Тройник переходной 32-20-20 Valtec (150/5),29.318,60.0,"{""КРД"": 30.0, ""Крым"": 30.0}",2026-05-15_13-05-59_unknown_supplier_12_05_бакси_иммергаз_аристон_дражице_навьен_термекс_бош_эван_дакор.xls,1698
ib,unknown supplier 12 05 бакси иммергаз аристон дражице навьен термекс бош эван дакор,Тройник переходной 32-20-32 Valtec (140/5),28.355,,{},2026-05-15_13-05-59_unknown_supplier_12_05_бакси_иммергаз_аристон_дражице_навьен_термекс_бош_эван_дакор.xls,1699
ib,unknown supplier 12 05 бакси иммергаз аристон дражице навьен термекс бош эван дакор,Тройник переходной 32-25-32 Valtec (120/5),28.676,99.0,"{""КРД"": 99.0}",2026-05-15_13-05-59_unknown_supplier_12_05_бакси_иммергаз_аристон_дражице_навьен_термекс_бош_эван_дакор.xls,1700
ib,unknown supplier 12 05 бакси иммергаз аристон дражице навьен термекс бош эван дакор,Тройник переходной 40-20-40 Valtec (80/5),57.073800000000006,363.0,"{""КРД"": 117.0, ""Крым"": 246.0}",2026-05-15_13-05-59_unknown_supplier_12_05_бакси_иммергаз_аристон_дражице_навьен_термекс_бош_эван_дакор.xls,1701
ib,unknown supplier 12 05 бакси иммергаз аристон дражице навьен термекс бош эван дакор,Тройник переходной 40-25-40 Valtec (60/5),62.809000000000005,155.0,"{""КРД"": 58.0, ""Крым"": 97.0}",2026-05-15_13-05-59_unknown_supplier_12_05_бакси_иммергаз_аристон_дражице_навьен_термекс_бош_эван_дакор.xls,1702
ib,unknown supplier 12 05 бакси иммергаз аристон дражице навьен термекс бош эван дакор,Тройник переходной 40-32-40 Valtec (60/5),73.509,234.0,"{""КРД"": 71.0, ""Крым"": 163.0}",2026-05-15_13-05-59_unknown_supplier_12_05_бакси_иммергаз_аристон_дражице_навьен_термекс_бош_эван_дакор.xls,1703
ib,unknown supplier 12 05 бакси иммергаз аристон дражице навьен термекс бош эван дакор,Тройник переходной 50-20-50 Valtec (30/5),92.662,184.0,"{""КРД"": 53.0, ""Крым"": 131.0}",2026-05-15_13-05-59_unknown_supplier_12_05_бакси_иммергаз_аристон_дражице_навьен_термекс_бош_эван_дакор.xls,1704
ib,unknown supplier 12 05 бакси иммергаз аристон дражице навьен термекс бош эван дакор,Тройник переходной 50-25-50 Valtec (25/5),105.395,69.0,"{""КРД"": 16.0, ""Крым"": 53.0}",2026-05-15_13-05-59_unknown_supplier_12_05_бакси_иммергаз_аристон_дражице_навьен_термекс_бош_эван_дакор.xls,1705
ib,unknown supplier 12 05 бакси иммергаз аристон дражице навьен термекс бош эван дакор,Тройник переходной 50-32-50 Valtec (25/5),121.98,11.0,"{""КРД"": 5.0, ""Крым"": 6.0}",2026-05-15_13-05-59_unknown_supplier_12_05_бакси_иммергаз_аристон_дражице_навьен_термекс_бош_эван_дакор.xls,1706
ib,unknown supplier 12 05 бакси иммергаз аристон дражице навьен термекс бош эван дакор,Тройник переходной 50-40-50 Valtec (25/5),150.014,61.0,"{""КРД"": 10.0, ""Крым"": 51.0}",2026-05-15_13-05-59_unknown_supplier_12_05_бакси_иммергаз_аристон_дражице_навьен_термекс_бош_эван_дакор.xls,1707
ib,unknown supplier 12 05 бакси иммергаз аристон дражице навьен термекс бош эван дакор,Тройник переходной 63-20-63 Valtec (24/2),180.723,176.0,"{""КРД"": 4.0, ""Крым"": 172.0}",2026-05-15_13-05-59_unknown_supplier_12_05_бакси_иммергаз_аристон_дражице_навьен_термекс_бош_эван_дакор.xls,1708
ib,unknown supplier 12 05 бакси иммергаз аристон дражице навьен термекс бош эван дакор,Тройник переходной 63-25-63 Valtec (24/2),193.349,77.0,"{""КРД"": 4.0, ""Крым"": 73.0}",2026-05-15_13-05-59_unknown_supplier_12_05_бакси_иммергаз_аристон_дражице_навьен_термекс_бош_эван_дакор.xls,1709
ib,unknown supplier 12 05 бакси иммергаз аристон дражице навьен термекс бош эван дакор,Тройник переходной 63-32-63 Valtec (24/2),202.23,15.0,"{""КРД"": 4.0, ""Крым"": 11.0}",2026-05-15_13-05-59_unknown_supplier_12_05_бакси_иммергаз_аристон_дражице_навьен_термекс_бош_эван_дакор.xls,1710
ib,unknown supplier 12 05 бакси иммергаз аристон дражице навьен термекс бош эван дакор,Тройник переходной 63-40-63 Valtec (24/2),190.032,36.0,"{""КРД"": 8.0, ""Крым"": 28.0}",2026-05-15_13-05-59_unknown_supplier_12_05_бакси_иммергаз_аристон_дражице_навьен_термекс_бош_эван_дакор.xls,1711
ib,unknown supplier 12 05 бакси иммергаз аристон дражице навьен термекс бош эван дакор,Тройник переходной 63-50-63 Valtec (18/2),258.40500000000003,23.0,"{""КРД"": 5.0, ""Крым"": 18.0}",2026-05-15_13-05-59_unknown_supplier_12_05_бакси_иммергаз_аристон_дражице_навьен_термекс_бош_эван_дакор.xls,1712
ib,unknown supplier 12 05 бакси иммергаз аристон дражице навьен термекс бош эван дакор,Тройник переходной 75-40-75 Valtec (14/2),352.779,46.0,"{""Крым"": 46.0}",2026-05-15_13-05-59_unknown_supplier_12_05_бакси_иммергаз_аристон_дражице_навьен_термекс_бош_эван_дакор.xls,1713
ib,unknown supplier 12 05 бакси иммергаз аристон дражице навьен термекс бош эван дакор,Тройник переходной 75-50-75 Valtec (12/2),395.365,21.0,"{""Крым"": 21.0}",2026-05-15_13-05-59_unknown_supplier_12_05_бакси_иммергаз_аристон_дражице_навьен_термекс_бош_эван_дакор.xls,1714
ib,unknown supplier 12 05 бакси иммергаз аристон дражице навьен термекс бош эван дакор,Тройник переходной 75-63-75 Valtec (10/2),466.092,12.0,"{""Крым"": 12.0}",2026-05-15_13-05-59_unknown_supplier_12_05_бакси_иммергаз_аристон_дражице_навьен_термекс_бош_эван_дакор.xls,1715
ib,unknown supplier 12 05 бакси иммергаз аристон дражице навьен термекс бош эван дакор,Тройник переходной 32-20-25мм Valtec (135/5),30.816000000000003,39.0,"{""Крым"": 39.0}",2026-05-15_13-05-59_unknown_supplier_12_05_бакси_иммергаз_аристон_дражице_навьен_термекс_бош_эван_дакор.xls,1716
ib,unknown supplier 12 05 бакси иммергаз аристон дражице навьен термекс бош эван дакор,Тройник переходной 32-25-20мм Valtec (140/5),38.306,80.0,"{""КРД"": 40.0, ""Крым"": 40.0}",2026-05-15_13-05-59_unknown_supplier_12_05_бакси_иммергаз_аристон_дражице_навьен_термекс_бош_эван_дакор.xls,1717
ib,unknown supplier 12 05 бакси иммергаз аристон дражице навьен термекс бош эван дакор,Тройник переходной 32-25-25мм Valtec (100/5),33.598,14.0,"{""КРД"": 14.0}",2026-05-15_13-05-59_unknown_supplier_12_05_бакси_иммергаз_аристон_дражице_навьен_термекс_бош_эван_дакор.xls,1718
ib,unknown supplier 12 05 бакси иммергаз аристон дражице навьен термекс бош эван дакор,Тройник переходной 110-90-110мм Valtec (3/1),1095.894,9.0,"{""Крым"": 9.0}",2026-05-15_13-05-59_unknown_supplier_12_05_бакси_иммергаз_аристон_дражице_навьен_термекс_бош_эван_дакор.xls,1719
ib,unknown supplier 12 05 бакси иммергаз аристон дражице навьен термекс бош эван дакор,Угол 45*20 Valtec (420/10),8.667,637.0,"{""КРД"": 523.0, ""Крым"": 114.0}",2026-05-15_13-05-59_unknown_supplier_12_05_бакси_иммергаз_аристон_дражице_навьен_термекс_бош_эван_дакор.xls,1721
ib,unknown supplier 12 05 бакси иммергаз аристон дражице навьен термекс бош эван дакор,Угол 45*25 Valtec (320/10),12.198,645.0,"{""КРД"": 635.0, ""Крым"": 10.0}",2026-05-15_13-05-59_unknown_supplier_12_05_бакси_иммергаз_аристон_дражице_навьен_термекс_бош_эван_дакор.xls,1722
ib,unknown supplier 12 05 бакси иммергаз аристон дражице навьен термекс бош эван дакор,Угол 45*32 Valtec (160/5),19.795,67.0,"{""КРД"": 61.0, ""Крым"": 6.0}",2026-05-15_13-05-59_unknown_supplier_12_05_бакси_иммергаз_аристон_дражице_навьен_термекс_бош_эван_дакор.xls,1723
ib,unknown supplier 12 05 бакси иммергаз аристон дражице навьен термекс бош эван дакор,Угол 45*40 Valtec (80/5),51.895,154.0,"{""КРД"": 36.0, ""Крым"": 118.0}",2026-05-15_13-05-59_unknown_supplier_12_05_бакси_иммергаз_аристон_дражице_навьен_термекс_бош_эван_дакор.xls,1724
ib,unknown supplier 12 05 бакси иммергаз аристон дражице навьен термекс бош эван дакор,Угол 45*50 Valtec (30/5),81.10600000000001,74.0,"{""КРД"": 3.0, ""Крым"": 71.0}",2026-05-15_13-05-59_unknown_supplier_12_05_бакси_иммергаз_аристон_дражице_навьен_термекс_бош_эван_дакор.xls,1725
ib,unknown supplier 12 05 бакси иммергаз аристон дражице навьен термекс бош эван дакор,Угол 45*63 Valtec (24/2),175.26600000000002,27.0,"{""Крым"": 27.0}",2026-05-15_13-05-59_unknown_supplier_12_05_бакси_иммергаз_аристон_дражице_навьен_термекс_бош_эван_дакор.xls,1726
ib,unknown supplier 12 05 бакси иммергаз аристон дражице навьен термекс бош эван дакор,Угол 90*20 Valtec (300/10),8.56,,{},2026-05-15_13-05-59_unknown_supplier_12_05_бакси_иммергаз_аристон_дражице_навьен_термекс_бош_эван_дакор.xls,1728
ib,unknown supplier 12 05 бакси иммергаз аристон дражице навьен термекс бош эван дакор,Угол 90*25 Valtec (240/10),12.84,1130.0,"{""КРД"": 296.0, ""Крым"": 834.0}",2026-05-15_13-05-59_unknown_supplier_12_05_бакси_иммергаз_аристон_дражице_навьен_термекс_бош_эван_дакор.xls,1729
ib,unknown supplier 12 05 бакси иммергаз аристон дражице навьен термекс бош эван дакор,Угол 90*32 Valtec (120/5),22.149,,{},2026-05-15_13-05-59_unknown_supplier_12_05_бакси_иммергаз_аристон_дражице_навьен_термекс_бош_эван_дакор.xls,1730
ib,unknown supplier 12 05 бакси иммергаз аристон дражице навьен термекс бош эван дакор,Угол 90*40 Valtec (70/5),43.656,158.0,"{""КРД"": 16.0, ""Крым"": 142.0}",2026-05-15_13-05-59_unknown_supplier_12_05_бакси_иммергаз_аристон_дражице_навьен_термекс_бош_эван_дакор.xls,1731
ib,unknown supplier 12 05 бакси иммергаз аристон дражице навьен термекс бош эван дакор,Угол 90*50 Valtec (40/5),88.382,29.0,"{""КРД"": 9.0, ""Крым"": 20.0}",2026-05-15_13-05-59_unknown_supplier_12_05_бакси_иммергаз_аристон_дражице_навьен_термекс_бош_эван_дакор.xls,1732
ib,unknown supplier 12 05 бакси иммергаз аристон дражице навьен термекс бош эван дакор,Угол 90*63 Valtec (18/2),180.08100000000002,40.0,"{""Крым"": 40.0}",2026-05-15_13-05-59_unknown_supplier_12_05_бакси_иммергаз_аристон_дражице_навьен_термекс_бош_эван_дакор.xls,1733
ib,unknown supplier 12 05 бакси иммергаз аристон дражице навьен термекс бош эван дакор,Угол 90*75 Valtec (12/1),321.749,10.0,"{""Крым"": 10.0}",2026-05-15_13-05-59_unknown_supplier_12_05_бакси_иммергаз_аристон_дражице_навьен_термекс_бош_эван_дакор.xls,1734
ib,unknown supplier 12 05 бакси иммергаз аристон дражице навьен термекс бош эван дакор,Угол 90*90 Valtec (5/1),655.589,,{},2026-05-15_13-05-59_unknown_supplier_12_05_бакси_иммергаз_аристон_дражице_навьен_термекс_бош_эван_дакор.xls,1735
ib,unknown supplier 12 05 бакси иммергаз аристон дражице навьен термекс бош эван дакор,Угол 90*110 Valtec (4/1),480.21600000000007,23.0,"{""Крым"": 23.0}",2026-05-15_13-05-59_unknown_supplier_12_05_бакси_иммергаз_аристон_дражице_навьен_термекс_бош_эван_дакор.xls,1736
ib,unknown supplier 12 05 бакси иммергаз аристон дражице навьен термекс бош эван дакор,"Угол 90 с НГ 20х1/2"" из латуни Valtec (360/10)",135.89,65.0,"{""КРД"": 52.0, ""Крым"": 13.0}",2026-05-15_13-05-59_unknown_supplier_12_05_бакси_иммергаз_аристон_дражице_навьен_термекс_бош_эван_дакор.xls,1738
ib,unknown supplier 12 05 бакси иммергаз аристон дражице навьен термекс бош эван дакор,"Угол 90 с НГ 20х3/4"" из латуни Valtec (360/10)",185.752,337.0,"{""Крым"": 337.0}",2026-05-15_13-05-59_unknown_supplier_12_05_бакси_иммергаз_аристон_дражице_навьен_термекс_бош_эван_дакор.xls,1739
ib,unknown supplier 12 05 бакси иммергаз аристон дражице навьен термекс бош эван дакор,"Угол 90 с НГ 25х3/4"" из латуни Valtec (200/10)",178.797,276.0,"{""Крым"": 276.0}",2026-05-15_13-05-59_unknown_supplier_12_05_бакси_иммергаз_аристон_дражице_навьен_термекс_бош_эван_дакор.xls,1740
ib,unknown supplier 12 05 бакси иммергаз аристон дражице навьен термекс бош эван дакор,"Угол 90 с НГ 25х1"" из латуни Valtec (75/5)",271.78000000000003,5.0,"{""Крым"": 5.0}",2026-05-15_13-05-59_unknown_supplier_12_05_бакси_иммергаз_аристон_дражице_навьен_термекс_бош_эван_дакор.xls,1741
ib,unknown supplier 12 05 бакси иммергаз аристон дражице навьен термекс бош эван дакор,"Угол 90 МРВ 20х1/2"" Valtec (300/10)",84.74400000000001,129.0,"{""КРД"": 25.0, ""Крым"": 104.0}",2026-05-15_13-05-59_unknown_supplier_12_05_бакси_иммергаз_аристон_дражице_навьен_термекс_бош_эван_дакор.xls,1743
ib,unknown supplier 12 05 бакси иммергаз аристон дражице навьен термекс бош эван дакор,"Угол 90 МРВ 20х3/4"" Valtec (200/10)",128.935,157.0,"{""КРД"": 60.0, ""Крым"": 97.0}",2026-05-15_13-05-59_unknown_supplier_12_05_бакси_иммергаз_аристон_дражице_навьен_термекс_бош_эван_дакор.xls,1744
ib,unknown supplier 12 05 бакси иммергаз аристон дражице навьен термекс бош эван дакор,"Угол 90 МРВ 25х1/2"" Valtec (200/10)",104.753,249.0,"{""КРД"": 120.0, ""Крым"": 129.0}",2026-05-15_13-05-59_unknown_supplier_12_05_бакси_иммергаз_аристон_дражице_навьен_термекс_бош_эван_дакор.xls,1745
ib,unknown supplier 12 05 бакси иммергаз аристон дражице навьен термекс бош эван дакор,"Угол 90 МРВ 25х3/4"" Valtec (200/10)",145.19899999999998,286.0,"{""КРД"": 130.0, ""Крым"": 156.0}",2026-05-15_13-05-59_unknown_supplier_12_05_бакси_иммергаз_аристон_дражице_навьен_термекс_бош_эван_дакор.xls,1746
ib,unknown supplier 12 05 бакси иммергаз аристон дражице навьен термекс бош эван дакор,"Угол 90 МРВ 32х3/4"" Valtec (80/5)",207.473,43.0,"{""КРД"": 43.0}",2026-05-15_13-05-59_unknown_supplier_12_05_бакси_иммергаз_аристон_дражице_навьен_термекс_бош_эван_дакор.xls,1747
ib,unknown supplier 12 05 бакси иммергаз аристон дражице навьен термекс бош эван дакор,"Угол 90 МРВ 32х1"" Valtec (110/5)",254.339,46.0,"{""КРД"": 37.0, ""Крым"": 9.0}",2026-05-15_13-05-59_unknown_supplier_12_05_бакси_иммергаз_аристон_дражице_навьен_термекс_бош_эван_дакор.xls,1748
ib,unknown supplier 12 05 бакси иммергаз аристон дражице навьен термекс бош эван дакор,"Угол 90 МРВ 40х1"" Valtec",257.76300000000003,30.0,"{""КРД"": 5.0, ""Крым"": 25.0}",2026-05-15_13-05-59_unknown_supplier_12_05_бакси_иммергаз_аристон_дражице_навьен_термекс_бош_эван_дакор.xls,1749
ib,unknown supplier 12 05 бакси иммергаз аристон дражице навьен термекс бош эван дакор,"Угол 90 МРН 20х1/2"" Valtec (260/10)",124.655,100.0,"{""КРД"": 100.0}",2026-05-15_13-05-59_unknown_supplier_12_05_бакси_иммергаз_аристон_дражице_навьен_термекс_бош_эван_дакор.xls,1751
ib,unknown supplier 12 05 бакси иммергаз аристон дражице навьен термекс бош эван дакор,"Угол 90 МРН 20х3/4"" Valtec (190/10)",176.122,246.0,"{""КРД"": 70.0, ""Крым"": 176.0}",2026-05-15_13-05-59_unknown_supplier_12_05_бакси_иммергаз_аристон_дражице_навьен_термекс_бош_эван_дакор.xls,1752
ib,unknown supplier 12 05 бакси иммергаз аристон дражице навьен термекс бош эван дакор,"Угол 90 МРН 25х1/2"" Valtec (200/10)",124.227,50.0,"{""КРД"": 30.0, ""Крым"": 20.0}",2026-05-15_13-05-59_unknown_supplier_12_05_бакси_иммергаз_аристон_дражице_навьен_термекс_бош_эван_дакор.xls,1753
ib,unknown supplier 12 05 бакси иммергаз аристон дражице навьен термекс бош эван дакор,"Угол 90 МРН 25х3/4"" Valtec (160/10)",183.612,283.0,"{""КРД"": 153.0, ""Крым"": 130.0}",2026-05-15_13-05-59_unknown_supplier_12_05_бакси_иммергаз_аристон_дражице_навьен_термекс_бош_эван_дакор.xls,1754
ib,unknown supplier 12 05 бакси иммергаз аристон дражице навьен термекс бош эван дакор,"Угол 90 МРН 32х3/4"" Valtec (70/5)",245.886,6.0,"{""КРД"": 6.0}",2026-05-15_13-05-59_unknown_supplier_12_05_бакси_иммергаз_аристон_дражице_навьен_термекс_бош_эван_дакор.xls,1755
ib,unknown supplier 12 05 бакси иммергаз аристон дражице навьен термекс бош эван дакор,"Угол 90 МРН 32х1"" Valtec (100/5)",309.016,29.0,"{""КРД"": 18.0, ""Крым"": 11.0}",2026-05-15_13-05-59_unknown_supplier_12_05_бакси_иммергаз_аристон_дражице_навьен_термекс_бош_эван_дакор.xls,1756
ib,unknown supplier 12 05 бакси иммергаз аристон дражице навьен термекс бош эван дакор,"Угол 90 МРН 40х1"" Valtec ()",328.276,7.0,"{""КРД"": 5.0, ""Крым"": 2.0}",2026-05-15_13-05-59_unknown_supplier_12_05_бакси_иммергаз_аристон_дражице_навьен_термекс_бош_эван_дакор.xls,1757
ib,unknown supplier 12 05 бакси иммергаз аристон дражице навьен термекс бош эван дакор,Разъемное соединение 20 мм Valtec (140/10),199.234,69.0,"{""КРД"": 69.0}",2026-05-15_13-05-59_unknown_supplier_12_05_бакси_иммергаз_аристон_дражице_навьен_термекс_бош_эван_дакор.xls,1759
ib,unknown supplier 12 05 бакси иммергаз аристон дражице навьен термекс бош эван дакор,Разъемное соединение 25 мм Valtec (80/10),354.598,37.0,"{""КРД"": 37.0}",2026-05-15_13-05-59_unknown_supplier_12_05_бакси_иммергаз_аристон_дражице_навьен_термекс_бош_эван_дакор.xls,1760
ib,unknown supplier 12 05 бакси иммергаз аристон дражице навьен термекс бош эван дакор,Разъемное соединение 32 мм Valtec (55/5),462.561,15.0,"{""КРД"": 15.0}",2026-05-15_13-05-59_unknown_supplier_12_05_бакси_иммергаз_аристон_дражице_навьен_термекс_бош_эван_дакор.xls,1761
ib,unknown supplier 12 05 бакси иммергаз аристон дражице навьен термекс бош эван дакор,"ТРУБА армированная стекловолокном, PN 20, 20 х 2,8 мм (120) PP-FIBER VALTEC",58.743,1124.0,"{""КРД"": 202.0, ""Крым"": 922.0}",2026-05-15_13-05-59_unknown_supplier_12_05_бакси_иммергаз_аристон_дражице_навьен_термекс_бош_эван_дакор.xls,1763
ib,unknown supplier 12 05 бакси иммергаз аристон дражице навьен термекс бош эван дакор,"ТРУБА армированная стекловолокном, PN 20, 25 х 3,5 мм (80) PP-FIBER VALTEC",86.56300000000002,,{},2026-05-15_13-05-59_unknown_supplier_12_05_бакси_иммергаз_аристон_дражице_навьен_термекс_бош_эван_дакор.xls,1764
ib,unknown supplier 12 05 бакси иммергаз аристон дражице навьен термекс бош эван дакор,"ТРУБА армированная стекловолокном, PN 20, 32 х 4,4 мм (60) PP-FIBER VALTEC",144.55700000000002,250.0,"{""КРД"": 40.0, ""Крым"": 210.0}",2026-05-15_13-05-59_unknown_supplier_12_05_бакси_иммергаз_аристон_дражице_навьен_термекс_бош_эван_дакор.xls,1765
ib,unknown supplier 12 05 бакси иммергаз аристон дражице навьен термекс бош эван дакор,"ТРУБА армированная стекловолокном, PN 20, 40 х 5,5 мм (40) PP-FIBER VALTEC",289.54200000000003,68.0,"{""КРД"": 52.0, ""Крым"": 16.0}",2026-05-15_13-05-59_unknown_supplier_12_05_бакси_иммергаз_аристон_дражице_навьен_термекс_бош_эван_дакор.xls,1766
ib,unknown supplier 12 05 бакси иммергаз аристон дражице навьен термекс бош эван дакор,"ТРУБА армированная стекловолокном, PN 20, 50 х 6,9 мм (24) PP-FIBER VALTEC",510.39,90.0,"{""КРД"": 32.0, ""Крым"": 58.0}",2026-05-15_13-05-59_unknown_supplier_12_05_бакси_иммергаз_аристон_дражице_навьен_термекс_бош_эван_дакор.xls,1767
ib,unknown supplier 12 05 бакси иммергаз аристон дражице навьен термекс бош эван дакор,"ТРУБА армированная стекловолокном, PN 20, 63 х 8,6 мм (16) PP-FIBER VALTEC",813.8420000000001,196.0,"{""КРД"": 32.0, ""Крым"": 164.0}",2026-05-15_13-05-59_unknown_supplier_12_05_бакси_иммергаз_аристон_дражице_навьен_термекс_бош_эван_дакор.xls,1768
ib,unknown supplier 12 05 бакси иммергаз аристон дражице навьен термекс бош эван дакор,"ТРУБА армированная стекловолокном, PN 20, 75 х 10,3 мм (12) PP-FIBER VALTEC",743.2220000000001,54.0,"{""Крым"": 54.0}",2026-05-15_13-05-59_unknown_supplier_12_05_бакси_иммергаз_аристон_дражице_навьен_термекс_бош_эван_дакор.xls,1769
ib,unknown supplier 12 05 бакси иммергаз аристон дражице навьен термекс бош эван дакор,"ТРУБА армированная стекловолокном, PN 20, 110 х 15,1 мм (8) PP-FIBER VALTEC",1675.2990000000002,176.0,"{""КРД"": 60.0, ""Крым"": 116.0}",2026-05-15_13-05-59_unknown_supplier_12_05_бакси_иммергаз_аристон_дражице_навьен_термекс_бош_эван_дакор.xls,1770
ib,unknown supplier 12 05 бакси иммергаз аристон дражице навьен термекс бош эван дакор,Кран Вентиль прямоточный 20 мм Valtec (100/5),339.511,11.0,"{""КРД"": 10.0, ""Крым"": 1.0}",2026-05-15_13-05-59_unknown_supplier_12_05_бакси_иммергаз_аристон_дражице_навьен_термекс_бош_эван_дакор.xls,1772
ib,unknown supplier 12 05 бакси иммергаз аристон дражице навьен термекс бош эван дакор,Кран Вентиль прямоточный 32 мм Valtec (35/5),672.7090000000001,25.0,"{""КРД"": 3.0, ""Крым"": 22.0}",2026-05-15_13-05-59_unknown_supplier_12_05_бакси_иммергаз_аристон_дражице_навьен_термекс_бош_эван_дакор.xls,1773
ib,unknown supplier 12 05 бакси иммергаз аристон дражице навьен термекс бош эван дакор,Заглушка PPR 110мм Valtec (12/1),316.72,12.0,"{""КРД"": 2.0, ""Крым"": 10.0}",2026-05-15_13-05-59_unknown_supplier_12_05_бакси_иммергаз_аристон_дражице_навьен_термекс_бош_эван_дакор.xls,1775
ib,unknown supplier 12 05 бакси иммергаз аристон дражице навьен термекс бош эван дакор,Заглушка PPR 20мм Valtec (900/10),6.527,248.0,"{""КРД"": 178.0, ""Крым"": 70.0}",2026-05-15_13-05-59_unknown_supplier_12_05_бакси_иммергаз_аристон_дражице_навьен_термекс_бош_эван_дакор.xls,1776
ib,unknown supplier 12 05 бакси иммергаз аристон дражице навьен термекс бош эван дакор,Заглушка PPR 25мм Valtec (640/10),8.667,184.0,"{""КРД"": 144.0, ""Крым"": 40.0}",2026-05-15_13-05-59_unknown_supplier_12_05_бакси_иммергаз_аристон_дражице_навьен_термекс_бош_эван_дакор.xls,1777
ib,unknown supplier 12 05 бакси иммергаз аристон дражице навьен термекс бош эван дакор,Заглушка PPR 32мм Valtec (310/5),18.832000000000004,147.0,"{""КРД"": 88.0, ""Крым"": 59.0}",2026-05-15_13-05-59_unknown_supplier_12_05_бакси_иммергаз_аристон_дражице_навьен_термекс_бош_эван_дакор.xls,1778
ib,unknown supplier 12 05 бакси иммергаз аристон дражице навьен термекс бош эван дакор,Заглушка PPR 40мм Valtec (220/5),27.713,139.0,"{""КРД"": 30.0, ""Крым"": 109.0}",2026-05-15_13-05-59_unknown_supplier_12_05_бакси_иммергаз_аристон_дражице_навьен_термекс_бош_эван_дакор.xls,1779
ib,unknown supplier 12 05 бакси иммергаз аристон дражице навьен термекс бош эван дакор,Заглушка PPR 50мм Valtec (120/5),49.96900000000001,36.0,"{""КРД"": 5.0, ""Крым"": 31.0}",2026-05-15_13-05-59_unknown_supplier_12_05_бакси_иммергаз_аристон_дражице_навьен_термекс_бош_эван_дакор.xls,1780
ib,unknown supplier 12 05 бакси иммергаз аристон дражице навьен термекс бош эван дакор,Заглушка PPR 63мм Valtec (60/2),95.551,43.0,"{""КРД"": 8.0, ""Крым"": 35.0}",2026-05-15_13-05-59_unknown_supplier_12_05_бакси_иммергаз_аристон_дражице_навьен_термекс_бош_эван_дакор.xls,1781
ib,unknown supplier 12 05 бакси иммергаз аристон дражице навьен термекс бош эван дакор,Клапан обратный PPR 20мм Valtec (180/5),192.172,1.0,"{""КРД"": 1.0}",2026-05-15_13-05-59_unknown_supplier_12_05_бакси_иммергаз_аристон_дражице_навьен_термекс_бош_эван_дакор.xls,1783
ib,unknown supplier 12 05 бакси иммергаз аристон дражице навьен термекс бош эван дакор,Клапан обратный PPR 25мм Valtec (90/5),231.97600000000003,4.0,"{""КРД"": 4.0}",2026-05-15_13-05-59_unknown_supplier_12_05_бакси_иммергаз_аристон_дражице_навьен_термекс_бош_эван_дакор.xls,1784
ib,unknown supplier 12 05 бакси иммергаз аристон дражице навьен термекс бош эван дакор,Клапан обратный PPR 32мм Valtec (70/5),405.316,3.0,"{""КРД"": 3.0}",2026-05-15_13-05-59_unknown_supplier_12_05_бакси_иммергаз_аристон_дражице_навьен_термекс_бош_эван_дакор.xls,1785
ib,unknown supplier 12 05 бакси иммергаз аристон дражице навьен термекс бош эван дакор,Компенсатор PPR 25мм Valtec (10/),132.573,5.0,"{""КРД"": 4.0, ""Крым"": 1.0}",2026-05-15_13-05-59_unknown_supplier_12_05_бакси_иммергаз_аристон_дражице_навьен_термекс_бош_эван_дакор.xls,1787
ib,unknown supplier 12 05 бакси иммергаз аристон дражице навьен термекс бош эван дакор,Компенсатор PPR 32мм Valtec (5/),286.118,8.0,"{""КРД"": 2.0, ""Крым"": 6.0}",2026-05-15_13-05-59_unknown_supplier_12_05_бакси_иммергаз_аристон_дражице_навьен_термекс_бош_эван_дакор.xls,1788
ib,unknown supplier 12 05 бакси иммергаз аристон дражице навьен термекс бош эван дакор,Компенсатор PPR 40мм Valtec (5/1),434.741,6.0,"{""КРД"": 1.0, ""Крым"": 5.0}",2026-05-15_13-05-59_unknown_supplier_12_05_бакси_иммергаз_аристон_дражице_навьен_термекс_бош_эван_дакор.xls,1789
ib,unknown supplier 12 05 бакси иммергаз аристон дражице навьен термекс бош эван дакор,"Комплект длинных пробок с резьбой 1/2"" (красная + синяя) Valtec (125/1)",30.495,223.0,"{""КРД"": 4.0, ""Крым"": 219.0}",2026-05-15_13-05-59_unknown_supplier_12_05_бакси_иммергаз_аристон_дражице_навьен_термекс_бош_эван_дакор.xls,1791
ib,unknown supplier 12 05 бакси иммергаз аристон дражице навьен термекс бош эван дакор,Крестовина PPR 20мм Valtec (200/10),18.832000000000004,25.0,"{""КРД"": 5.0, ""Крым"": 20.0}",2026-05-15_13-05-59_unknown_supplier_12_05_бакси_иммергаз_аристон_дражице_навьен_термекс_бош_эван_дакор.xls,1793
ib,unknown supplier 12 05 бакси иммергаз аристон дражице навьен термекс бош эван дакор,Крестовина PPR 25мм Valtec (160/10),27.606,49.0,"{""КРД"": 10.0, ""Крым"": 39.0}",2026-05-15_13-05-59_unknown_supplier_12_05_бакси_иммергаз_аристон_дражице_навьен_термекс_бош_эван_дакор.xls,1794
ib,unknown supplier 12 05 бакси иммергаз аристон дражице навьен термекс бош эван дакор,Крестовина PPR 32мм Valtec (75/5),48.257000000000005,36.0,"{""КРД"": 2.0, ""Крым"": 34.0}",2026-05-15_13-05-59_unknown_supplier_12_05_бакси_иммергаз_аристон_дражице_навьен_термекс_бош_эван_дакор.xls,1795
ib,unknown supplier 12 05 бакси иммергаз аристон дражице навьен термекс бош эван дакор,Крестовина PPR 40мм Valtec (45/5),90.308,6.0,"{""Крым"": 6.0}",2026-05-15_13-05-59_unknown_supplier_12_05_бакси_иммергаз_аристон_дражице_навьен_термекс_бош_эван_дакор.xls,1796
ib,unknown supplier 12 05 бакси иммергаз аристон дражице навьен термекс бош эван дакор,Крестовина PPR 50мм Valtec (20/5),152.26100000000002,10.0,"{""Крым"": 10.0}",2026-05-15_13-05-59_unknown_supplier_12_05_бакси_иммергаз_аристон_дражице_навьен_термекс_бош_эван_дакор.xls,1797
ib,unknown supplier 12 05 бакси иммергаз аристон дражице навьен термекс бош эван дакор,Крестовина PPR двухплоскостная 20мм Valtec (220/10),20.544,10.0,"{""Крым"": 10.0}",2026-05-15_13-05-59_unknown_supplier_12_05_бакси_иммергаз_аристон_дражице_навьен_термекс_бош_эван_дакор.xls,1798
ib,unknown supplier 12 05 бакси иммергаз аристон дражице навьен термекс бош эван дакор,Крестовина PPR двухплоскостная 25мм Valtec (140/10),30.923,7.0,"{""Крым"": 7.0}",2026-05-15_13-05-59_unknown_supplier_12_05_бакси_иммергаз_аристон_дражице_навьен_термекс_бош_эван_дакор.xls,1799
ib,unknown supplier 12 05 бакси иммергаз аристон дражице навьен термекс бош эван дакор,Крестовина PPR двухплоскостная 32мм Valtec (70/5),40.874,10.0,"{""Крым"": 10.0}",2026-05-15_13-05-59_unknown_supplier_12_05_бакси_иммергаз_аристон_дражице_навьен_термекс_бош_эван_дакор.xls,1800
ib,unknown supplier 12 05 бакси иммергаз аристон дражице навьен термекс бош эван дакор,Обвод PPR 20мм Valtec (130/10),26.322000000000003,9.0,"{""КРД"": 9.0}",2026-05-15_13-05-59_unknown_supplier_12_05_бакси_иммергаз_аристон_дражице_навьен_термекс_бош_эван_дакор.xls,1802
ib,unknown supplier 12 05 бакси иммергаз аристон дражице навьен термекс бош эван дакор,Обвод PPR 25мм Valtec (90/10),36.487,36.0,"{""КРД"": 6.0, ""Крым"": 30.0}",2026-05-15_13-05-59_unknown_supplier_12_05_бакси_иммергаз_аристон_дражице_навьен_термекс_бош_эван_дакор.xls,1803
ib,unknown supplier 12 05 бакси иммергаз аристон дражице навьен термекс бош эван дакор,Обвод PPR 32мм Valtec (45/5),87.95400000000001,22.0,"{""Крым"": 22.0}",2026-05-15_13-05-59_unknown_supplier_12_05_бакси_иммергаз_аристон_дражице_навьен_термекс_бош_эван_дакор.xls,1804
ib,unknown supplier 12 05 бакси иммергаз аристон дражице навьен термекс бош эван дакор,Обвод PPR 40мм Valtec (25/5),168.204,18.0,"{""Крым"": 18.0}",2026-05-15_13-05-59_unknown_supplier_12_05_бакси_иммергаз_аристон_дражице_навьен_термекс_бош_эван_дакор.xls,1805
ib,unknown supplier 12 05 бакси иммергаз аристон дражице навьен термекс бош эван дакор,"Пробка PPR с резьбой 1"" Valtec",25.787000000000003,30.0,"{""КРД"": 10.0, ""Крым"": 20.0}",2026-05-15_13-05-59_unknown_supplier_12_05_бакси_иммергаз_аристон_дражице_навьен_термекс_бош_эван_дакор.xls,1807
ib,unknown supplier 12 05 бакси иммергаз аристон дражице навьен термекс бош эван дакор,"ТРУБА армированная стекловолокном, PN 25, 20 х 3,4 мм (120) PP-FIBER VALTEC",68.587,120.0,"{""КРД"": 120.0}",2026-05-15_13-05-59_unknown_supplier_12_05_бакси_иммергаз_аристон_дражице_навьен_термекс_бош_эван_дакор.xls,1809
ib,unknown supplier 12 05 бакси иммергаз аристон дражице навьен термекс бош эван дакор,"ПН 20 *20 х 3,4 мм (120) Valtec",63.13,64.0,"{""КРД"": 64.0}",2026-05-15_13-05-59_unknown_supplier_12_05_бакси_иммергаз_аристон_дражице_навьен_термекс_бош_эван_дакор.xls,1811
ib,unknown supplier 12 05 бакси иммергаз аристон дражице навьен термекс бош эван дакор,"ПН 20 *25 х 4,2 мм (80) Valtec",98.547,142.0,"{""КРД"": 142.0}",2026-05-15_13-05-59_unknown_supplier_12_05_бакси_иммергаз_аристон_дражице_навьен_термекс_бош_эван_дакор.xls,1812
ib,unknown supplier 12 05 бакси иммергаз аристон дражице навьен термекс бош эван дакор,"ПН 20 *32 х 5,4 мм (60) Valtec",174.2709,292.0,"{""КРД"": 290.0, ""Крым"": 2.0}",2026-05-15_13-05-59_unknown_supplier_12_05_бакси_иммергаз_аристон_дражице_навьен_термекс_бош_эван_дакор.xls,1813
ib,unknown supplier 12 05 бакси иммергаз аристон дражице навьен термекс бош эван дакор,"ПН 20 *40 х 6,7 мм (40) Valtec",244.495,136.0,"{""Крым"": 136.0}",2026-05-15_13-05-59_unknown_supplier_12_05_бакси_иммергаз_аристон_дражице_навьен_термекс_бош_эван_дакор.xls,1814
ib,unknown supplier 12 05 бакси иммергаз аристон дражице навьен термекс бош эван дакор,"ПН 20 *50 х 8,3 мм (24) Valtec",497.871,174.0,"{""КРД"": 48.0, ""Крым"": 126.0}",2026-05-15_13-05-59_unknown_supplier_12_05_бакси_иммергаз_аристон_дражице_навьен_термекс_бош_эван_дакор.xls,1815
ib,unknown supplier 12 05 бакси иммергаз аристон дражице навьен термекс бош эван дакор,"ПН 20 *63 х 10,5 мм (16) Valtec",672.7090000000001,74.0,"{""КРД"": 16.0, ""Крым"": 58.0}",2026-05-15_13-05-59_unknown_supplier_12_05_бакси_иммергаз_аристон_дражице_навьен_термекс_бош_эван_дакор.xls,1816
ib,unknown supplier 12 05 бакси иммергаз аристон дражице навьен термекс бош эван дакор,"ПН 20 *90 х 15,0 мм (8) Valtec",2207.945,28.0,"{""Крым"": 28.0}",2026-05-15_13-05-59_unknown_supplier_12_05_бакси_иммергаз_аристон_дражице_навьен_термекс_бош_эван_дакор.xls,1817
ib,unknown supplier 12 05 бакси иммергаз аристон дражице навьен термекс бош эван дакор,Фильтр PPR вн/вн 20мм Valtec (150/10),163.068,75.0,"{""КРД"": 8.0, ""Крым"": 67.0}",2026-05-15_13-05-59_unknown_supplier_12_05_бакси_иммергаз_аристон_дражице_навьен_термекс_бош_эван_дакор.xls,1819
ib,unknown supplier 12 05 бакси иммергаз аристон дражице навьен термекс бош эван дакор,Фильтр PPR вн/вн 25мм Valtec (100/10),222.56,1.0,"{""КРД"": 1.0}",2026-05-15_13-05-59_unknown_supplier_12_05_бакси_иммергаз_аристон_дражице_навьен_термекс_бош_эван_дакор.xls,1820
ib,unknown supplier 12 05 бакси иммергаз аристон дражице навьен термекс бош эван дакор,Фильтр PPR вн/вн 32мм Valtec (60/5),364.549,2.0,"{""КРД"": 2.0}",2026-05-15_13-05-59_unknown_supplier_12_05_бакси_иммергаз_аристон_дражице_навьен_термекс_бош_эван_дакор.xls,1821
yulas,unknown supplier праи с юлас 12 05,Автоматика 630 Sit АТЕМ,5350.0,110.0,"{""Остаток"": 110.0}",2026-05-15_13-06-12_unknown_supplier_праи_с_юлас_12_05.xls,2
yulas,unknown supplier праи с юлас 12 05,Автоматика TGV-307 Китай,2700.0,,{},2026-05-15_13-06-12_unknown_supplier_праи_с_юлас_12_05.xls,3
yulas,unknown supplier праи с юлас 12 05,"ГГУ Комфорт щиток 15*20см авт.TGV-307 12,5кВт горелка-21см",5400.0,37.0,"{""Остаток"": 37.0}",2026-05-15_13-06-12_unknown_supplier_праи_с_юлас_12_05.xls,4
yulas,unknown supplier праи с юлас 12 05,ГГУ Пламя щиток 24*24см авт.TGV-307 15кВт горелка-25см,5400.0,20.0,"{""Остаток"": 20.0}",2026-05-15_13-06-12_unknown_supplier_праи_с_юлас_12_05.xls,5
yulas,unknown supplier праи с юлас 12 05,ГГУ Пламя щиток 24*24см авт.TGV-307 19кВт горелка-27см,5400.0,21.0,"{""Остаток"": 21.0}",2026-05-15_13-06-12_unknown_supplier_праи_с_юлас_12_05.xls,6
yulas,unknown supplier праи с юлас 12 05,ГГУ Пламя щиток 24*24см авт.TGV-307 23кВт горелка-27см,5400.0,6.0,"{""Остаток"": 6.0}",2026-05-15_13-06-12_unknown_supplier_праи_с_юлас_12_05.xls,7
yulas,unknown supplier праи с юлас 12 05,"ГГУ АГУК щиток 30*24см авт.TGV-307 12,5кВт горелка-27см",5400.0,27.0,"{""Остаток"": 27.0}",2026-05-15_13-06-12_unknown_supplier_праи_с_юлас_12_05.xls,8
yulas,unknown supplier праи с юлас 12 05,ГГУ АГУК щиток 30*24см авт.TGV-307 15кВт горелка-25см,5400.0,34.0,"{""Остаток"": 34.0}",2026-05-15_13-06-12_unknown_supplier_праи_с_юлас_12_05.xls,9
yulas,unknown supplier праи с юлас 12 05,ГГУ АГУК щиток 30*24см авт.TGV-307 19кВт горелка-27см,5400.0,60.0,"{""Остаток"": 60.0}",2026-05-15_13-06-12_unknown_supplier_праи_с_юлас_12_05.xls,10
yulas,unknown supplier праи с юлас 12 05,ГГУ АГУК щиток 30*24см авт.TGV-307 23кВт горелка-27см,5400.0,25.0,"{""Остаток"": 25.0}",2026-05-15_13-06-12_unknown_supplier_праи_с_юлас_12_05.xls,11
yulas,unknown supplier праи с юлас 12 05,BALLU Eco Smart DC BSY-08HN8_V4 инвертор сплит-система Midea,23350.0,,{},2026-05-15_13-06-12_unknown_supplier_праи_с_юлас_12_05.xls,14
yulas,unknown supplier праи с юлас 12 05,BALLU Eco Smart DC BSY-10HN8_V4 инвертор сплит-система Midea,25900.0,,{},2026-05-15_13-06-12_unknown_supplier_праи_с_юлас_12_05.xls,15
yulas,unknown supplier праи с юлас 12 05,BALLU Eco Smart DC BSY-12HN8_V4 инвертор сплит-система Midea,31650.0,1.0,"{""Остаток"": 1.0}",2026-05-15_13-06-12_unknown_supplier_праи_с_юлас_12_05.xls,16
yulas,unknown supplier праи с юлас 12 05,BALLU Olympio Edge BSO-07HN8 сплит-система Midea,16750.0,78.0,"{""Остаток"": 78.0}",2026-05-15_13-06-12_unknown_supplier_праи_с_юлас_12_05.xls,17
yulas,unknown supplier праи с юлас 12 05,BALLU Olympio Edge BSO-09HN8 сплит-система Midea,18900.0,125.0,"{""Остаток"": 125.0}",2026-05-15_13-06-12_unknown_supplier_праи_с_юлас_12_05.xls,18
yulas,unknown supplier праи с юлас 12 05,BALLU Olympio Edge BSO-12HN8 сплит-система Midea,26100.0,73.0,"{""Остаток"": 73.0}",2026-05-15_13-06-12_unknown_supplier_праи_с_юлас_12_05.xls,19
yulas,unknown supplier праи с юлас 12 05,BALLU Olympio Edge BSO-18HN8 сплит-система Midea,45250.0,,{},2026-05-15_13-06-12_unknown_supplier_праи_с_юлас_12_05.xls,20
yulas,unknown supplier праи с юлас 12 05,BALLU Olympio Edge BSO-24HN8 сплит-система Midea,56900.0,,{},2026-05-15_13-06-12_unknown_supplier_праи_с_юлас_12_05.xls,21
yulas,unknown supplier праи с юлас 12 05,BALLU Olympio Legend BSW-07HN1 NEW сплит-система AUX,18700.0,,{},2026-05-15_13-06-12_unknown_supplier_праи_с_юлас_12_05.xls,22
yulas,unknown supplier праи с юлас 12 05,BALLU Olympio Legend BSW-09HN1 NEW сплит-система AUX,20550.0,,{},2026-05-15_13-06-12_unknown_supplier_праи_с_юлас_12_05.xls,23
yulas,unknown supplier праи с юлас 12 05,BALLU Olympio Legend BSW-12HN1 NEW сплит-система AUX,28200.0,,{},2026-05-15_13-06-12_unknown_supplier_праи_с_юлас_12_05.xls,24
yulas,unknown supplier праи с юлас 12 05,BALLU Olympio Legend BSW-18HN1 NEW сплит-система AUX,45650.0,,{},2026-05-15_13-06-12_unknown_supplier_праи_с_юлас_12_05.xls,25
yulas,unknown supplier праи с юлас 12 05,BALLU Olympio Legend BSW-24HN1 NEW сплит-система AUX,56600.0,,{},2026-05-15_13-06-12_unknown_supplier_праи_с_юлас_12_05.xls,26
yulas,unknown supplier праи с юлас 12 05,BALLU Olympio Legend BSW-30HN1 NEW сплит-система AUX,69700.0,,{},2026-05-15_13-06-12_unknown_supplier_праи_с_юлас_12_05.xls,27
yulas,unknown supplier праи с юлас 12 05,Бирюса сплит-система Classic B-07CPR/B-07CPQ Midea,15850.0,,{},2026-05-15_13-06-12_unknown_supplier_праи_с_юлас_12_05.xls,29
yulas,unknown supplier праи с юлас 12 05,Бирюса сплит-система Classic B-09CPR/B-09CPQ Midea,17550.0,,{},2026-05-15_13-06-12_unknown_supplier_праи_с_юлас_12_05.xls,30
yulas,unknown supplier праи с юлас 12 05,Бирюса сплит-система Classic B-12CPR/B-12CPQ Midea,22550.0,,{},2026-05-15_13-06-12_unknown_supplier_праи_с_юлас_12_05.xls,31
yulas,unknown supplier праи с юлас 12 05,Бирюса сплит-система Energy B-07EPR/B-07EPQ Midea,19800.0,2.0,"{""Остаток"": 2.0}",2026-05-15_13-06-12_unknown_supplier_праи_с_юлас_12_05.xls,32
yulas,unknown supplier праи с юлас 12 05,Бирюса сплит-система Energy B-09EPR/B-09EPQ Midea,18200.0,,{},2026-05-15_13-06-12_unknown_supplier_праи_с_юлас_12_05.xls,33
yulas,unknown supplier праи с юлас 12 05,Бирюса сплит-система Energy B-12EPR/B-12EPQ Midea,24600.0,,{},2026-05-15_13-06-12_unknown_supplier_праи_с_юлас_12_05.xls,34
yulas,unknown supplier праи с юлас 12 05,Бирюса сплит-система Energy B-18EPR/B-18EPQ Midea,39900.0,,{},2026-05-15_13-06-12_unknown_supplier_праи_с_юлас_12_05.xls,35
yulas,unknown supplier праи с юлас 12 05,Бирюса сплит-система Energy Inverter7 Midea,21850.0,,{},2026-05-15_13-06-12_unknown_supplier_праи_с_юлас_12_05.xls,36
yulas,unknown supplier праи с юлас 12 05,Бирюса сплит-система Fortuna B-18FPR/B-18FPQ AUX,32000.0,,{},2026-05-15_13-06-12_unknown_supplier_праи_с_юлас_12_05.xls,37
yulas,unknown supplier праи с юлас 12 05,Бирюса сплит-система Fortuna B-24FPR/B-24FPQ AUX,38200.0,,{},2026-05-15_13-06-12_unknown_supplier_праи_с_юлас_12_05.xls,38
yulas,unknown supplier праи с юлас 12 05,Бирюса сплит-система Safari B-07SPR/B-07SPQ Midea,20300.0,22.0,"{""Остаток"": 22.0}",2026-05-15_13-06-12_unknown_supplier_праи_с_юлас_12_05.xls,39
yulas,unknown supplier праи с юлас 12 05,Бирюса сплит-система Safari B-09SPR/B-09SPQ Midea,23800.0,,{},2026-05-15_13-06-12_unknown_supplier_праи_с_юлас_12_05.xls,40
yulas,unknown supplier праи с юлас 12 05,Бирюса сплит-система Safari B-12SPR/B-12SPQ Midea,29200.0,31.0,"{""Остаток"": 31.0}",2026-05-15_13-06-12_unknown_supplier_праи_с_юлас_12_05.xls,41
yulas,unknown supplier праи с юлас 12 05,Бирюса сплит-система Safari B-18SPR/B-18SPQ Midea,49600.0,,{},2026-05-15_13-06-12_unknown_supplier_праи_с_юлас_12_05.xls,42
yulas,unknown supplier праи с юлас 12 05,Бирюса сплит-система Safari B-24SPR/B-24SPQ Midea,62000.0,,{},2026-05-15_13-06-12_unknown_supplier_праи_с_юлас_12_05.xls,43
yulas,unknown supplier праи с юлас 12 05,"Комплект кронштейнов (2 шт) на сплит-систему 425*430, Т=1,5мм",400.0,,{},2026-05-15_13-06-12_unknown_supplier_праи_с_юлас_12_05.xls,44
yulas,unknown supplier праи с юлас 12 05,Мороз. ларь KRAFT ВD (W)-202 QX 175л.,17800.0,1.0,"{""Остаток"": 1.0}",2026-05-15_13-06-12_unknown_supplier_праи_с_юлас_12_05.xls,45
yulas,unknown supplier праи с юлас 12 05,"CIARKO 50 (беж) фильтр""У"" 50*60 3-х скор. сетка кнопка",3200.0,,{},2026-05-15_13-06-12_unknown_supplier_праи_с_юлас_12_05.xls,48
yulas,unknown supplier праи с юлас 12 05,"CIARKO 50 (белая) фильтр""У"" 50*60 3-х скор. сетка кнопка",3200.0,,{},2026-05-15_13-06-12_unknown_supplier_праи_с_юлас_12_05.xls,49
yulas,unknown supplier праи с юлас 12 05,"CIARKO 50 (кор.) фильтр""У"" 50*60 3-х скор. сетка кнопка",3200.0,,{},2026-05-15_13-06-12_unknown_supplier_праи_с_юлас_12_05.xls,50
yulas,unknown supplier праи с юлас 12 05,"CIARKO 50 (нерж.) фильтр""У"" 50*60 3-х скор. сетка кнопка",3500.0,,{},2026-05-15_13-06-12_unknown_supplier_праи_с_юлас_12_05.xls,51
yulas,unknown supplier праи с юлас 12 05,"CIARKO 60 (беж) фильтр""У"" 60*60 3-х скор. сетка кнопка",3200.0,,{},2026-05-15_13-06-12_unknown_supplier_праи_с_юлас_12_05.xls,52
yulas,unknown supplier праи с юлас 12 05,"CIARKO 60 (белая) фильтр""У"" 60*60 3-х скор. сетка кнопка",3200.0,1.0,"{""Остаток"": 1.0}",2026-05-15_13-06-12_unknown_supplier_праи_с_юлас_12_05.xls,53
yulas,unknown supplier праи с юлас 12 05,"CIARKO 60 (кор.) фильтр""У"" 60*60 3-х скор. сетка кнопка",3200.0,,{},2026-05-15_13-06-12_unknown_supplier_праи_с_юлас_12_05.xls,54
yulas,unknown supplier праи с юлас 12 05,"CIARKO 60 (нерж.) фильтр""У"" 60*60 3-х скор. сетка кнопка",3500.0,,{},2026-05-15_13-06-12_unknown_supplier_праи_с_юлас_12_05.xls,55
yulas,unknown supplier праи с юлас 12 05,Труба - 100 (беж) квадрат.для CIARKO,120.0,,{},2026-05-15_13-06-12_unknown_supplier_праи_с_юлас_12_05.xls,56
yulas,unknown supplier праи с юлас 12 05,Труба - 100 (белая) квадрат.для CIARKO,120.0,270.0,"{""Остаток"": 270.0}",2026-05-15_13-06-12_unknown_supplier_праи_с_юлас_12_05.xls,57
yulas,unknown supplier праи с юлас 12 05,Труба - 100 (кор.)квадрат.для CIARKO,120.0,14.0,"{""Остаток"": 14.0}",2026-05-15_13-06-12_unknown_supplier_праи_с_юлас_12_05.xls,58
yulas,unknown supplier праи с юлас 12 05,УГОЛОК - 100 (беж) квадрат.для CIARKO,120.0,,{},2026-05-15_13-06-12_unknown_supplier_праи_с_юлас_12_05.xls,59
yulas,unknown supplier праи с юлас 12 05,УГОЛОК - 100 (белый) квадрат.для CIARKO,120.0,,{},2026-05-15_13-06-12_unknown_supplier_праи_с_юлас_12_05.xls,60
yulas,unknown supplier праи с юлас 12 05,УГОЛОК - 100 (кор.) квадрат.для CIARKO,120.0,37.0,"{""Остаток"": 37.0}",2026-05-15_13-06-12_unknown_supplier_праи_с_юлас_12_05.xls,61
yulas,unknown supplier праи с юлас 12 05,"GEFEST ВВ 1 белый 60 воздухочиститель, вытяжка,два режима вентилятора, освещение",4250.0,9.0,"{""Остаток"": 9.0}",2026-05-15_13-06-12_unknown_supplier_праи_с_юлас_12_05.xls,63
yulas,unknown supplier праи с юлас 12 05,"GEFEST ВВ 1 К17 кор.60 воздухочиститель, вытяжка,два режима вентилятора, освещение",4250.0,9.0,"{""Остаток"": 9.0}",2026-05-15_13-06-12_unknown_supplier_праи_с_юлас_12_05.xls,64
yulas,unknown supplier праи с юлас 12 05,"GEFEST ВВ 2 белый 50 воздухочиститель, вытяжка,два режима вентилятора, освещение",4250.0,5.0,"{""Остаток"": 5.0}",2026-05-15_13-06-12_unknown_supplier_праи_с_юлас_12_05.xls,65
yulas,unknown supplier праи с юлас 12 05,"GEFEST ВВ 2 К17 кор. 50 воздухочиститель, вытяжка,два режима вентилятора, освещение",4250.0,5.0,"{""Остаток"": 5.0}",2026-05-15_13-06-12_unknown_supplier_праи_с_юлас_12_05.xls,66
yulas,unknown supplier праи с юлас 12 05,GEFEST ВО 10 К44 воздухочиститель 60*46 металлик 3-х скор.300куб/ч,6900.0,2.0,"{""Остаток"": 2.0}",2026-05-15_13-06-12_unknown_supplier_праи_с_юлас_12_05.xls,67
yulas,unknown supplier праи с юлас 12 05,GEFEST ВО 10 К45 воздухочиститель 60*46 белый 3-х скор.300куб/ч,6650.0,3.0,"{""Остаток"": 3.0}",2026-05-15_13-06-12_unknown_supplier_праи_с_юлас_12_05.xls,68
yulas,unknown supplier праи с юлас 12 05,GEFEST ВО 10 К47 воздухочиститель 60*46 коричн.3-х скор.300куб/ч,6650.0,1.0,"{""Остаток"": 1.0}",2026-05-15_13-06-12_unknown_supplier_праи_с_юлас_12_05.xls,69
yulas,unknown supplier праи с юлас 12 05,GEFEST ВО 11 К45 воздухочиститель 50*46 белый 3-х скор.300куб/ч,6650.0,4.0,"{""Остаток"": 4.0}",2026-05-15_13-06-12_unknown_supplier_праи_с_юлас_12_05.xls,70
yulas,unknown supplier праи с юлас 12 05,GEFEST ВО 11 К47 воздухочиститель 50*46 коричн.3-х скор.300куб/ч,6650.0,2.0,"{""Остаток"": 2.0}",2026-05-15_13-06-12_unknown_supplier_праи_с_юлас_12_05.xls,71
yulas,unknown supplier праи с юлас 12 05,GEFEST ВО 1502 воздухочиститель прямоуг.50*50 белый 3-х скор.600куб/ч,7600.0,2.0,"{""Остаток"": 2.0}",2026-05-15_13-06-12_unknown_supplier_праи_с_юлас_12_05.xls,72
yulas,unknown supplier праи с юлас 12 05,GEFEST ВО 1502К17 воздухочиститель прямоуг.50*49 кор. 3-х скор.600куб/ч,7600.0,2.0,"{""Остаток"": 2.0}",2026-05-15_13-06-12_unknown_supplier_праи_с_юлас_12_05.xls,73
yulas,unknown supplier праи с юлас 12 05,GEFEST ВО 1502К30 воздухочиститель прямоуг.50*49 3-х скор.600куб/ч,9850.0,,{},2026-05-15_13-06-12_unknown_supplier_праи_с_юлас_12_05.xls,74
yulas,unknown supplier праи с юлас 12 05,GEFEST ВО 1503 К62 воздухочиститель белый классик круглый 50*50 3-х скор.1000куб/ч,14000.0,,{},2026-05-15_13-06-12_unknown_supplier_праи_с_юлас_12_05.xls,75
yulas,unknown supplier праи с юлас 12 05,GEFEST ВО 1503 К73 воздухочиститель черн.классик. круглый 50*50 3-х скор.1000куб/ч,14000.0,,{},2026-05-15_13-06-12_unknown_supplier_праи_с_юлас_12_05.xls,76
yulas,unknown supplier праи с юлас 12 05,GEFEST ВО 1602 воздухочиститель прямоуг. 60*49 белый 3-х скор.600куб/ч,8200.0,,{},2026-05-15_13-06-12_unknown_supplier_праи_с_юлас_12_05.xls,77
yulas,unknown supplier праи с юлас 12 05,GEFEST ВО 1602К17 воздухочиститель прямоуг. 60*49 коричневый 3-х скор.600куб/ч,8200.0,2.0,"{""Остаток"": 2.0}",2026-05-15_13-06-12_unknown_supplier_праи_с_юлас_12_05.xls,78
yulas,unknown supplier праи с юлас 12 05,GEFEST ВО 1603 К21 воздухочиститель круглый 60*49 черный 3-х скор.1000куб/ч,13700.0,,{},2026-05-15_13-06-12_unknown_supplier_праи_с_юлас_12_05.xls,79
yulas,unknown supplier праи с юлас 12 05,GEFEST ВО 1604 К54 воздухочиститель кремовый классик 60*50 3-х скор.1000куб/ч,14500.0,1.0,"{""Остаток"": 1.0}",2026-05-15_13-06-12_unknown_supplier_праи_с_юлас_12_05.xls,80
yulas,unknown supplier праи с юлас 12 05,GEFEST ВО 1604 К82 воздухочиститель белый классик 60*50 3-х скор.1000куб/ч,14300.0,2.0,"{""Остаток"": 2.0}",2026-05-15_13-06-12_unknown_supplier_праи_с_юлас_12_05.xls,81
yulas,unknown supplier праи с юлас 12 05,GEFEST ВО 1604 К83 воздухочиститель черн.классик 60*50 3-х скор.1000куб/ч,14300.0,2.0,"{""Остаток"": 2.0}",2026-05-15_13-06-12_unknown_supplier_праи_с_юлас_12_05.xls,82
yulas,unknown supplier праи с юлас 12 05,GEFEST ВО 1604-А белый воздухочиститель классик 60*50 3-х скор.1000куб/ч,15250.0,1.0,"{""Остаток"": 1.0}",2026-05-15_13-06-12_unknown_supplier_праи_с_юлас_12_05.xls,83
yulas,unknown supplier праи с юлас 12 05,GEFEST ВО 1604-А81 кремовый воздухочиститель классик 60*50 3-х скор.1000куб/ч,15500.0,1.0,"{""Остаток"": 1.0}",2026-05-15_13-06-12_unknown_supplier_праи_с_юлас_12_05.xls,84
yulas,unknown supplier праи с юлас 12 05,GEFEST ВО 2501 воздухочиститель 50*50 белый 3-х скор.300куб/ч,5600.0,4.0,"{""Остаток"": 4.0}",2026-05-15_13-06-12_unknown_supplier_праи_с_юлас_12_05.xls,85
yulas,unknown supplier праи с юлас 12 05,GEFEST ВО 2501 К41 черный воздухочиститель 50*50 3-х скор.300куб/ч,5600.0,4.0,"{""Остаток"": 4.0}",2026-05-15_13-06-12_unknown_supplier_праи_с_юлас_12_05.xls,86
yulas,unknown supplier праи с юлас 12 05,GEFEST ВО 2501 К47 воздухочиститель 50*50 коричн.3-х скор.300куб/ч,5600.0,1.0,"{""Остаток"": 1.0}",2026-05-15_13-06-12_unknown_supplier_праи_с_юлас_12_05.xls,87
yulas,unknown supplier праи с юлас 12 05,GEFEST ВО 2501 К54 крем.воздухочиститель 50*50 3-х скор.300куб/ч,5600.0,1.0,"{""Остаток"": 1.0}",2026-05-15_13-06-12_unknown_supplier_праи_с_юлас_12_05.xls,88
yulas,unknown supplier праи с юлас 12 05,GEFEST ВО 2601 воздухочиститель 60*50 белый 3-х скор.300куб/ч,5600.0,,{},2026-05-15_13-06-12_unknown_supplier_праи_с_юлас_12_05.xls,89
yulas,unknown supplier праи с юлас 12 05,GEFEST ВО 2601 К41 черный воздухочиститель 60*50 3-х скор.300куб/ч,5600.0,3.0,"{""Остаток"": 3.0}",2026-05-15_13-06-12_unknown_supplier_праи_с_юлас_12_05.xls,90
yulas,unknown supplier праи с юлас 12 05,GEFEST ВО 2601 К47 воздухочиститель 60*50 коричн.3-х скор.300куб/ч,5600.0,,{},2026-05-15_13-06-12_unknown_supplier_праи_с_юлас_12_05.xls,91
yulas,unknown supplier праи с юлас 12 05,GEFEST ВО 2601 К54 крем. воздухочиститель 60*50 коричн.3-х скор.300куб/ч,5600.0,,{},2026-05-15_13-06-12_unknown_supplier_праи_с_юлас_12_05.xls,92
yulas,unknown supplier праи с юлас 12 05,GEFEST ВО 3603 Д3А воздухочиститель 60*49 черное стекло с нерж.накл. 3-х скор.,15400.0,,{},2026-05-15_13-06-12_unknown_supplier_праи_с_юлас_12_05.xls,93
yulas,unknown supplier праи с юлас 12 05,GEFEST ВО 3603 К18 белый с синим рис. воздухоч. 60*49стекло 3-х скор.,15400.0,1.0,"{""Остаток"": 1.0}",2026-05-15_13-06-12_unknown_supplier_праи_с_юлас_12_05.xls,94
yulas,unknown supplier праи с юлас 12 05,GEFEST ВО 3603 К53 воздухоч.стекл.черн.с рис.мрамор. 60*49стекло 3-х скор.,15400.0,,{},2026-05-15_13-06-12_unknown_supplier_праи_с_юлас_12_05.xls,95
yulas,unknown supplier праи с юлас 12 05,GEFEST ВО 3603 К59 зеленый малахит воздухоч. 60*49стекло 3-х скор.,15400.0,1.0,"{""Остаток"": 1.0}",2026-05-15_13-06-12_unknown_supplier_праи_с_юлас_12_05.xls,96
yulas,unknown supplier праи с юлас 12 05,GEFEST ВО 3606 Р23 воздухоч. 60*49стекло 3-х скор.,15250.0,,{},2026-05-15_13-06-12_unknown_supplier_праи_с_юлас_12_05.xls,97
yulas,unknown supplier праи с юлас 12 05,GEFEST ВО 4501 К12 белый стекл. воздухочиститель слайдер 50*30 3-х скор.600куб/ч,9250.0,,{},2026-05-15_13-06-12_unknown_supplier_праи_с_юлас_12_05.xls,98
yulas,unknown supplier праи с юлас 12 05,GEFEST ВО 4501 К17 воздухочиститель слайдер кор.50*30 3-х скор.600куб/ч,9100.0,3.0,"{""Остаток"": 3.0}",2026-05-15_13-06-12_unknown_supplier_праи_с_юлас_12_05.xls,99
yulas,unknown supplier праи с юлас 12 05,GEFEST ВО 4501 К20 воздухочиститель слайдер нерж. 50*30 3-х скор.600куб/ч,9100.0,1.0,"{""Остаток"": 1.0}",2026-05-15_13-06-12_unknown_supplier_праи_с_юлас_12_05.xls,100
yulas,unknown supplier праи с юлас 12 05,GEFEST ВО 4501 К21 воздухочиститель слайдер черный 50*30 3-х скор.600куб/ч,9100.0,2.0,"{""Остаток"": 2.0}",2026-05-15_13-06-12_unknown_supplier_праи_с_юлас_12_05.xls,101
yulas,unknown supplier праи с юлас 12 05,GEFEST ВО 4501 К23 черный стекл. воздухочиститель слайдер 50*30 3-х скор.600куб/ч,9100.0,2.0,"{""Остаток"": 2.0}",2026-05-15_13-06-12_unknown_supplier_праи_с_юлас_12_05.xls,102
yulas,unknown supplier праи с юлас 12 05,GEFEST ВО 4501 К4 кор.стекл. воздухочиститель слайдер 50*30 3-х скор.600куб/ч,9100.0,1.0,"{""Остаток"": 1.0}",2026-05-15_13-06-12_unknown_supplier_праи_с_юлас_12_05.xls,103
yulas,unknown supplier праи с юлас 12 05,GEFEST ВО 4501 К6 серый стекл. воздухочиститель слайдер 50*30 3-х скор.600куб/ч,9100.0,2.0,"{""Остаток"": 2.0}",2026-05-15_13-06-12_unknown_supplier_праи_с_юлас_12_05.xls,104
yulas,unknown supplier праи с юлас 12 05,GEFEST ВО 4501 К81 воздухочиститель кремовый слайдер черный 50*30 3-х скор.600куб/ч,9100.0,3.0,"{""Остаток"": 3.0}",2026-05-15_13-06-12_unknown_supplier_праи_с_юлас_12_05.xls,105
yulas,unknown supplier праи с юлас 12 05,GEFEST ВО 4501 Р12 белый стекл. воздухочиститель слайдер 50*30 3-х скор.600куб/ч,9250.0,1.0,"{""Остаток"": 1.0}",2026-05-15_13-06-12_unknown_supplier_праи_с_юлас_12_05.xls,106
yulas,unknown supplier праи с юлас 12 05,GEFEST ВО 4501 Р20 воздухочиститель слайдер нерж. 50*30 3-х скор.600куб/ч,9100.0,1.0,"{""Остаток"": 1.0}",2026-05-15_13-06-12_unknown_supplier_праи_с_юлас_12_05.xls,107
yulas,unknown supplier праи с юлас 12 05,GEFEST ВО 4601 В81 воздухочиститель слайдер кремовый 60*30 3-х скор.600куб/ч,10000.0,,{},2026-05-15_13-06-12_unknown_supplier_праи_с_юлас_12_05.xls,108
yulas,unknown supplier праи с юлас 12 05,GEFEST ВО 4601 К12 белый стекл. воздухочиститель слайдер 60*30 3-х скор.600куб/ч,9300.0,,{},2026-05-15_13-06-12_unknown_supplier_праи_с_юлас_12_05.xls,109
yulas,unknown supplier праи с юлас 12 05,GEFEST ВО 4601 К17 воздухочиститель слайдер кор.60*30 3-х скор.600куб/ч,8700.0,1.0,"{""Остаток"": 1.0}",2026-05-15_13-06-12_unknown_supplier_праи_с_юлас_12_05.xls,110
yulas,unknown supplier праи с юлас 12 05,GEFEST ВО 4601 К20 воздухочиститель слайдер нерж. 60*30 3-х скор.600куб/ч,9150.0,,{},2026-05-15_13-06-12_unknown_supplier_праи_с_юлас_12_05.xls,111
yulas,unknown supplier праи с юлас 12 05,GEFEST ВО 4601 К21 воздухочиститель слайдер черный 60*30 3-х скор.600куб/ч,9150.0,1.0,"{""Остаток"": 1.0}",2026-05-15_13-06-12_unknown_supplier_праи_с_юлас_12_05.xls,112
yulas,unknown supplier праи с юлас 12 05,GEFEST ВО 4601 К23 черный стекл.воздухочиститель слайдер 60*30 3-х скор.600куб/ч,9450.0,1.0,"{""Остаток"": 1.0}",2026-05-15_13-06-12_unknown_supplier_праи_с_юлас_12_05.xls,113
yulas,unknown supplier праи с юлас 12 05,GEFEST ВО 4601 К6 серый стекл. воздухочиститель слайдер 60*30 3-х скор.600куб/ч,9700.0,1.0,"{""Остаток"": 1.0}",2026-05-15_13-06-12_unknown_supplier_праи_с_юлас_12_05.xls,114
yulas,unknown supplier праи с юлас 12 05,GEFEST ВО 4601 Р12 белый стекл. воздухочиститель слайдер 60*30 3-х скор.600куб/ч,9300.0,2.0,"{""Остаток"": 2.0}",2026-05-15_13-06-12_unknown_supplier_праи_с_юлас_12_05.xls,115
yulas,unknown supplier праи с юлас 12 05,GEFEST ВО 4601 Р20 воздухочиститель слайдер нерж. 60*30 3-х скор.600куб/ч,9150.0,1.0,"{""Остаток"": 1.0}",2026-05-15_13-06-12_unknown_supplier_праи_с_юлас_12_05.xls,116
yulas,unknown supplier праи с юлас 12 05,GEFEST ВО 4601 Р21 черный воздухочиститель слайдер 60*30 3-х скор.600куб/ч,9150.0,1.0,"{""Остаток"": 1.0}",2026-05-15_13-06-12_unknown_supplier_праи_с_юлас_12_05.xls,117
yulas,unknown supplier праи с юлас 12 05,GEFEST ВО 4601 Р23 черный воздухочиститель слайдер 60*30 3-х скор.600куб/ч,9600.0,2.0,"{""Остаток"": 2.0}",2026-05-15_13-06-12_unknown_supplier_праи_с_юлас_12_05.xls,118
yulas,unknown supplier праи с юлас 12 05,GEFEST ВО 4601 Р6 серый воздухочиститель слайдер 60*30 3-х скор.600куб/ч,9900.0,1.0,"{""Остаток"": 1.0}",2026-05-15_13-06-12_unknown_supplier_праи_с_юлас_12_05.xls,119
yulas,unknown supplier праи с юлас 12 05,GEFEST ВО 4601 Р81 воздухочиститель слайдер кремовый 60*30 3-х скор.600куб/ч,12250.0,2.0,"{""Остаток"": 2.0}",2026-05-15_13-06-12_unknown_supplier_праи_с_юлас_12_05.xls,120
yulas,unknown supplier праи с юлас 12 05,GEFEST ВО 4603 В81 воздухочиститель кремовый слайдер черный 60*30 3-х скор.600куб/ч,12250.0,3.0,"{""Остаток"": 3.0}",2026-05-15_13-06-12_unknown_supplier_праи_с_юлас_12_05.xls,121
yulas,unknown supplier праи с юлас 12 05,GEFEST ВО 4603 воздухочиститель слайдер белый 60*30 3-х скор.600куб/ч,12050.0,2.0,"{""Остаток"": 2.0}",2026-05-15_13-06-12_unknown_supplier_праи_с_юлас_12_05.xls,122
yulas,unknown supplier праи с юлас 12 05,GEFEST ВО 4603 К23 воздухочиститель слайдер черный 60*30 3-х скор.600куб/ч,12050.0,2.0,"{""Остаток"": 2.0}",2026-05-15_13-06-12_unknown_supplier_праи_с_юлас_12_05.xls,123
yulas,unknown supplier праи с юлас 12 05,BALLU GWN-10 Warmix колонка газовая,8950.0,73.0,"{""Остаток"": 73.0}",2026-05-15_13-06-12_unknown_supplier_праи_с_юлас_12_05.xls,125
yulas,unknown supplier праи с юлас 12 05,ВПГ (2) GENBERG-110.01 (ECO) белый 20кВт 10л/мин,9300.0,22.0,"{""Остаток"": 22.0}",2026-05-15_13-06-12_unknown_supplier_праи_с_юлас_12_05.xls,127
yulas,unknown supplier праи с юлас 12 05,ВПГ GENBERG 105.01 (Бездымоходный Стандарт) белый дисплей 5л/мин,6800.0,,{},2026-05-15_13-06-12_unknown_supplier_праи_с_юлас_12_05.xls,128
yulas,unknown supplier праи с юлас 12 05,ВПГ GENBERG NEO 611.01 Белая 11 л эл.модуляция пламени дисплей,16600.0,,{},2026-05-15_13-06-12_unknown_supplier_праи_с_юлас_12_05.xls,129
yulas,unknown supplier праи с юлас 12 05,ВПГ GENBERG-110.01 (Стандарт) белый 20кВт дисплей 10л/мин,10300.0,13.0,"{""Остаток"": 13.0}",2026-05-15_13-06-12_unknown_supplier_праи_с_юлас_12_05.xls,130
yulas,unknown supplier праи с юлас 12 05,ВПГ GENBERG-110.01 (Стандарт) серебро 20кВт дисплей 10л/мин,10600.0,,{},2026-05-15_13-06-12_unknown_supplier_праи_с_юлас_12_05.xls,131
yulas,unknown supplier праи с юлас 12 05,ВПГ GENBERG-210.01 (ECO) (Алтай) стекло 20кВт дисплей 10л/мин,9900.0,,{},2026-05-15_13-06-12_unknown_supplier_праи_с_юлас_12_05.xls,132
yulas,unknown supplier праи с юлас 12 05,ВПГ GENBERG-210.01 (ECO) (океан) стекло 20кВт дисплей 10л/мин,9900.0,1.0,"{""Остаток"": 1.0}",2026-05-15_13-06-12_unknown_supplier_праи_с_юлас_12_05.xls,133
yulas,unknown supplier праи с юлас 12 05,ВПГ GENBERG-210.01 (ECO) (пион) стекло 20кВт дисплей 10л/мин,9900.0,,{},2026-05-15_13-06-12_unknown_supplier_праи_с_юлас_12_05.xls,134
yulas,unknown supplier праи с юлас 12 05,ВПГ GENBERG-210.01 (ECO) (тростниковая роща) стекло 20кВт дисплей 10л/мин,9900.0,,{},2026-05-15_13-06-12_unknown_supplier_праи_с_юлас_12_05.xls,135
yulas,unknown supplier праи с юлас 12 05,ВПГ GENBERG-210.01 (ECO) (тюльпаны) стекло 20кВт дисплей 10л/мин,9900.0,,{},2026-05-15_13-06-12_unknown_supplier_праи_с_юлас_12_05.xls,136
yulas,unknown supplier праи с юлас 12 05,ВПГ GENBERG-210.01 (ECO) (цветы) стекло 20кВт дисплей 10л/мин,9900.0,,{},2026-05-15_13-06-12_unknown_supplier_праи_с_юлас_12_05.xls,137
yulas,unknown supplier праи с юлас 12 05,ВПГ GENBERG-210.01 (ECO) (Якутия) стекло 20кВт дисплей 10л/мин,9900.0,1.0,"{""Остаток"": 1.0}",2026-05-15_13-06-12_unknown_supplier_праи_с_юлас_12_05.xls,138
yulas,unknown supplier праи с юлас 12 05,ВПГ GENBERG-210.01 (абстракция) стекло 20кВт дисплей 10л/мин,10900.0,,{},2026-05-15_13-06-12_unknown_supplier_праи_с_юлас_12_05.xls,139
yulas,unknown supplier праи с юлас 12 05,ВПГ GENBERG-210.01 (гжель) стекло 20кВт дисплей 10л/мин,10900.0,,{},2026-05-15_13-06-12_unknown_supplier_праи_с_юлас_12_05.xls,140
yulas,unknown supplier праи с юлас 12 05,ВПГ GENBERG-210.01 (зеркало) стекло 20кВт дисплей 10л/мин,10900.0,,{},2026-05-15_13-06-12_unknown_supplier_праи_с_юлас_12_05.xls,141
yulas,unknown supplier праи с юлас 12 05,ВПГ GENBERG-210.01 (лимон) стекло 20кВт дисплей 10л/мин,10900.0,,{},2026-05-15_13-06-12_unknown_supplier_праи_с_юлас_12_05.xls,142
yulas,unknown supplier праи с юлас 12 05,ВПГ GENBERG-210.01 (мост) стекло 20кВт дисплей 10л/мин,10900.0,,{},2026-05-15_13-06-12_unknown_supplier_праи_с_юлас_12_05.xls,143
yulas,unknown supplier праи с юлас 12 05,ВПГ GENBERG-210.01 (одуванчик) стекло 20кВт дисплей 10л/мин,10900.0,,{},2026-05-15_13-06-12_unknown_supplier_праи_с_юлас_12_05.xls,144
yulas,unknown supplier праи с юлас 12 05,ВПГ GENBERG-310.01 ПРЕМИУМ Серая накладка 10 л дисплей 10л/мин,12700.0,1.0,"{""Остаток"": 1.0}",2026-05-15_13-06-12_unknown_supplier_праи_с_юлас_12_05.xls,145
yulas,unknown supplier праи с юлас 12 05,ВПГ GENBERG-310.01 ПРЕМИУМ Серебро 10 л дисплей 10л/мин,12900.0,,{},2026-05-15_13-06-12_unknown_supplier_праи_с_юлас_12_05.xls,146
yulas,unknown supplier праи с юлас 12 05,ВПГ GENBERG-310.01 ПРЕМИУМ Черная накладка 10 л дисплей 10л/мин,12700.0,2.0,"{""Остаток"": 2.0}",2026-05-15_13-06-12_unknown_supplier_праи_с_юлас_12_05.xls,147
yulas,unknown supplier праи с юлас 12 05,ВПГ GENBERG-311.01 ЛЮКС Белая 10 л дисплей 10л/мин,13700.0,2.0,"{""Остаток"": 2.0}",2026-05-15_13-06-12_unknown_supplier_праи_с_юлас_12_05.xls,148
yulas,unknown supplier праи с юлас 12 05,ВПГ GENBERG-410.01 (Турбо) белый 20кВт дисплей 10л/мин,14750.0,6.0,"{""Остаток"": 6.0}",2026-05-15_13-06-12_unknown_supplier_праи_с_юлас_12_05.xls,149
yulas,unknown supplier праи с юлас 12 05,MIZUDO 3-10 ВПГ (медный теплообменник) 10л.,10850.0,,{},2026-05-15_13-06-12_unknown_supplier_праи_с_юлас_12_05.xls,151
yulas,unknown supplier праи с юлас 12 05,Mizudo Pearl Ultra ВПГ 4-10 Т мод.пламени открыт.камера сгор.10л.,13550.0,2.0,"{""Остаток"": 2.0}",2026-05-15_13-06-12_unknown_supplier_праи_с_юлас_12_05.xls,152
yulas,unknown supplier праи с юлас 12 05,ORSO JSD-20-F03 колонка газовая,8650.0,17.0,"{""Остаток"": 17.0}",2026-05-15_13-06-12_unknown_supplier_праи_с_юлас_12_05.xls,153
yulas,unknown supplier праи с юлас 12 05,ROYAL THERMO GWH 10 inflame ВПГавтомат 10 л/мин (ELECTROLUX),10750.0,56.0,"{""Остаток"": 56.0}",2026-05-15_13-06-12_unknown_supplier_праи_с_юлас_12_05.xls,154
yulas,unknown supplier праи с юлас 12 05,ВПГ Siberia Dream 11л/мин пьезорозжиг,18550.0,9.0,"{""Остаток"": 9.0}",2026-05-15_13-06-12_unknown_supplier_праи_с_юлас_12_05.xls,156
yulas,unknown supplier праи с юлас 12 05,ВПГ Siberia Dream 14л/мин пьезорозжиг,23150.0,,{},2026-05-15_13-06-12_unknown_supplier_праи_с_юлас_12_05.xls,157
yulas,unknown supplier праи с юлас 12 05,SUPERFLAME SF0120 ВПГ 10л,8050.0,,{},2026-05-15_13-06-12_unknown_supplier_праи_с_юлас_12_05.xls,159
yulas,unknown supplier праи с юлас 12 05,SUPERFLAME SF0420Т турбо ВПГ 10л,13400.0,19.0,"{""Остаток"": 19.0}",2026-05-15_13-06-12_unknown_supplier_праи_с_юлас_12_05.xls,160
yulas,unknown supplier праи с юлас 12 05,SUPERFLAME ВОДНЫЙ МИР SF0120 ВПГ 10л,8750.0,,{},2026-05-15_13-06-12_unknown_supplier_праи_с_юлас_12_05.xls,161
yulas,unknown supplier праи с юлас 12 05,SUPERFLAME ВОДОПАД SF0120 ВПГ 10л,8750.0,,{},2026-05-15_13-06-12_unknown_supplier_праи_с_юлас_12_05.xls,162
yulas,unknown supplier праи с юлас 12 05,SUPERFLAME ЗЕРКАЛО SF0120 ВПГ 10л,8750.0,,{},2026-05-15_13-06-12_unknown_supplier_праи_с_юлас_12_05.xls,163
yulas,unknown supplier праи с юлас 12 05,SUPERFLAME ЛЕС SF0120 ВПГ 10л,8750.0,,{},2026-05-15_13-06-12_unknown_supplier_праи_с_юлас_12_05.xls,164
yulas,unknown supplier праи с юлас 12 05,SUPERFLAME МОРЕ SF0120 ВПГ 10л,8750.0,,{},2026-05-15_13-06-12_unknown_supplier_праи_с_юлас_12_05.xls,165
yulas,unknown supplier праи с юлас 12 05,ВПГ BAXI SIG-2 11p,16950.0,,{},2026-05-15_13-06-12_unknown_supplier_праи_с_юлас_12_05.xls,166
yulas,unknown supplier праи с юлас 12 05,ВПГ Electrolux GWH 10 NanoPlus 2.0,12050.0,17.0,"{""Остаток"": 17.0}",2026-05-15_13-06-12_unknown_supplier_праи_с_юлас_12_05.xls,167
yulas,unknown supplier праи с юлас 12 05,Ларгаз ВПГ-10 волк,7150.0,,{},2026-05-15_13-06-12_unknown_supplier_праи_с_юлас_12_05.xls,169
yulas,unknown supplier праи с юлас 12 05,Ларгаз ВПГ-10 клубника,7150.0,,{},2026-05-15_13-06-12_unknown_supplier_праи_с_юлас_12_05.xls,170
yulas,unknown supplier праи с юлас 12 05,Ларгаз ВПГ-10 стекло Венеция,7150.0,,{},2026-05-15_13-06-12_unknown_supplier_праи_с_юлас_12_05.xls,171
yulas,unknown supplier праи с юлас 12 05,Ларгаз ВПГ-10 стекло водопад,7150.0,,{},2026-05-15_13-06-12_unknown_supplier_праи_с_юлас_12_05.xls,172
yulas,unknown supplier праи с юлас 12 05,Ларгаз ВПГ-10 стекло Зима,7150.0,,{},2026-05-15_13-06-12_unknown_supplier_праи_с_юлас_12_05.xls,173
yulas,unknown supplier праи с юлас 12 05,Ларгаз ВПГ-10 стекло лето,7150.0,,{},2026-05-15_13-06-12_unknown_supplier_праи_с_юлас_12_05.xls,174
yulas,unknown supplier праи с юлас 12 05,Ларгаз ВПГ-10 стекло пальма,7150.0,,{},2026-05-15_13-06-12_unknown_supplier_праи_с_юлас_12_05.xls,175
yulas,unknown supplier праи с юлас 12 05,Ларгаз ВПГ-10 стекло Париж,7150.0,,{},2026-05-15_13-06-12_unknown_supplier_праи_с_юлас_12_05.xls,176
yulas,unknown supplier праи с юлас 12 05,Ларгаз ВПГ-10 стекло ромашки,7150.0,,{},2026-05-15_13-06-12_unknown_supplier_праи_с_юлас_12_05.xls,177
yulas,unknown supplier праи с юлас 12 05,Ларгаз ВПГ-10 стекло Тадж Махал,7150.0,,{},2026-05-15_13-06-12_unknown_supplier_праи_с_юлас_12_05.xls,178
yulas,unknown supplier праи с юлас 12 05,Ларгаз ВПГ-10 стекло фонтан,7150.0,,{},2026-05-15_13-06-12_unknown_supplier_праи_с_юлас_12_05.xls,179
yulas,unknown supplier праи с юлас 12 05,Ларгаз ВПГ-10 стекло фрукты,7150.0,,{},2026-05-15_13-06-12_unknown_supplier_праи_с_юлас_12_05.xls,180
yulas,unknown supplier праи с юлас 12 05,Ларгаз ВПГ-10 стекло цветы,7150.0,,{},2026-05-15_13-06-12_unknown_supplier_праи_с_юлас_12_05.xls,181
yulas,unknown supplier праи с юлас 12 05,Ларгаз ВПГ-10 турбо с трубой,11150.0,3.0,"{""Остаток"": 3.0}",2026-05-15_13-06-12_unknown_supplier_праи_с_юлас_12_05.xls,182
yulas,unknown supplier праи с юлас 12 05,Ларгаз ВПГ-10 ЭКО белый,6500.0,,{},2026-05-15_13-06-12_unknown_supplier_праи_с_юлас_12_05.xls,183
yulas,unknown supplier праи с юлас 12 05,Ларгаз ВПГ-10 ЭКО водопад,7000.0,,{},2026-05-15_13-06-12_unknown_supplier_праи_с_юлас_12_05.xls,184
yulas,unknown supplier праи с юлас 12 05,Ларгаз ВПГ-10 ЭКО волк,7000.0,,{},2026-05-15_13-06-12_unknown_supplier_праи_с_юлас_12_05.xls,185
yulas,unknown supplier праи с юлас 12 05,Ларгаз ВПГ-10 ЭКО стекло зеркало,7000.0,,{},2026-05-15_13-06-12_unknown_supplier_праи_с_юлас_12_05.xls,186
yulas,unknown supplier праи с юлас 12 05,Ларгаз ВПГ-10 ЭКО стекло Париж,7000.0,,{},2026-05-15_13-06-12_unknown_supplier_праи_с_юлас_12_05.xls,187
yulas,unknown supplier праи с юлас 12 05,Ларгаз ВПГ-10 ЭКО стекло сказка,7000.0,,{},2026-05-15_13-06-12_unknown_supplier_праи_с_юлас_12_05.xls,188
yulas,unknown supplier праи с юлас 12 05,Ларгаз ВПГ-10 ЭКО стекло Тадж Махал,7000.0,,{},2026-05-15_13-06-12_unknown_supplier_праи_с_юлас_12_05.xls,189
yulas,unknown supplier праи с юлас 12 05,НЕВА ТРАНЗИТ-10ЕИ ВПГ автомат дисплей белый,11950.0,23.0,"{""Остаток"": 23.0}",2026-05-15_13-06-12_unknown_supplier_праи_с_юлас_12_05.xls,191
yulas,unknown supplier праи с юлас 12 05,НЕВА ТРАНЗИТ-10ЕИЖ ВПГ автомат дисплей сжиж.газ белый,11950.0,,{},2026-05-15_13-06-12_unknown_supplier_праи_с_юлас_12_05.xls,192
yulas,unknown supplier праи с юлас 12 05,НЕВА ТРАНЗИТ-10ЕМТИ (турбо) ВПГ без модуляции пламени дисплей белый,14550.0,,{},2026-05-15_13-06-12_unknown_supplier_праи_с_юлас_12_05.xls,193
yulas,unknown supplier праи с юлас 12 05,НЕВА ТРАНЗИТ-12ЕИ ВПГ автомат дисплей белый,13700.0,2.0,"{""Остаток"": 2.0}",2026-05-15_13-06-12_unknown_supplier_праи_с_юлас_12_05.xls,194
yulas,unknown supplier праи с юлас 12 05,НЕВА ТРАНЗИТ-12ЕМТИ (турбо) ВПГ без модуляции пламени дисплей белый,15450.0,,{},2026-05-15_13-06-12_unknown_supplier_праи_с_юлас_12_05.xls,195
yulas,unknown supplier праи с юлас 12 05,НЕВА ТРАНЗИТ-13ЕИ ВПГ автомат дисплей белый,14450.0,,{},2026-05-15_13-06-12_unknown_supplier_праи_с_юлас_12_05.xls,196
yulas,unknown supplier праи с юлас 12 05,НЕВА ТРАНЗИТ-14ЕИ ВПГ автомат дисплей белый,17550.0,,{},2026-05-15_13-06-12_unknown_supplier_праи_с_юлас_12_05.xls,197
yulas,unknown supplier праи с юлас 12 05,ОАЗИС PRO WM 10 ВПГ (бел.) медный теплообм.автомат 10л/мин.,10900.0,12.0,"{""Остаток"": 12.0}",2026-05-15_13-06-12_unknown_supplier_праи_с_юлас_12_05.xls,198
yulas,unknown supplier праи с юлас 12 05,GEFEST ДА602-01 (ВСТР. ЭЛ. ДУХОВКА) белая ТЭН-гриль вертел подсветка эл.-мех.таймер,15950.0,2.0,"{""Остаток"": 2.0}",2026-05-15_13-06-12_unknown_supplier_праи_с_юлас_12_05.xls,201
yulas,unknown supplier праи с юлас 12 05,GEFEST ДА602-01А (ВСТР. ЭЛ. ДУХОВКА) антрацит ТЭН-гриль вертел подсветка эл.-мех.таймер,16000.0,,{},2026-05-15_13-06-12_unknown_supplier_праи_с_юлас_12_05.xls,202
yulas,unknown supplier праи с юлас 12 05,GEFEST ДА602-01К (ВСТР. ЭЛ. ДУХОВКА) коричн.ТЭН-гриль вертел подсветка эл.-мех.таймер,15950.0,4.0,"{""Остаток"": 4.0}",2026-05-15_13-06-12_unknown_supplier_праи_с_юлас_12_05.xls,203
yulas,unknown supplier праи с юлас 12 05,GEFEST ДА602-01Н1 (ВСТР. ЭЛ. ДУХОВКА)нерж. ТЭН-гриль подсветка эл.-мех.таймер,16900.0,4.0,"{""Остаток"": 4.0}",2026-05-15_13-06-12_unknown_supplier_праи_с_юлас_12_05.xls,204
yulas,unknown supplier праи с юлас 12 05,GEFEST ДА602-02 (ВСТР. ЭЛ. ДУХОВКА) белая ТЭН-гриль турбо-гриль вертел 2подсветки эл.таймер,21850.0,1.0,"{""Остаток"": 1.0}",2026-05-15_13-06-12_unknown_supplier_праи_с_юлас_12_05.xls,205
yulas,unknown supplier праи с юлас 12 05,GEFEST ДА602-02А (ВСТР.ЭЛ.ДУХОВКА)антрацит-черн.стекло ТЭН-гриль турбо-гриль вертел 2подсв.эл.таймер,22050.0,2.0,"{""Остаток"": 2.0}",2026-05-15_13-06-12_unknown_supplier_праи_с_юлас_12_05.xls,206
yulas,unknown supplier праи с юлас 12 05,GEFEST ДА602-02К55 (ВСТР. ЭЛ. ДУХ)кремов ретро ТЭН-гриль турбо-гриль вертел 2подсветки эл.таймер,25300.0,6.0,"{""Остаток"": 6.0}",2026-05-15_13-06-12_unknown_supplier_праи_с_юлас_12_05.xls,207
yulas,unknown supplier праи с юлас 12 05,GEFEST ДА602-02К64S (ВСТР.ЭЛ.ДУХ.) кремов.бронзаТЭН-гриль турбо-гриль вертел 2подсветки эл.таймер,27250.0,1.0,"{""Остаток"": 1.0}",2026-05-15_13-06-12_unknown_supplier_праи_с_юлас_12_05.xls,208
yulas,unknown supplier праи с юлас 12 05,GEFEST ДА602-02К74 (ВСТР.ЭЛ.ДУХ.)кремовая ретро ТЭН-гриль турбо-гриль вертел 2подсветки эл.таймер,24000.0,1.0,"{""Остаток"": 1.0}",2026-05-15_13-06-12_unknown_supplier_праи_с_юлас_12_05.xls,209
yulas,unknown supplier праи с юлас 12 05,GEFEST ДА602-02К82 (ВСТР. ЭЛ. ДУХ) белый ретро ТЭН-гриль турбо-гриль вертел 2подсветки эл.таймер,24000.0,2.0,"{""Остаток"": 2.0}",2026-05-15_13-06-12_unknown_supplier_праи_с_юлас_12_05.xls,210
yulas,unknown supplier праи с юлас 12 05,GEFEST ДА602-02К93 (ВСТР. ЭЛ. ДУХ) черный ретро ТЭН-гриль турбо-гриль вертел 2подсветки эл.таймер,24000.0,3.0,"{""Остаток"": 3.0}",2026-05-15_13-06-12_unknown_supplier_праи_с_юлас_12_05.xls,211
yulas,unknown supplier праи с юлас 12 05,GEFEST ДА602-02Н1 (ВСТР. ЭЛ. ДУХОВКА) нерж.-зерк.ТЭН-гриль турбо-гриль 2подсветки эл.таймер,22800.0,,{},2026-05-15_13-06-12_unknown_supplier_праи_с_юлас_12_05.xls,212
yulas,unknown supplier праи с юлас 12 05,GEFEST ДА602-02РH7 нерж. (ВСТР. ЭЛ. ДУХОВКА) ТЭН-гриль турбо-гриль вертел 2подсветки эл.таймер,24250.0,2.0,"{""Остаток"": 2.0}",2026-05-15_13-06-12_unknown_supplier_праи_с_юлас_12_05.xls,213
yulas,unknown supplier праи с юлас 12 05,GEFEST ДА602-02РА черная (ВСТР. ЭЛ. ДУХОВКА) ТЭН-гриль турбо-гриль вертел 2подсветки эл.таймер,23600.0,2.0,"{""Остаток"": 2.0}",2026-05-15_13-06-12_unknown_supplier_праи_с_юлас_12_05.xls,214
yulas,unknown supplier праи с юлас 12 05,GEFEST ДА602-К12 (ВСТР. ЭЛ. ДУХОВКА) белый.мех.управл.эмалир.фасад подсв.,13100.0,1.0,"{""Остаток"": 1.0}",2026-05-15_13-06-12_unknown_supplier_праи_с_юлас_12_05.xls,215
yulas,unknown supplier праи с юлас 12 05,"GEFEST ДА622-01 (ВСТР. ЭЛ.ДУХ.)черн.ст.фас.ТЭН-гр. турбо-гр. вертел 2подсв.эл.тайм, телескоп. полки",22450.0,2.0,"{""Остаток"": 2.0}",2026-05-15_13-06-12_unknown_supplier_праи_с_юлас_12_05.xls,216
yulas,unknown supplier праи с юлас 12 05,"GEFEST ДА622-01Н3 нерж.(ВСТР. ЭЛ.ДУХ)ст.фас.ТЭН-гр. турбо-гр. вертел 2подсв.эл.тайм, телескоп. полки",22650.0,1.0,"{""Остаток"": 1.0}",2026-05-15_13-06-12_unknown_supplier_праи_с_юлас_12_05.xls,217
yulas,unknown supplier праи с юлас 12 05,"GEFEST ДА622-02А черная (ВСТР. ЭЛ.ДУХ.) стек.фас.ТЭН-гр. т-гриль верт.2подсв.эл.тайм, телескоп.пол",25550.0,3.0,"{""Остаток"": 3.0}",2026-05-15_13-06-12_unknown_supplier_праи_с_юлас_12_05.xls,218
yulas,unknown supplier праи с юлас 12 05,"GEFEST ДА622-02АS (ВСТР. ЭЛ.ДУХ.) черн.стек.фас.конв.гриль.ТЭН-гр.верт.2подсв.сенс.тайм,телескоп.пол",26500.0,1.0,"{""Остаток"": 1.0}",2026-05-15_13-06-12_unknown_supplier_праи_с_юлас_12_05.xls,219
yulas,unknown supplier праи с юлас 12 05,"GEFEST ДА622-02АС (ВСТР. ЭЛ.ДУХ.) черн.стек.фас.конв.гриль.ТЭН-гр.верт.2подсв.сенс.тайм,телескоп.пол",26750.0,2.0,"{""Остаток"": 2.0}",2026-05-15_13-06-12_unknown_supplier_праи_с_юлас_12_05.xls,220
yulas,unknown supplier праи с юлас 12 05,"GEFEST ДА622-02Б (ВСТР. ЭЛ.ДУХ.) бел.ТЭН-гриль турбо-гриль вертел 2подсв.эл.таймер, телескопич полки",25550.0,2.0,"{""Остаток"": 2.0}",2026-05-15_13-06-12_unknown_supplier_праи_с_юлас_12_05.xls,221
yulas,unknown supplier праи с юлас 12 05,"GEFEST ДА622-02БS (ВСТР. ЭЛ.ДУХ.)бел.стекл.ТЭН-гр.турбо-гр.вертел 2подсв.эл.таймер, телескопич полки",26500.0,2.0,"{""Остаток"": 2.0}",2026-05-15_13-06-12_unknown_supplier_праи_с_юлас_12_05.xls,222
yulas,unknown supplier праи с юлас 12 05,"GEFEST ДА622-02В1 кремов. ТЭН-гриль турбо-гриль вертел 2подсв.эл.таймер, телескопич полки",26700.0,2.0,"{""Остаток"": 2.0}",2026-05-15_13-06-12_unknown_supplier_праи_с_юлас_12_05.xls,223
yulas,unknown supplier праи с юлас 12 05,"GEFEST ДА622-02В85 крем.ретроТЭН-гриль турбо-гриль вертел 2подсв.эл.таймер, телескопич полки",28650.0,,{},2026-05-15_13-06-12_unknown_supplier_праи_с_юлас_12_05.xls,224
yulas,unknown supplier праи с юлас 12 05,"GEFEST ДА622-02Д1 черн.скрипка (ВСТР. ЭЛ.ДУХ.) ТЭН-гр т-гриль верт.2подсв.эл.т,тел.полки",24400.0,1.0,"{""Остаток"": 1.0}",2026-05-15_13-06-12_unknown_supplier_праи_с_юлас_12_05.xls,225
yulas,unknown supplier праи с юлас 12 05,GEFEST ДА622-02К (ВСТР. ЭЛ.ДУХ.) кор.ТЭН-гр.турбо-гр.верт.2подсв.эл.тайм.телеск.полки,25150.0,3.0,"{""Остаток"": 3.0}",2026-05-15_13-06-12_unknown_supplier_праи_с_юлас_12_05.xls,226
yulas,unknown supplier праи с юлас 12 05,GEFEST ДА622-02К152 (ВСТР. ЭЛ.ДУХ.) бел.мрамор ТЭН-гриль турбо-гр.верт.2подсв.эл.тайм.телес.полки,26600.0,7.0,"{""Остаток"": 7.0}",2026-05-15_13-06-12_unknown_supplier_праи_с_юлас_12_05.xls,227
yulas,unknown supplier праи с юлас 12 05,GEFEST ДА622-02К26 (ВСТР. ЭЛ.ДУХ.)черн.3D рисунок ТЭН-гриль турбо-гр.верт.2подсв.эл.тайм.телес.полки,25150.0,1.0,"{""Остаток"": 1.0}",2026-05-15_13-06-12_unknown_supplier_праи_с_юлас_12_05.xls,228
yulas,unknown supplier праи с юлас 12 05,GEFEST ДА622-02К35 (ВСТР. ЭЛ.ДУХ.) серая с рисун.ТЭН-гриль турбо-гр.верт.2подсв.эл.тайм.телес.полки,25900.0,3.0,"{""Остаток"": 3.0}",2026-05-15_13-06-12_unknown_supplier_праи_с_юлас_12_05.xls,229
yulas,unknown supplier праи с юлас 12 05,GEFEST ДА622-02К43 (ВСТР. ЭЛ.ДУХ.) черный камень ТЭН-гр.турбо-гр.верт.2подсв.сенс.тайм.телес.полки,25900.0,3.0,"{""Остаток"": 3.0}",2026-05-15_13-06-12_unknown_supplier_праи_с_юлас_12_05.xls,230
yulas,unknown supplier праи с юлас 12 05,GEFEST ДА622-02К53 (ВСТР. ЭЛ.ДУХ.)черн.мрамор ТЭН-гр.турбо-гр.верт.2подсв.сенс.тайм.телес.полки,25900.0,4.0,"{""Остаток"": 4.0}",2026-05-15_13-06-12_unknown_supplier_праи_с_юлас_12_05.xls,231
yulas,unknown supplier праи с юлас 12 05,GEFEST ДА622-02К56S (ВСТР. ЭЛ.ДУХ.) графит стекл. ТЭН-гр.турбо-гр.верт.2подс.сенс.тайм.тел.полки,26950.0,3.0,"{""Остаток"": 3.0}",2026-05-15_13-06-12_unknown_supplier_праи_с_юлас_12_05.xls,232
yulas,unknown supplier праи с юлас 12 05,GEFEST ДА622-02К82 (ВСТР. ЭЛ.ДУХ.) белый ретро бронз.р ТЭН-гр.т-гр.верт.2подсв.сенс.тайм.телес.полки,28650.0,2.0,"{""Остаток"": 2.0}",2026-05-15_13-06-12_unknown_supplier_праи_с_юлас_12_05.xls,233
yulas,unknown supplier праи с юлас 12 05,GEFEST ДА622-02К83 (ВСТР. ЭЛ.ДУХ.) черн.ретро ТЭН-гр.т-гр.верт.2подсв.сенс.тайм.телес.полки,27900.0,1.0,"{""Остаток"": 1.0}",2026-05-15_13-06-12_unknown_supplier_праи_с_юлас_12_05.xls,234
yulas,unknown supplier праи с юлас 12 05,GEFEST ДА622-02М51 серо-кор.(ВСТР. ЭЛ.ДУХ.) ТЭН-гр.т-гр.верт.2подсв.сенс.тайм.телес.полки,25900.0,4.0,"{""Остаток"": 4.0}",2026-05-15_13-06-12_unknown_supplier_праи_с_юлас_12_05.xls,235
yulas,unknown supplier праи с юлас 12 05,GEFEST ДА622-03К69S зеленый мрамор ретро ТЭН-гр. тур-гр. верт.2подсв.эл.тайм утапл.руч.сенсор шашл,27600.0,1.0,"{""Остаток"": 1.0}",2026-05-15_13-06-12_unknown_supplier_праи_с_юлас_12_05.xls,236
yulas,unknown supplier праи с юлас 12 05,GEFEST ДА622-03Н5 (ВСТР. ЭЛ.ДУХ.) нерж.ТЭН-гр. турбо-гр. вертел 2подсв.эл.таймер сенсор шашлычница,27650.0,1.0,"{""Остаток"": 1.0}",2026-05-15_13-06-12_unknown_supplier_праи_с_юлас_12_05.xls,237
yulas,unknown supplier праи с юлас 12 05,GEFEST ДА622-03РА (ВСТР. ЭЛ.ДУХ.) ТЭН-гр. турбо-гр. вертел 2подсв.эл.таймер сенсор шашлычница,29350.0,1.0,"{""Остаток"": 1.0}",2026-05-15_13-06-12_unknown_supplier_праи_с_юлас_12_05.xls,238
yulas,unknown supplier праи с юлас 12 05,GEFEST ДА622-03РН3 (ВСТР. ЭЛ.ДУХ.) нерж.ТЭН-гр. тур-гр. верт.2подсв.эл.тайм утапл.руч.сенсор шашл,30000.0,2.0,"{""Остаток"": 2.0}",2026-05-15_13-06-12_unknown_supplier_праи_с_юлас_12_05.xls,239
yulas,unknown supplier праи с юлас 12 05,"GEFEST ДА622-04H3 (ВСТР. ЭЛ.ДУХ.)черн.стек.фас.сенс.тайм.турбогриль,конв.шашл.",31800.0,1.0,"{""Остаток"": 1.0}",2026-05-15_13-06-12_unknown_supplier_праи_с_юлас_12_05.xls,240
yulas,unknown supplier праи с юлас 12 05,"GEFEST ДА622-04K57S (ВСТР. ЭЛ.ДУХ.) графит стек.фас.сенс.тайм.турбогриль,конв.шашл.",34750.0,2.0,"{""Остаток"": 2.0}",2026-05-15_13-06-12_unknown_supplier_праи_с_юлас_12_05.xls,241
yulas,unknown supplier праи с юлас 12 05,"GEFEST ДА622-04А (ВСТР. ЭЛ.ДУХ.)черн.стек.фас.сенс.тайм.турбогриль,конв.шашл.",32450.0,1.0,"{""Остаток"": 1.0}",2026-05-15_13-06-12_unknown_supplier_праи_с_юлас_12_05.xls,242
yulas,unknown supplier праи с юлас 12 05,"GEFEST ДА622-04А4S (ВСТР. ЭЛ.ДУХ.)черн.ст.фас.сенс.тайм.т/гриль,конв.шашл.s/close 3стекла",30450.0,2.0,"{""Остаток"": 2.0}",2026-05-15_13-06-12_unknown_supplier_праи_с_юлас_12_05.xls,243
yulas,unknown supplier праи с юлас 12 05,"GEFEST ДА622-04А5S (ВСТР. ЭЛ.ДУХ.)черн.ст.фас.сенс.тайм.т/гриль,конв.шашл.s/close 3стекла",33950.0,1.0,"{""Остаток"": 1.0}",2026-05-15_13-06-12_unknown_supplier_праи_с_юлас_12_05.xls,244
yulas,unknown supplier праи с юлас 12 05,"GEFEST ДА622-04БS (ВСТР. ЭЛ.ДУХ.) белая стек.фас.сенс.тайм.турбогриль,конв.шашл.",34650.0,1.0,"{""Остаток"": 1.0}",2026-05-15_13-06-12_unknown_supplier_праи_с_юлас_12_05.xls,245
yulas,unknown supplier праи с юлас 12 05,"GEFEST ДА622-04В1S (ВСТР. ЭЛ.ДУХ.) кремов. стек.фас.сенс.тайм.турбогриль,конв.шашл.",35000.0,1.0,"{""Остаток"": 1.0}",2026-05-15_13-06-12_unknown_supplier_праи_с_юлас_12_05.xls,246
yulas,unknown supplier праи с юлас 12 05,"GEFEST ДА622-05S (ВСТР. ЭЛ.ДУХ.) черная стек.фас.сенс.тайм.турбогриль,конв.шашл.",35550.0,1.0,"{""Остаток"": 1.0}",2026-05-15_13-06-12_unknown_supplier_праи_с_юлас_12_05.xls,247
yulas,unknown supplier праи с юлас 12 05,"GEFEST ДА622-05БS (ВСТР. ЭЛ.ДУХ.) белая стек.фас.сенс.тайм.турбогриль,конв.шашл.",36200.0,1.0,"{""Остаток"": 1.0}",2026-05-15_13-06-12_unknown_supplier_праи_с_юлас_12_05.xls,248
yulas,unknown supplier праи с юлас 12 05,GEFEST ДА622-К12 (ВСТР. ЭЛ.ДУХ.) белая мех.управл.стекл.фасад подсв.,16600.0,1.0,"{""Остаток"": 1.0}",2026-05-15_13-06-12_unknown_supplier_праи_с_юлас_12_05.xls,249
yulas,unknown supplier праи с юлас 12 05,GEFEST ДА622-К2 (ВСТР. ЭЛ.ДУХ.) черн.мех.управл.стекл.фасад подсв.,16600.0,1.0,"{""Остаток"": 1.0}",2026-05-15_13-06-12_unknown_supplier_праи_с_юлас_12_05.xls,250
yulas,unknown supplier праи с юлас 12 05,"GEFEST ДГЭ601-01 (ВСТР.ГАЗОЭЛ.ДУХ.) белая60*57*60см мех.тайм.э-р в ручке,верт.эл-гриль подсв.двойная",18000.0,1.0,"{""Остаток"": 1.0}",2026-05-15_13-06-12_unknown_supplier_праи_с_юлас_12_05.xls,251
yulas,unknown supplier праи с юлас 12 05,"GEFEST ДГЭ601-01-Н1 (ВСТР.ГАЗОЭЛ.ДУХ.) нерж.60*57*60см мех.тайм.э-р в ручке,верт.эл-гриль подсв.дв.",18700.0,1.0,"{""Остаток"": 1.0}",2026-05-15_13-06-12_unknown_supplier_праи_с_юлас_12_05.xls,252
yulas,unknown supplier праи с юлас 12 05,"GEFEST ДГЭ601-01К(ВСТР.ГАЗОЭЛ.ДУХ.) кор. 60*57*60см мех.тайм.э-р в ручке,верт.эл-гриль подсв.двойна",18000.0,1.0,"{""Остаток"": 1.0}",2026-05-15_13-06-12_unknown_supplier_праи_с_юлас_12_05.xls,253
yulas,unknown supplier праи с юлас 12 05,"GEFEST ДГЭ601-01К64 крем.ретро 60*57*60см аналог.тайм.э-р в ручке,верт.подсв.двойна",21150.0,1.0,"{""Остаток"": 1.0}",2026-05-15_13-06-12_unknown_supplier_праи_с_юлас_12_05.xls,254
yulas,unknown supplier праи с юлас 12 05,"GEFEST ДГЭ601-02H7(ВСТР.ГАЗОЭЛ.ДУХ.)черная60*57*60см мех.тайм.э-р в ручке,верт.эл-гриль подсв.двойна",22900.0,1.0,"{""Остаток"": 1.0}",2026-05-15_13-06-12_unknown_supplier_праи_с_юлас_12_05.xls,255
yulas,unknown supplier праи с юлас 12 05,"GEFEST ДГЭ621-01(ВСТР.ГАЗОЭЛ.ДУХ.)черная 60*57*60см мех.тайм.э-р в ручке,верт.г/к подсв.двойная",19350.0,,{},2026-05-15_13-06-12_unknown_supplier_праи_с_юлас_12_05.xls,256
yulas,unknown supplier праи с юлас 12 05,"GEFEST ДГЭ621-01B1 (ВСТР.ГАЗОЭЛ.ДУХ.) крем. 60*57*60см сенс.тайм.э-р в ручке,верт.г/к шашл.эл.гриль",20050.0,,{},2026-05-15_13-06-12_unknown_supplier_праи_с_юлас_12_05.xls,257
yulas,unknown supplier праи с юлас 12 05,"GEFEST ДГЭ621-01K53 (ВСТР.ГАЗОЭЛ.ДУХ.) белый 60*57*60см сенс.тайм.э-р в ручке,верт.г/к шашл.эл.гриль",19600.0,1.0,"{""Остаток"": 1.0}",2026-05-15_13-06-12_unknown_supplier_праи_с_юлас_12_05.xls,258
yulas,unknown supplier праи с юлас 12 05,"GEFEST ДГЭ621-01Б(ВСТР.ГАЗОЭЛ.ДУХ.)белая 60*57*60см мех.тайм.э-р в ручке,верт.г/к подсв.двойная",20050.0,1.0,"{""Остаток"": 1.0}",2026-05-15_13-06-12_unknown_supplier_праи_с_юлас_12_05.xls,259
yulas,unknown supplier праи с юлас 12 05,"GEFEST ДГЭ621-01К47 (ВСТР.ГАЗОЭЛ.ДУХ.)кор.дер.60*57*60см мех.тайм.э-р в ручке,верт.г/к подсв.двойная",18650.0,1.0,"{""Остаток"": 1.0}",2026-05-15_13-06-12_unknown_supplier_праи_с_юлас_12_05.xls,260
yulas,unknown supplier праи с юлас 12 05,"GEFEST ДГЭ621-01К48 (ВСТР.ГАЗОЭЛ.ДУХ.)беж.дерево мех.тайм.э-р в ручке,верт.г/к подсв.двойная",18750.0,1.0,"{""Остаток"": 1.0}",2026-05-15_13-06-12_unknown_supplier_праи_с_юлас_12_05.xls,261
yulas,unknown supplier праи с юлас 12 05,"GEFEST ДГЭ621-01Н3(ВСТР.ГАЗОЭЛ.ДУХ.)черная 60*57*60см мех.тайм.э-р в ручке,верт.г/к подсв.двойная",19600.0,1.0,"{""Остаток"": 1.0}",2026-05-15_13-06-12_unknown_supplier_праи_с_юлас_12_05.xls,262
yulas,unknown supplier праи с юлас 12 05,"GEFEST ДГЭ621-03Б1 (ВСТР.ГАЗОЭЛ.ДУХ.) белый 60*57*60см сенс.тайм.э-р в ручке,верт.г/к шашл.эл.гриль",21800.0,,{},2026-05-15_13-06-12_unknown_supplier_праи_с_юлас_12_05.xls,263
yulas,unknown supplier праи с юлас 12 05,"GEFEST ДГЭ621-03К56 (ВСТР.ГАЗОЭЛ.ДУХ.)черная 60*57*60см мех.тайм.э-р в ручке,верт.г/к подсв.двойная",22400.0,,{},2026-05-15_13-06-12_unknown_supplier_праи_с_юлас_12_05.xls,264
yulas,unknown supplier праи с юлас 12 05,GEFEST ДЭВ 612-04 (ВСТР.ЭЛ.ДУХ.) черн.60*57*60см сенс.тайм.конв.верт.эл-гриль шашл.3 стекла s\close,35050.0,1.0,"{""Остаток"": 1.0}",2026-05-15_13-06-12_unknown_supplier_праи_с_юлас_12_05.xls,265
yulas,unknown supplier праи с юлас 12 05,GEFEST ПВГ 1002 белая 2средних горел г\к ч\р э\р в ручке,8350.0,1.0,"{""Остаток"": 1.0}",2026-05-15_13-06-12_unknown_supplier_праи_с_юлас_12_05.xls,266
yulas,unknown supplier праи с юлас 12 05,GEFEST ПВГ 1002 К2 черный 2средних горел г\к ч\р э\р в ручке,8350.0,2.0,"{""Остаток"": 2.0}",2026-05-15_13-06-12_unknown_supplier_праи_с_юлас_12_05.xls,267
yulas,unknown supplier праи с юлас 12 05,GEFEST ПВГ 1003 белая 2 горел 1м+1б г\к ч\р э\р в ручке,8350.0,1.0,"{""Остаток"": 1.0}",2026-05-15_13-06-12_unknown_supplier_праи_с_юлас_12_05.xls,268
yulas,unknown supplier праи с юлас 12 05,GEFEST ПВГ 1003-К2 черн. 2 горел 1м+1б г\к ч\р э\р в ручке,8350.0,1.0,"{""Остаток"": 1.0}",2026-05-15_13-06-12_unknown_supplier_праи_с_юлас_12_05.xls,269
yulas,unknown supplier праи с юлас 12 05,GEFEST ПВГ 1100 белая 3 гор.эмаль г\к единная ч\р двузонная гор.,12350.0,1.0,"{""Остаток"": 1.0}",2026-05-15_13-06-12_unknown_supplier_праи_с_юлас_12_05.xls,270
yulas,unknown supplier праи с юлас 12 05,GEFEST ПВГ 1100-К2 черн.мат. 3 гор.эмаль г\к единная ч\р двузонная гор.,12350.0,1.0,"{""Остаток"": 1.0}",2026-05-15_13-06-12_unknown_supplier_праи_с_юлас_12_05.xls,271
yulas,unknown supplier праи с юлас 12 05,GEFEST ПВГ 1212 бел.4конф.встр.газ.стол чуг.р.эл.р.в ручке газ-к. 59*52*10см,11150.0,,{},2026-05-15_13-06-12_unknown_supplier_праи_с_юлас_12_05.xls,272
yulas,unknown supplier праи с юлас 12 05,GEFEST ПВГ 1212 К2 черн.4конф.встр.газ.стол чуг.р.эл.р.в ручке газ-к. 59*52*10см,11400.0,2.0,"{""Остаток"": 2.0}",2026-05-15_13-06-12_unknown_supplier_праи_с_юлас_12_05.xls,273
yulas,unknown supplier праи с юлас 12 05,GEFEST ПВГ 1212 К55 кремовая 4конф.встр.газ.стол чуг.р.эл.р.в ручке газ-к. 59*52*10см,12650.0,6.0,"{""Остаток"": 6.0}",2026-05-15_13-06-12_unknown_supplier_праи_с_юлас_12_05.xls,274
yulas,unknown supplier праи с юлас 12 05,GEFEST ПВГ 1212 К7 кор.4конф.встр.газ.стол чуг.р.эл.р.в ручке газ-к. 59*52*10см,11150.0,2.0,"{""Остаток"": 2.0}",2026-05-15_13-06-12_unknown_supplier_праи_с_юлас_12_05.xls,275
yulas,unknown supplier праи с юлас 12 05,GEFEST ПВГ 1212 К82 бел.бронза 4конф.встр.газ.стол чуг.р.эл.р.в ручке газ-к. 59*52*10см,11400.0,3.0,"{""Остаток"": 3.0}",2026-05-15_13-06-12_unknown_supplier_праи_с_юлас_12_05.xls,276
yulas,unknown supplier праи с юлас 12 05,GEFEST ПВГ 1212 К83 черн.бронза 4конф.встр.газ.стол чуг.р.эл.р.в ручке газ-к. 59*52*10см,11750.0,2.0,"{""Остаток"": 2.0}",2026-05-15_13-06-12_unknown_supplier_праи_с_юлас_12_05.xls,277
yulas,unknown supplier праи с юлас 12 05,GEFEST ПВГ 1212-02 белый 4конф.встр.газ.стол г\к чуг.р.двухзон.гор ручки Техно,11700.0,1.0,"{""Остаток"": 1.0}",2026-05-15_13-06-12_unknown_supplier_праи_с_юлас_12_05.xls,278
yulas,unknown supplier праи с юлас 12 05,GEFEST ПВГ 1212-02 К3 черный 4конф.встр.газ.стол г\к чуг.р.двухзон.гор ручки Техно,11950.0,,{},2026-05-15_13-06-12_unknown_supplier_праи_с_юлас_12_05.xls,279
yulas,unknown supplier праи с юлас 12 05,GEFEST ПВГ 1212-02 К55 крем 4конф.встр.газ.стол г\к чуг.р.двухзон.гор ручки Техно,13350.0,3.0,"{""Остаток"": 3.0}",2026-05-15_13-06-12_unknown_supplier_праи_с_юлас_12_05.xls,280
yulas,unknown supplier праи с юлас 12 05,GEFEST ПВГ 1214-01 4конф.встр.газ.стол чуг.р.эл.р г/к 2зон.гор.59*52*9см,13900.0,4.0,"{""Остаток"": 4.0}",2026-05-15_13-06-12_unknown_supplier_праи_с_юлас_12_05.xls,281
yulas,unknown supplier праи с юлас 12 05,GEFEST ПВГ 1214-01 К2 черн.4конф.встр.газ.стол чуг.р.эл.р г/к 2зон.гор.59*52*9см,13900.0,4.0,"{""Остаток"": 4.0}",2026-05-15_13-06-12_unknown_supplier_праи_с_юлас_12_05.xls,282
yulas,unknown supplier праи с юлас 12 05,GEFEST ПВГ 1214-01 К5 нерж.4конф.встр.газ.стол чуг.р.эл.р г/к 2зон.гор.59*52*9см,14950.0,4.0,"{""Остаток"": 4.0}",2026-05-15_13-06-12_unknown_supplier_праи_с_юлас_12_05.xls,283
yulas,unknown supplier праи с юлас 12 05,GEFEST ПВГ 1214-01 К55 4конф.встр.газ.стол чуг.р.эл.р г/к 2зон.гор.59*52*9см,15400.0,2.0,"{""Остаток"": 2.0}",2026-05-15_13-06-12_unknown_supplier_праи_с_юлас_12_05.xls,284
yulas,unknown supplier праи с юлас 12 05,GEFEST ПВГ 1214-01 К7 кор.4конф.встр.газ.стол чуг.р.эл.р г/к 2зон.гор.59*52*9см,13900.0,4.0,"{""Остаток"": 4.0}",2026-05-15_13-06-12_unknown_supplier_праи_с_юлас_12_05.xls,285
yulas,unknown supplier праи с юлас 12 05,GEFEST ПВГ 1214-01 К81 4конф.встр.газ.стол чуг.р.эл.р г/к 2зон.гор.59*52*9см,13900.0,2.0,"{""Остаток"": 2.0}",2026-05-15_13-06-12_unknown_supplier_праи_с_юлас_12_05.xls,286
yulas,unknown supplier праи с юлас 12 05,GEFEST ПВГ 1401 4конф.встр.газ.стол г\к чуг.р.двухзон.гор,14350.0,2.0,"{""Остаток"": 2.0}",2026-05-15_13-06-12_unknown_supplier_праи_с_юлас_12_05.xls,287
yulas,unknown supplier праи с юлас 12 05,GEFEST ПВГ 1401-К2 4конф.встр.газ.стол г\к чуг.р.двухзон.гор,14350.0,2.0,"{""Остаток"": 2.0}",2026-05-15_13-06-12_unknown_supplier_праи_с_юлас_12_05.xls,288
yulas,unknown supplier праи с юлас 12 05,GEFEST ПВГ 1403 белый 4конф.встр.газ.стол г\к чуг.р.двухзон.гор,14200.0,1.0,"{""Остаток"": 1.0}",2026-05-15_13-06-12_unknown_supplier_праи_с_юлас_12_05.xls,289
yulas,unknown supplier праи с юлас 12 05,GEFEST ПВГ 1403-К2 4конф.встр.газ.стол г\к чуг.р.двухзон.гор,14200.0,1.0,"{""Остаток"": 1.0}",2026-05-15_13-06-12_unknown_supplier_праи_с_юлас_12_05.xls,290
yulas,unknown supplier праи с юлас 12 05,GEFEST ПВГ 2001 черный 1конф.встр.газ.стол чуг.р.эл.р.в ручке газ-к.стекл. 30*53*10см3контур.гор.,8750.0,1.0,"{""Остаток"": 1.0}",2026-05-15_13-06-12_unknown_supplier_праи_с_юлас_12_05.xls,291
yulas,unknown supplier праи с юлас 12 05,GEFEST ПВГ 2002 К12 белая 2сред.конф.встр.газ.стол чуг.р.эл.р.в ручке газ-к.стекл. 30*53*10см,10100.0,2.0,"{""Остаток"": 2.0}",2026-05-15_13-06-12_unknown_supplier_праи_с_юлас_12_05.xls,292
yulas,unknown supplier праи с юлас 12 05,GEFEST ПВГ 2002 черный 2сред.конф.встр.газ.стол чуг.р.эл.р.в ручке газ-к.стекл. 30*53*10см,10100.0,2.0,"{""Остаток"": 2.0}",2026-05-15_13-06-12_unknown_supplier_праи_с_юлас_12_05.xls,293
yulas,unknown supplier праи с юлас 12 05,GEFEST ПВГ 2003 К12 2конф(1б+1м).встр.газ.стол чуг.р.эл.р.в ручке газ-к.стекл. 30*53*10см,10100.0,2.0,"{""Остаток"": 2.0}",2026-05-15_13-06-12_unknown_supplier_праи_с_юлас_12_05.xls,294
yulas,unknown supplier праи с юлас 12 05,GEFEST ПВГ 2003 черный 2конф(1б+1м).встр.газ.стол чуг.р.эл.р.в ручке газ-к.стекл. 30*53*10см,10100.0,1.0,"{""Остаток"": 1.0}",2026-05-15_13-06-12_unknown_supplier_праи_с_юлас_12_05.xls,295
yulas,unknown supplier праи с юлас 12 05,GEFEST ПВГ 2100-01 K33 черный встр.газ.стол .75*35см ч/р э-р в ручке г/к стекл.,16500.0,,{},2026-05-15_13-06-12_unknown_supplier_праи_с_юлас_12_05.xls,296
yulas,unknown supplier праи с юлас 12 05,GEFEST ПВГ 2100-02 K32 белый встр.газ.стол .75*35см ч/р э-р в ручке г/к стекл.,17450.0,,{},2026-05-15_13-06-12_unknown_supplier_праи_с_юлас_12_05.xls,297
yulas,unknown supplier праи с юлас 12 05,GEFEST ПВГ 2231 К12 белая мет.руч.встр.газ.стол чуг.реш.эл.розжиг в ручке газ-конт.стеклян.пов-сть,19200.0,1.0,"{""Остаток"": 1.0}",2026-05-15_13-06-12_unknown_supplier_праи_с_юлас_12_05.xls,298
yulas,unknown supplier праи с юлас 12 05,GEFEST ПВГ 2231 К3 черный мет.руч.встр.газ.стол чуг.реш.эл.розжиг в ручке газ-конт.стеклян.пов-сть,18900.0,2.0,"{""Остаток"": 2.0}",2026-05-15_13-06-12_unknown_supplier_праи_с_юлас_12_05.xls,299
yulas,unknown supplier праи с юлас 12 05,GEFEST ПВГ 2231-01 Р12 белый встр.газ.стол 4конф.чуг.р.э-р.в ручке г-к. стекл.пов-сть 3конт.гор.,19800.0,2.0,"{""Остаток"": 2.0}",2026-05-15_13-06-12_unknown_supplier_праи_с_юлас_12_05.xls,300
yulas,unknown supplier праи с юлас 12 05,GEFEST ПВГ 2231-01 Р3 черный встр.газ.стол 4конф.чуг.р.э-р.в ручке г-к. стекл.пов-сть 3конт.гор.,19450.0,3.0,"{""Остаток"": 3.0}",2026-05-15_13-06-12_unknown_supplier_праи_с_юлас_12_05.xls,301
yulas,unknown supplier праи с юлас 12 05,GEFEST ПВГ 2231-01 Р36 серебро встр.газ.стол 4конф.чуг.р.э-р.в ручке г-к.ст.пов-сть 3конт.гор.,18100.0,2.0,"{""Остаток"": 2.0}",2026-05-15_13-06-12_unknown_supplier_праи_с_юлас_12_05.xls,302
yulas,unknown supplier праи с юлас 12 05,GEFEST ПВГ 2231-01 Р37 крем.дерево ретро встр.газ.стол 4конф.ч-р.э-р.в ручке г-к.ст.пов 3конт.гор.,19900.0,1.0,"{""Остаток"": 1.0}",2026-05-15_13-06-12_unknown_supplier_праи_с_юлас_12_05.xls,303
yulas,unknown supplier праи с юлас 12 05,GEFEST ПВГ 2231-01 Р55 рубин.мрамор встр.газ.стол 4конф.чуг.р.э-р.в ручке г-к.ст.пов-сть 3конт.гор.,18800.0,1.0,"{""Остаток"": 1.0}",2026-05-15_13-06-12_unknown_supplier_праи_с_юлас_12_05.xls,304
yulas,unknown supplier праи с юлас 12 05,GEFEST ПВГ 2231-02 Р12 белый встр.газ.стол 4конф.чуг.р.э-р.в ручке г-к. ст.пов.сенс.тайм.2зон.гор.,24050.0,1.0,"{""Остаток"": 1.0}",2026-05-15_13-06-12_unknown_supplier_праи_с_юлас_12_05.xls,305
yulas,unknown supplier праи с юлас 12 05,GEFEST ПВГ 2231-02 Р3 черный встр.газ.стол 4конф.чуг.р.э-р.в ручке г-к. стекл.пов-сть 3конт.гор.,24050.0,2.0,"{""Остаток"": 2.0}",2026-05-15_13-06-12_unknown_supplier_праи_с_юлас_12_05.xls,306
yulas,unknown supplier праи с юлас 12 05,GEFEST ПВГ 2231-04 Р3 черный встр.газ.стол4конф.ч.р.э-р.в руч.г-к.ст.пов-сть 3конт.гор.сенс.тайм.,19450.0,1.0,"{""Остаток"": 1.0}",2026-05-15_13-06-12_unknown_supplier_праи_с_юлас_12_05.xls,307
yulas,unknown supplier праи с юлас 12 05,GEFEST ПВГ 2231-10 В81 крем встр.газ.стол 4конф.чуг.р.э-р.в ручке г-к.2зон гор. ст.пов. 3конт.гор.,20050.0,2.0,"{""Остаток"": 2.0}",2026-05-15_13-06-12_unknown_supplier_праи_с_юлас_12_05.xls,308
yulas,unknown supplier праи с юлас 12 05,GEFEST ПВГ 2231-10 В85 встр.газ.стол 4конф.чуг.р.э-р.в ручке г-к.2зон гор. ст.пов. 3конт.гор.,21550.0,2.0,"{""Остаток"": 2.0}",2026-05-15_13-06-12_unknown_supplier_праи_с_юлас_12_05.xls,309
yulas,unknown supplier праи с юлас 12 05,GEFEST ПВГ 2231-10 К53 черн.мрамор встр.газ.ст.4конф.ч.р.э-р.в ручке г-к.2зон гор.ст.пов. 3конт.гор.,19900.0,6.0,"{""Остаток"": 6.0}",2026-05-15_13-06-12_unknown_supplier_праи_с_юлас_12_05.xls,310
yulas,unknown supplier праи с юлас 12 05,GEFEST ПВГ 2231-10 К56 черн.графит встр.газ.ст.4конф.ч.р.э-р.в ручке г-к.2зон гор.ст.пов. 3конт.гор.,20550.0,1.0,"{""Остаток"": 1.0}",2026-05-15_13-06-12_unknown_supplier_праи_с_юлас_12_05.xls,311
yulas,unknown supplier праи с юлас 12 05,GEFEST ПВГ 2232-01 В85 крем.ретро встр.газ.стол4конф.чуг.р.э-р.в ручке г-к. стекл.пов-сть 3конт.гор.,20950.0,,{},2026-05-15_13-06-12_unknown_supplier_праи_с_юлас_12_05.xls,312
yulas,unknown supplier праи с юлас 12 05,GEFEST ПВГ 2232-01 Р черный встр.газ.стол 4конф.чуг.р.э-р.в ручке г-к. стекл.пов-сть 2-зон.гор.,19750.0,,{},2026-05-15_13-06-12_unknown_supplier_праи_с_юлас_12_05.xls,313
yulas,unknown supplier праи с юлас 12 05,GEFEST ПВГ 2232-01 Р12 белый встр.газ.стол 4конф.чуг.р.э-р.в ручке г-к. стекл.пов-сть 2-зон.гор.,20200.0,2.0,"{""Остаток"": 2.0}",2026-05-15_13-06-12_unknown_supplier_праи_с_юлас_12_05.xls,314
yulas,unknown supplier праи с юлас 12 05,GEFEST ПВГ 2232-01 Р152 бел.мрамор встр.газ.ст.4конф.чуг.р.э-р.в ручке г-к. стекл.пов-сть 3конт.гор.,20300.0,1.0,"{""Остаток"": 1.0}",2026-05-15_13-06-12_unknown_supplier_праи_с_юлас_12_05.xls,315
yulas,unknown supplier праи с юлас 12 05,GEFEST ПВГ 2232-01 Р35 серое дерево встр.газ.ст.4конф.чуг.р.э-р.в ручке г-к. ст.пов-сть 2-зон.гор.,20200.0,2.0,"{""Остаток"": 2.0}",2026-05-15_13-06-12_unknown_supplier_праи_с_юлас_12_05.xls,316
yulas,unknown supplier праи с юлас 12 05,GEFEST ПВГ 2232-01 Р43 черн.камень встр.газ.ст.4конф.чуг.р.э-р.в ручке г-к. ст.пов-сть 2-зон.гор.,19750.0,2.0,"{""Остаток"": 2.0}",2026-05-15_13-06-12_unknown_supplier_праи_с_юлас_12_05.xls,317
yulas,unknown supplier праи с юлас 12 05,GEFEST ПВГ 2232-01 Р51 серо-кор. встр.газ.ст.4конф.чуг.р.э-р.в ручке г-к. ст.пов-сть 2-зон.гор.,20200.0,1.0,"{""Остаток"": 1.0}",2026-05-15_13-06-12_unknown_supplier_праи_с_юлас_12_05.xls,318
yulas,unknown supplier праи с юлас 12 05,GEFEST ПВГ 2232-01 Р53 черный мрамор встр.газ.ст.4конф.чуг.р.э-р.в ручке г-к. ст.пов-сть 2-зон.гор.,19750.0,1.0,"{""Остаток"": 1.0}",2026-05-15_13-06-12_unknown_supplier_праи_с_юлас_12_05.xls,319
yulas,unknown supplier праи с юлас 12 05,GEFEST ПВГ 2232-01 Р56 графит встр.газ.стол 4конф.чуг.р.э-р.в ручке г-к. стекл.пов-сть 2-зон.гор.,20200.0,3.0,"{""Остаток"": 3.0}",2026-05-15_13-06-12_unknown_supplier_праи_с_юлас_12_05.xls,320
yulas,unknown supplier праи с юлас 12 05,GEFEST ПВГ 2232-01 Р81 кремовый встр.газ.стол 4конф.чуг.р.э-р.в ручке г-к. стекл.пов-сть 3конт.гор.,20200.0,2.0,"{""Остаток"": 2.0}",2026-05-15_13-06-12_unknown_supplier_праи_с_юлас_12_05.xls,321
yulas,unknown supplier праи с юлас 12 05,GEFEST ПВГ 2232-01 Р82 бел.ретро встр.газ.стол 4конф.чуг.р.э-р.в ручке г-к. стекл.пов-сть 3конт.гор.,21600.0,1.0,"{""Остаток"": 1.0}",2026-05-15_13-06-12_unknown_supplier_праи_с_юлас_12_05.xls,322
yulas,unknown supplier праи с юлас 12 05,GEFEST ПВГ 2232-01 Р83 черн.ретро встр.газ.ст.4конф.чуг.р.э-р.в ручке г-к. стекл.пов-сть 3конт.гор.,20050.0,2.0,"{""Остаток"": 2.0}",2026-05-15_13-06-12_unknown_supplier_праи_с_юлас_12_05.xls,323
yulas,unknown supplier праи с юлас 12 05,GEFEST ПВГ 2232-01 Р85 крем.ретро встр.газ.стол4конф.чуг.р.э-р.в ручке г-к. стекл.пов-сть 3конт.гор.,21600.0,1.0,"{""Остаток"": 1.0}",2026-05-15_13-06-12_unknown_supplier_праи_с_юлас_12_05.xls,324
yulas,unknown supplier праи с юлас 12 05,GEFEST ПВГ 2401-01 В81 кремовый встр.газ.стол 4конф.чуг.р.э-р.в ручке г-к. стекл.пов-сть 3конт.гор.,19800.0,1.0,"{""Остаток"": 1.0}",2026-05-15_13-06-12_unknown_supplier_праи_с_юлас_12_05.xls,325
yulas,unknown supplier праи с юлас 12 05,GEFEST ПВГ 2401-01 К53 черн.мрамор встр.газ.ст.4конф.чуг.р.э-р.в ручке г-к. стекл.пов-сть 3конт.гор.,19350.0,1.0,"{""Остаток"": 1.0}",2026-05-15_13-06-12_unknown_supplier_праи_с_юлас_12_05.xls,326
yulas,unknown supplier праи с юлас 12 05,GEFEST ПВГ 2401-01 К56 графит встр.газ.стол 4конф.чуг.р.э-р.в ручке г-к. стекл.пов-сть 3конт.гор.,19800.0,1.0,"{""Остаток"": 1.0}",2026-05-15_13-06-12_unknown_supplier_праи_с_юлас_12_05.xls,327
yulas,unknown supplier праи с юлас 12 05,GEFEST ПВИ 4000-К1 черный 2 зоны нагрева стеклокер. индукц.сенсорн.30*53*5,17750.0,1.0,"{""Остаток"": 1.0}",2026-05-15_13-06-12_unknown_supplier_праи_с_юлас_12_05.xls,328
yulas,unknown supplier праи с юлас 12 05,GEFEST ПВИ 4001 черная квадраты стеклокер. индукц.сенсорн.30*53*5,23300.0,1.0,"{""Остаток"": 1.0}",2026-05-15_13-06-12_unknown_supplier_праи_с_юлас_12_05.xls,329
yulas,unknown supplier праи с юлас 12 05,GEFEST СГ СВН2230 C3 черн.встр.газ.стол чуг.реш.эл.р г-к.ст.пов-сть светодиодная подсв.панели,19800.0,1.0,"{""Остаток"": 1.0}",2026-05-15_13-06-12_unknown_supplier_праи_с_юлас_12_05.xls,330
yulas,unknown supplier праи с юлас 12 05,GEFEST СГ СВН2230 К3 черный мет.руч.встр.газ.стол чуг.реш.эл.розжиг в ручке газ-конт.стеклян.пов-сть,17900.0,,{},2026-05-15_13-06-12_unknown_supplier_праи_с_юлас_12_05.xls,331
yulas,unknown supplier праи с юлас 12 05,GEFEST СГ СВН2230-01 В81 кремов.встр.газ.стол чугун.реш.эл.роз.в ручке газ-к. стеклян.пов-сть,19850.0,2.0,"{""Остаток"": 2.0}",2026-05-15_13-06-12_unknown_supplier_праи_с_юлас_12_05.xls,332
yulas,unknown supplier праи с юлас 12 05,GEFEST СГ СВН2230-01 К2 черный встр.газ.стол чугун.реш.эл.роз.в ручке газ-к. стеклян.пов-сть,18450.0,,{},2026-05-15_13-06-12_unknown_supplier_праи_с_юлас_12_05.xls,333
yulas,unknown supplier праи с юлас 12 05,GEFEST СГ СВН2230-01 К26 черный 3Д встр.газ.стол чугун.реш.эл.роз.в ручке газ-к. стеклян.пов-сть,18450.0,1.0,"{""Остаток"": 1.0}",2026-05-15_13-06-12_unknown_supplier_праи_с_юлас_12_05.xls,334
yulas,unknown supplier праи с юлас 12 05,GEFEST СГ СВН2230-01 К95 серое дерево встр.газ.стол чугун.реш.эл.роз.в ручке газ-к. стеклян.пов-сть,19150.0,2.0,"{""Остаток"": 2.0}",2026-05-15_13-06-12_unknown_supplier_праи_с_юлас_12_05.xls,335
yulas,unknown supplier праи с юлас 12 05,GEFEST СГ СВН2230К11 белая встр.газ.стол крабы.эл.розжиг в ручке газ-контроль стеклян.пов-сть,18200.0,,{},2026-05-15_13-06-12_unknown_supplier_праи_с_юлас_12_05.xls,336
yulas,unknown supplier праи с юлас 12 05,GEFEST СГ СВН2230К12 белая встр.газ.стол чугун.реш.эл.розжиг в ручке газ-контроль стеклян.пов-сть,18200.0,1.0,"{""Остаток"": 1.0}",2026-05-15_13-06-12_unknown_supplier_праи_с_юлас_12_05.xls,337
yulas,unknown supplier праи с юлас 12 05,GEFEST СГ СВН2230К16 черная с красн.рис. встр.газ.стол чугун.реш.эл.розжиг в ручке г-к стекл.пов-сть,17750.0,2.0,"{""Остаток"": 2.0}",2026-05-15_13-06-12_unknown_supplier_праи_с_юлас_12_05.xls,338
yulas,unknown supplier праи с юлас 12 05,GEFEST СГ СВН2230К17 кор.с рис.кофе встр.газ.стол чугун.реш.эл.розжиг в ручке г-к стеклян.пов-сть,17750.0,1.0,"{""Остаток"": 1.0}",2026-05-15_13-06-12_unknown_supplier_праи_с_юлас_12_05.xls,339
yulas,unknown supplier праи с юлас 12 05,GEFEST СГ СВН2230К18 белая с синим рис гжель встр.газ.стол чуг.реш.эл.р.в ручке г-к стеклян.пов-сть,17750.0,1.0,"{""Остаток"": 1.0}",2026-05-15_13-06-12_unknown_supplier_праи_с_юлас_12_05.xls,340
yulas,unknown supplier праи с юлас 12 05,GEFEST СГ СВН2230К19 черная с беж.рис. встр.газ.стол чугун.реш.эл.розжиг в ручке г-к стеклян.пов-сть,17750.0,1.0,"{""Остаток"": 1.0}",2026-05-15_13-06-12_unknown_supplier_праи_с_юлас_12_05.xls,341
yulas,unknown supplier праи с юлас 12 05,GEFEST СГ СВН2230К23 черн.нерж.накладк.встр.газ.стол чугун.реш.эл.розжиг в ручке г-к стеклян.пов-сть,18550.0,2.0,"{""Остаток"": 2.0}",2026-05-15_13-06-12_unknown_supplier_праи_с_юлас_12_05.xls,342
yulas,unknown supplier праи с юлас 12 05,GEFEST СГ СВН2340-К22 белый встр.газ.стол 5 гор. чугун.реш.эл.роз.в ручке газ-к. стеклян.пов-сть,23200.0,1.0,"{""Остаток"": 1.0}",2026-05-15_13-06-12_unknown_supplier_праи_с_юлас_12_05.xls,343
yulas,unknown supplier праи с юлас 12 05,GEFEST СГ СВН2340-К23 черный встр.газ.стол 5 гор. чугун.реш.эл.роз.в ручке газ-к. стеклян.пов-сть,22250.0,1.0,"{""Остаток"": 1.0}",2026-05-15_13-06-12_unknown_supplier_праи_с_юлас_12_05.xls,344
yulas,unknown supplier праи с юлас 12 05,GEFEST СГ СВН2340-К33 черный встр.газ.стол 5 гор. чугун.реш.эл.роз.в ручке газ-к. стеклян.пов-сть,21900.0,,{},2026-05-15_13-06-12_unknown_supplier_праи_с_юлас_12_05.xls,345
yulas,unknown supplier праи с юлас 12 05,GEFEST СГ СВН2341 К33 черн. встр.газ.стол 5 гор.чугун.реш.эл.роз.в ручке газ-к. стеклян.пов-сть,21900.0,1.0,"{""Остаток"": 1.0}",2026-05-15_13-06-12_unknown_supplier_праи_с_юлас_12_05.xls,346
yulas,unknown supplier праи с юлас 12 05,GEFEST СГ СВН2342 К12 белый встр.газ.стол 5 гор.1двухзон ч\р.эл.роз.в ручке газ-к. стеклян.пов-сть,22850.0,1.0,"{""Остаток"": 1.0}",2026-05-15_13-06-12_unknown_supplier_праи_с_юлас_12_05.xls,347
yulas,unknown supplier праи с юлас 12 05,GEFEST СГ СВН2342 черный встр.газ.стол 5 гор.1двухзон ч\р.эл.роз.в ручке газ-к. стеклян.пов-сть,21900.0,1.0,"{""Остаток"": 1.0}",2026-05-15_13-06-12_unknown_supplier_праи_с_юлас_12_05.xls,348
yulas,unknown supplier праи с юлас 12 05,GEFEST СГ СВН2344 черный встр.газ.стол 5 гор.1двухзон ч\р.эл.роз.в ручке газ-к. стеклян.пов-сть,21900.0,1.0,"{""Остаток"": 1.0}",2026-05-15_13-06-12_unknown_supplier_праи_с_юлас_12_05.xls,349
yulas,unknown supplier праи с юлас 12 05,GEFEST СГ СН1210-02 К2 черн.встр.газ.стол 55*49 чуг.реш г\к эл.р двухзон.горелка,11250.0,2.0,"{""Остаток"": 2.0}",2026-05-15_13-06-12_unknown_supplier_праи_с_юлас_12_05.xls,350
yulas,unknown supplier праи с юлас 12 05,GEFEST СГ СН1210-02 К4 белый встр.газ.стол 55*49 чуг.реш г\к эл.р двухзон.горелка,10800.0,5.0,"{""Остаток"": 5.0}",2026-05-15_13-06-12_unknown_supplier_праи_с_юлас_12_05.xls,351
yulas,unknown supplier праи с юлас 12 05,GEFEST СГ СН1210-02 М5 нерж.встр.газ.стол 55*49 чуг.реш г\к эл.р двухзон.горелка,11500.0,,{},2026-05-15_13-06-12_unknown_supplier_праи_с_юлас_12_05.xls,352
yulas,unknown supplier праи с юлас 12 05,GEFEST СГ СН1211 белый встр.газ.стол чугун.реш. эл.розжиг в ручке,11950.0,,{},2026-05-15_13-06-12_unknown_supplier_праи_с_юлас_12_05.xls,353
yulas,unknown supplier праи с юлас 12 05,GEFEST СГ СН1211 К6 серый встр.газ.стол чугун.реш. эл.розжиг в ручке,12350.0,1.0,"{""Остаток"": 1.0}",2026-05-15_13-06-12_unknown_supplier_праи_с_юлас_12_05.xls,354
yulas,unknown supplier праи с юлас 12 05,"GEFEST СГ СН1211К30 нерж. встр.газ.стол чугун.реш. эл.розжиг в ручке,",12650.0,,{},2026-05-15_13-06-12_unknown_supplier_праи_с_юлас_12_05.xls,355
yulas,unknown supplier праи с юлас 12 05,"GEFEST СГ СН1211К54 кремов.встр.газ.стол чугун.реш. эл.розжиг в мет.классич.ручке,",12100.0,,{},2026-05-15_13-06-12_unknown_supplier_праи_с_юлас_12_05.xls,356
yulas,unknown supplier праи с юлас 12 05,GEFEST СГ СН1211К81 кремовый встр.газ.стол чугун.реш. эл.розжиг в белой ручке,12150.0,1.0,"{""Остаток"": 1.0}",2026-05-15_13-06-12_unknown_supplier_праи_с_юлас_12_05.xls,357
yulas,unknown supplier праи с юлас 12 05,GEFEST СГ СН2120 К1 рис.часы 3-гор.встр.газ.стол чуг.реш.эл.розжиг в ручке газ-контроль стек.пов-ть,16750.0,2.0,"{""Остаток"": 2.0}",2026-05-15_13-06-12_unknown_supplier_праи_с_юлас_12_05.xls,358
yulas,unknown supplier праи с юлас 12 05,GEFEST СГ СН2120 К6 белая 3-гор.встр.газ.стол чуг.реш.эл.розж.в черной ручке газ-контр.стек.пов-ть,16750.0,2.0,"{""Остаток"": 2.0}",2026-05-15_13-06-12_unknown_supplier_праи_с_юлас_12_05.xls,359
yulas,unknown supplier праи с юлас 12 05,GEFEST СГ СН2120 черная трёх-горел.встр.газ.стол чуг.реш.эл.розжиг в ручке газ-контр. стек.пов-ть,16750.0,1.0,"{""Остаток"": 1.0}",2026-05-15_13-06-12_unknown_supplier_праи_с_юлас_12_05.xls,360
yulas,unknown supplier праи с юлас 12 05,GEFEST СЭ СВН3210 белый встр.эл.стол,10100.0,1.0,"{""Остаток"": 1.0}",2026-05-15_13-06-12_unknown_supplier_праи_с_юлас_12_05.xls,361
yulas,unknown supplier праи с юлас 12 05,GEFEST СЭ СВН3210К17 коричневый встр.эл.стол,10100.0,1.0,"{""Остаток"": 1.0}",2026-05-15_13-06-12_unknown_supplier_праи_с_юлас_12_05.xls,362
yulas,unknown supplier праи с юлас 12 05,GEFEST СЭ СВН3210К21 антрацит встр.эл.стол,11000.0,1.0,"{""Остаток"": 1.0}",2026-05-15_13-06-12_unknown_supplier_праи_с_юлас_12_05.xls,363
yulas,unknown supplier праи с юлас 12 05,GEFEST СЭ СВН3210К55 кремовый встр.эл.стол мет.круглые ручки,11550.0,1.0,"{""Остаток"": 1.0}",2026-05-15_13-06-12_unknown_supplier_праи_с_юлас_12_05.xls,364
yulas,unknown supplier праи с юлас 12 05,GEFEST СЭ СВН3210К81 кремовый встр.эл.стол белые ручки,10050.0,1.0,"{""Остаток"": 1.0}",2026-05-15_13-06-12_unknown_supplier_праи_с_юлас_12_05.xls,365
yulas,unknown supplier праи с юлас 12 05,GEFEST СЭ СН4231 К52 мрамор 55*48 см стекло-керамика встр.эл.стол сенсорное управление,21100.0,1.0,"{""Остаток"": 1.0}",2026-05-15_13-06-12_unknown_supplier_праи_с_юлас_12_05.xls,366
yulas,unknown supplier праи с юлас 12 05,GEFEST СЭ СН4232 К3 черный 55*48 см индукция встр.эл.стол сенс.тайм.расознавание наличия посуды,30750.0,2.0,"{""Остаток"": 2.0}",2026-05-15_13-06-12_unknown_supplier_праи_с_юлас_12_05.xls,367
yulas,unknown supplier праи с юлас 12 05,CEZARIS ПГ 2150-02 белая газ.плита 50*50 щиток г\к везде (3200-08-К33),14650.0,,{},2026-05-15_13-06-12_unknown_supplier_праи_с_юлас_12_05.xls,370
yulas,unknown supplier праи с юлас 12 05,CEZARIS ПГ 2150-03 кор.газ.плита 50*50 щиток г\к везде (3200-08-К43),14650.0,,{},2026-05-15_13-06-12_unknown_supplier_праи_с_юлас_12_05.xls,371
yulas,unknown supplier праи с юлас 12 05,CEZARIS ПГ 2150-06 белая газ.плита 50*50 крышка э-р г\к везде подсв.(3200-06-К33),17100.0,1.0,"{""Остаток"": 1.0}",2026-05-15_13-06-12_unknown_supplier_праи_с_юлас_12_05.xls,372
yulas,unknown supplier праи с юлас 12 05,CEZARIS ПГ 2150-07 кор.газ.плита 50*50 крышка э-р г\к везде подсв.(3200-06-К43),17100.0,5.0,"{""Остаток"": 5.0}",2026-05-15_13-06-12_unknown_supplier_праи_с_юлас_12_05.xls,373
yulas,unknown supplier праи с юлас 12 05,CEZARIS ПГ 2150-08 белая газ.плита 50*50 ст.кр.г\к везде э-р подсв.,18600.0,1.0,"{""Остаток"": 1.0}",2026-05-15_13-06-12_unknown_supplier_праи_с_юлас_12_05.xls,374
yulas,unknown supplier праи с юлас 12 05,CEZARIS ПГ 2150-09 кор.газ.плита 50*50 ст.кр.г\к везде э-р подсв.,18600.0,1.0,"{""Остаток"": 1.0}",2026-05-15_13-06-12_unknown_supplier_праи_с_юлас_12_05.xls,375
yulas,unknown supplier праи с юлас 12 05,CEZARIS ПГ 2150-10 белая газ.плита 50*50 крышка э-р подсв.мех.тайм.(3200-06 с тайм),14750.0,,{},2026-05-15_13-06-12_unknown_supplier_праи_с_юлас_12_05.xls,376
yulas,unknown supplier праи с юлас 12 05,CEZARIS ПГ 2150-11 кор.газ.плита 50*50 крышка э-р подсв.мех.тайм.(3200-06-К19 с тайм),14750.0,,{},2026-05-15_13-06-12_unknown_supplier_праи_с_юлас_12_05.xls,377
yulas,unknown supplier праи с юлас 12 05,CEZARIS ПГ 3200-07(Ч) белая газ.плита 60*60 ч\реш.крышка э-р (1200-06 с ч\р),16800.0,1.0,"{""Остаток"": 1.0}",2026-05-15_13-06-12_unknown_supplier_праи_с_юлас_12_05.xls,378
yulas,unknown supplier праи с юлас 12 05,CEZARIS ПГ 3200-07(ЧК) кор. газ.плита 60*60 ч\реш.крышка э-р (1200-06-К19 с ч\р),16800.0,,{},2026-05-15_13-06-12_unknown_supplier_праи_с_юлас_12_05.xls,379
yulas,unknown supplier праи с юлас 12 05,CEZARIS ПГ 3200-08(Ч) белая газ.плита 60*60 ч\реш.крышка э-р подсв.мех.тайм.,17400.0,,{},2026-05-15_13-06-12_unknown_supplier_праи_с_юлас_12_05.xls,380
yulas,unknown supplier праи с юлас 12 05,CEZARIS ПГ 3200-13(Ч) белая газ.плита 60*60 ч\реш. крышка э-р подсв.,19050.0,,{},2026-05-15_13-06-12_unknown_supplier_праи_с_юлас_12_05.xls,381
yulas,unknown supplier праи с юлас 12 05,CEZARIS ПГ 3200-15(Ч) белая газ.плита 60*60 крышка э-р везде подсв мех.тайм г\к везде,20250.0,5.0,"{""Остаток"": 5.0}",2026-05-15_13-06-12_unknown_supplier_праи_с_юлас_12_05.xls,382
yulas,unknown supplier праи с юлас 12 05,CEZARIS ПГЭ 1000-03 белая газ.плита+эл.дух. 50*50 крышка э-р стола,15200.0,,{},2026-05-15_13-06-12_unknown_supplier_праи_с_юлас_12_05.xls,383
yulas,unknown supplier праи с юлас 12 05,CEZARIS ПГЭ 1000-03(К) кор. газ.плита+эл.дух. 50*50 крышка э-р стола,15200.0,,{},2026-05-15_13-06-12_unknown_supplier_праи_с_юлас_12_05.xls,384
yulas,unknown supplier праи с юлас 12 05,CEZARIS ПГЭ 1000-05 белая газ.плита+эл.дух. 50*50 крышка,14500.0,,{},2026-05-15_13-06-12_unknown_supplier_праи_с_юлас_12_05.xls,385
yulas,unknown supplier праи с юлас 12 05,CEZARIS ПГЭ 1000-05(К) кор. газ.плита+эл.дух. 50*50 крышка,14500.0,,{},2026-05-15_13-06-12_unknown_supplier_праи_с_юлас_12_05.xls,386
yulas,unknown supplier праи с юлас 12 05,CEZARIS ПГЭ 1000-13(К) кор.газ.плита+эл.дух. 50*50 крышка э-р стола подсв.,15800.0,,{},2026-05-15_13-06-12_unknown_supplier_праи_с_юлас_12_05.xls,387
yulas,unknown supplier праи с юлас 12 05,CEZARIS ПЭ Н Д 1200-08 белая.эл.плита 50*50 крышка подсв.тэн-гриль экспресс-конф.,16900.0,3.0,"{""Остаток"": 3.0}",2026-05-15_13-06-12_unknown_supplier_праи_с_юлас_12_05.xls,388
yulas,unknown supplier праи с юлас 12 05,CEZARIS ПЭ Н Д 3000-02 белая эл.плита 60*60 щиток,17800.0,2.0,"{""Остаток"": 2.0}",2026-05-15_13-06-12_unknown_supplier_праи_с_юлас_12_05.xls,389
yulas,unknown supplier праи с юлас 12 05,CEZARIS ЭП НД 3000-06 белая эл.плита 60*60 крышка подсв.экспресс-конф.,19200.0,1.0,"{""Остаток"": 1.0}",2026-05-15_13-06-12_unknown_supplier_праи_с_юлас_12_05.xls,390
yulas,unknown supplier праи с юлас 12 05,CEZARIS ЭП НД 3000-07 кор.эл.плита 60*60 крышка подсв.экспресс-конф.,19200.0,1.0,"{""Остаток"": 1.0}",2026-05-15_13-06-12_unknown_supplier_праи_с_юлас_12_05.xls,391
yulas,unknown supplier праи с юлас 12 05,"ПГ FERRE S5601E кор.газ.плита 50\60\85 ст.кр.э-р,подсв.",14700.0,,{},2026-05-15_13-06-12_unknown_supplier_праи_с_юлас_12_05.xls,393
yulas,unknown supplier праи с юлас 12 05,"ПГ FERRE S5601G белая газ.плита 50\60\85 ст.кр.э-р,подсв.",14700.0,5.0,"{""Остаток"": 5.0}",2026-05-15_13-06-12_unknown_supplier_праи_с_юлас_12_05.xls,394
yulas,unknown supplier праи с юлас 12 05,"ПГ FERRE S5603E кор.газ.плита 50\60\85 ст.кр.чуг.р.э-р,мех.тайм.двухзон.гор.подсв.",16600.0,,{},2026-05-15_13-06-12_unknown_supplier_праи_с_юлас_12_05.xls,395
yulas,unknown supplier праи с юлас 12 05,"ПГ FERRE S5603G белая газ.плита 50\60\85 ст.кр.чуг.р.э-р,мех.тайм.двухзон.гор.подсв.",16600.0,17.0,"{""Остаток"": 17.0}",2026-05-15_13-06-12_unknown_supplier_праи_с_юлас_12_05.xls,396
yulas,unknown supplier праи с юлас 12 05,"ПГ FERRE S6606G белая газ.плита 57\57\85 ст.кр.э-р,мех.тайм.э-р подсв.",16100.0,9.0,"{""Остаток"": 9.0}",2026-05-15_13-06-12_unknown_supplier_праи_с_юлас_12_05.xls,397
yulas,unknown supplier праи с юлас 12 05,"ПГ FERRE S6606Е кор. газ.плита 57\57\85 ст.кр.э-р,мех.тайм.э-р",16100.0,,{},2026-05-15_13-06-12_unknown_supplier_праи_с_юлас_12_05.xls,398
yulas,unknown supplier праи с юлас 12 05,"ПГ FERRE S6608E кор.газ.плита 57\57\85 ст.кр.э-р,мех.тайм.э-р 1двухзон.гор",17100.0,,{},2026-05-15_13-06-12_unknown_supplier_праи_с_юлас_12_05.xls,399
yulas,unknown supplier праи с юлас 12 05,"ПГ FERRE S6608G белая газ.плита 57\57\85 ст.кр.э-р,мех.тайм.э-р 1двухзон.гор",17100.0,,{},2026-05-15_13-06-12_unknown_supplier_праи_с_юлас_12_05.xls,400
yulas,unknown supplier праи с юлас 12 05,ПГЭ FERRE FO-C1E кор.газ+эл.дух.57\57\85 ст.кр.э-р мех.тайм дв.гор.подсв,18050.0,,{},2026-05-15_13-06-12_unknown_supplier_праи_с_юлас_12_05.xls,401
yulas,unknown supplier праи с юлас 12 05,ПГЭ FERRE FO-CE белая газ+эл.дух.57\57\85 ст.кр.э-р мех.тайм дв.гор.подсв,18050.0,,{},2026-05-15_13-06-12_unknown_supplier_праи_с_юлас_12_05.xls,402
yulas,unknown supplier праи с юлас 12 05,ПГЭ FERRE FO-GE кор.газ+эл.дух.50\60\85 ст.кр.э-р мех.тайм подсв,15900.0,,{},2026-05-15_13-06-12_unknown_supplier_праи_с_юлас_12_05.xls,403
yulas,unknown supplier праи с юлас 12 05,ПГЭ FERRE FO-GG белая газ+эл.дух.50\60\85 ст.кр.э-р мех.тайм подсв,15900.0,,{},2026-05-15_13-06-12_unknown_supplier_праи_с_юлас_12_05.xls,404
yulas,unknown supplier праи с юлас 12 05,ПГ-4 GEFEST 1200-С5 белая газ.60*60 таймер эл.розжиг подсв.дух.ящик,24050.0,1.0,"{""Остаток"": 1.0}",2026-05-15_13-06-12_unknown_supplier_праи_с_юлас_12_05.xls,406
yulas,unknown supplier праи с юлас 12 05,ПГ-4 GEFEST 1200-С6 белая газ.60*60 эл.розжиг подсв.дух.,21650.0,17.0,"{""Остаток"": 17.0}",2026-05-15_13-06-12_unknown_supplier_праи_с_юлас_12_05.xls,407
yulas,unknown supplier праи с юлас 12 05,ПГ-4 GEFEST 1200-С6-К19 коричневая газ.60*60 эл.розжиг подсв.дух.,22050.0,23.0,"{""Остаток"": 23.0}",2026-05-15_13-06-12_unknown_supplier_праи_с_юлас_12_05.xls,408
yulas,unknown supplier праи с юлас 12 05,ПГ-4 GEFEST 1200-С6-К33 газ.60*60 эл.розжиг г/к подсв.дух.,23750.0,13.0,"{""Остаток"": 13.0}",2026-05-15_13-06-12_unknown_supplier_праи_с_юлас_12_05.xls,409
yulas,unknown supplier праи с юлас 12 05,ПГ-4 GEFEST 1200-С6-К43 кор.газ.60*60 эл.розжиг г/к подсв.дух.,24250.0,8.0,"{""Остаток"": 8.0}",2026-05-15_13-06-12_unknown_supplier_праи_с_юлас_12_05.xls,410
yulas,unknown supplier праи с юлас 12 05,ПГ-4 GEFEST 1200-С7-К8 белая газ.60*60 мет.крышка,17300.0,37.0,"{""Остаток"": 37.0}",2026-05-15_13-06-12_unknown_supplier_праи_с_юлас_12_05.xls,411
yulas,unknown supplier праи с юлас 12 05,ПГ-4 GEFEST 1200-С7-К89 кор. газ.60*60 мет.крышка,17650.0,25.0,"{""Остаток"": 25.0}",2026-05-15_13-06-12_unknown_supplier_праи_с_юлас_12_05.xls,412
yulas,unknown supplier праи с юлас 12 05,ПГ-4 GEFEST 3200-05 белая газ.50*57 мет.крышка таймер эл.розжиг вертел подсв.дух.,21550.0,1.0,"{""Остаток"": 1.0}",2026-05-15_13-06-12_unknown_supplier_праи_с_юлас_12_05.xls,413
yulas,unknown supplier праи с юлас 12 05,ПГ-4 GEFEST 3200-05-К19 корич.газ.50*57 мет.крышка таймер эл.розжиг вертел подсв.дух.,21950.0,2.0,"{""Остаток"": 2.0}",2026-05-15_13-06-12_unknown_supplier_праи_с_юлас_12_05.xls,414
yulas,unknown supplier праи с юлас 12 05,ПГ-4 GEFEST 3200-06 белая газ.50*57 эл.розжиг подсв.дух.,19650.0,27.0,"{""Остаток"": 27.0}",2026-05-15_13-06-12_unknown_supplier_праи_с_юлас_12_05.xls,415
yulas,unknown supplier праи с юлас 12 05,"ПГ-4 GEFEST 3200-06 К2 белая, ст. крышка, газ.50*57 эл.розжиг подсв.дух.",22050.0,2.0,"{""Остаток"": 2.0}",2026-05-15_13-06-12_unknown_supplier_праи_с_юлас_12_05.xls,416
yulas,unknown supplier праи с юлас 12 05,ПГ-4 GEFEST 3200-06-К19 коричневая газ.50*57 эл.розжиг подсв.дух.,20050.0,26.0,"{""Остаток"": 26.0}",2026-05-15_13-06-12_unknown_supplier_праи_с_юлас_12_05.xls,417
yulas,unknown supplier праи с юлас 12 05,ПГ-4 GEFEST 3200-06-К33 белая газ.50*57 эл.розжиг г/к везде подсв.дух.,21700.0,30.0,"{""Остаток"": 30.0}",2026-05-15_13-06-12_unknown_supplier_праи_с_юлас_12_05.xls,418
yulas,unknown supplier праи с юлас 12 05,ПГ-4 GEFEST 3200-06-К43 кор. газ.50*57 г/к везде эл.розжиг подсв.дух.,22150.0,21.0,"{""Остаток"": 21.0}",2026-05-15_13-06-12_unknown_supplier_праи_с_юлас_12_05.xls,419
yulas,unknown supplier праи с юлас 12 05,ПГ-4 GEFEST 3200-06-К62 нерж.фасад газ.50*57ст.крышка эл.розжиг подсв.дух.,23550.0,3.0,"{""Остаток"": 3.0}",2026-05-15_13-06-12_unknown_supplier_праи_с_юлас_12_05.xls,420
yulas,unknown supplier праи с юлас 12 05,ПГ-4 GEFEST 3200-08 (3100-08) белая газ.50*60 щиток,15650.0,6.0,"{""Остаток"": 6.0}",2026-05-15_13-06-12_unknown_supplier_праи_с_юлас_12_05.xls,421
yulas,unknown supplier праи с юлас 12 05,ПГ-4 GEFEST 3200-08 К19 кор. газ.50*60 щиток,15950.0,8.0,"{""Остаток"": 8.0}",2026-05-15_13-06-12_unknown_supplier_праи_с_юлас_12_05.xls,422
yulas,unknown supplier праи с юлас 12 05,ПГ-4 GEFEST 3200-08-К33 белая газ.50*60 г/к везде щиток,17700.0,13.0,"{""Остаток"": 13.0}",2026-05-15_13-06-12_unknown_supplier_праи_с_юлас_12_05.xls,423
yulas,unknown supplier праи с юлас 12 05,ПГ-4 GEFEST 3200-08-К43 кор. газ.50*60 г/к везде щиток,18050.0,10.0,"{""Остаток"": 10.0}",2026-05-15_13-06-12_unknown_supplier_праи_с_юлас_12_05.xls,424
yulas,unknown supplier праи с юлас 12 05,ПГ-4 GEFEST 5100-0017 белая газ.50*60 щиток кран дух.с безопасностью,15500.0,31.0,"{""Остаток"": 31.0}",2026-05-15_13-06-12_unknown_supplier_праи_с_юлас_12_05.xls,425
yulas,unknown supplier праи с юлас 12 05,ПГ-4 GEFEST 5100-0018 газ.50*60 кор. газ.50*60 щиток кран дух.с безопасностью,15800.0,22.0,"{""Остаток"": 22.0}",2026-05-15_13-06-12_unknown_supplier_праи_с_юлас_12_05.xls,426
yulas,unknown supplier праи с юлас 12 05,ПГ-4 GEFEST 5100-0117 белая газ.50*60 щиток кран дух.с безопасностью,15500.0,2.0,"{""Остаток"": 2.0}",2026-05-15_13-06-12_unknown_supplier_праи_с_юлас_12_05.xls,427
yulas,unknown supplier праи с юлас 12 05,ПГ-4 GEFEST 5100-0118 газ.50*60 кор. газ.50*60 щиток кран дух.с безопасностью,15800.0,1.0,"{""Остаток"": 1.0}",2026-05-15_13-06-12_unknown_supplier_праи_с_юлас_12_05.xls,428
yulas,unknown supplier праи с юлас 12 05,ПГ-4 GEFEST 5100-02 белая газ.50*60 чуг.реш.крышка мех.таймер эл.розжиг вертел гриль подсв.дух.,27700.0,2.0,"{""Остаток"": 2.0}",2026-05-15_13-06-12_unknown_supplier_праи_с_юлас_12_05.xls,429
yulas,unknown supplier праи с юлас 12 05,ПГ-4 GEFEST 5100-02-0001 (К) кор.газ.50*60чуг.реш.кр.мех.тайм.г/к.эл.розж.вертел гриль подсв.дух,28250.0,2.0,"{""Остаток"": 2.0}",2026-05-15_13-06-12_unknown_supplier_праи_с_юлас_12_05.xls,430
yulas,unknown supplier праи с юлас 12 05,"ПГ-4 GEFEST 5100-02-0004 газ.50*50 нерж.кр.чуг.реш.эл.розжиг,гриль, подсв.дух.ящик",33400.0,3.0,"{""Остаток"": 3.0}",2026-05-15_13-06-12_unknown_supplier_праи_с_юлас_12_05.xls,431
yulas,unknown supplier праи с юлас 12 05,ПГ-4 GEFEST 5100-02-0009(Т2) бел. газ.50*60 чуг.реш.кр.эл.роз.гриль подсв.дух.,25500.0,5.0,"{""Остаток"": 5.0}",2026-05-15_13-06-12_unknown_supplier_праи_с_юлас_12_05.xls,432
yulas,unknown supplier праи с юлас 12 05,ПГ-4 GEFEST 5100-02-0010(Т2К) кор. газ.50*60чуг.реш.кр.эл.роз.дух.г/к.гриль подсв.дух.терморег.,26000.0,7.0,"{""Остаток"": 7.0}",2026-05-15_13-06-12_unknown_supplier_праи_с_юлас_12_05.xls,433
yulas,unknown supplier праи с юлас 12 05,ПГ-4 GEFEST 5100-02-0068 серая газ.50*60чуг.реш.кр.мех.тайм.г/к.эл.розж.вертел гриль подсв.дух,29050.0,,{},2026-05-15_13-06-12_unknown_supplier_праи_с_юлас_12_05.xls,434
yulas,unknown supplier праи с юлас 12 05,ПГ-4 GEFEST 5100-02-0167 беж.газ.50*60чуг.реш.кр.мех.тайм.г/к.эл.розж.вертел гриль подсв.дух,28550.0,7.0,"{""Остаток"": 7.0}",2026-05-15_13-06-12_unknown_supplier_праи_с_юлас_12_05.xls,435
yulas,unknown supplier праи с юлас 12 05,"ПГ-4 GEFEST 5100-02-0181""ретро""белая газ.50*60чуг.р. ст.кр.мех.тайм.г/к.эл.р.верт.гриль подсв.дух",29200.0,4.0,"{""Остаток"": 4.0}",2026-05-15_13-06-12_unknown_supplier_праи_с_юлас_12_05.xls,436
yulas,unknown supplier праи с юлас 12 05,"ПГ-4 GEFEST 5100-02-0182""ретро""беж.газ.50*60чуг.р. ст.кр.мех.тайм.г/к.эл.р.верт.гриль подсв.дух",29800.0,3.0,"{""Остаток"": 3.0}",2026-05-15_13-06-12_unknown_supplier_праи_с_юлас_12_05.xls,437
yulas,unknown supplier праи с юлас 12 05,"ПГ-4 GEFEST 5100-02-0183""ретро""черн.газ.50*60чуг.р. ст.кр.мех.тайм.г/к.эл.р.верт.гриль подсв.дух",29850.0,3.0,"{""Остаток"": 3.0}",2026-05-15_13-06-12_unknown_supplier_праи_с_юлас_12_05.xls,438
yulas,unknown supplier праи с юлас 12 05,"ПГ-4 GEFEST 5100-02-0185""ретро""бел.газ.50*60чуг.реш.кр.мех.тайм.г/к.эл.розж.вертел гриль подсв.дух",26550.0,4.0,"{""Остаток"": 4.0}",2026-05-15_13-06-12_unknown_supplier_праи_с_юлас_12_05.xls,439
yulas,unknown supplier праи с юлас 12 05,"ПГ-4 GEFEST 5100-02-0186""ретро""беж.газ.50*60чуг.реш.кр.мех.тайм.г/к.эл.розж.вертел гриль подсв.дух",26700.0,3.0,"{""Остаток"": 3.0}",2026-05-15_13-06-12_unknown_supplier_праи_с_юлас_12_05.xls,440
yulas,unknown supplier праи с юлас 12 05,"ПГ-4 GEFEST 5100-02-0187""ретро""черн.бронз.газ.50*60ч.р.ст.кр.мех.тайм.г/к.э\р.верт.гриль подсв.дух",28500.0,1.0,"{""Остаток"": 1.0}",2026-05-15_13-06-12_unknown_supplier_праи_с_юлас_12_05.xls,441
yulas,unknown supplier праи с юлас 12 05,ПГ-4 GEFEST 5100-03 белая газ.50*60 чуг.реш.крышка эл.таймер эл.розжиг вертел гриль подсв.дух.,30000.0,6.0,"{""Остаток"": 6.0}",2026-05-15_13-06-12_unknown_supplier_праи_с_юлас_12_05.xls,442
yulas,unknown supplier праи с юлас 12 05,ПГ-4 GEFEST 5100-03-0001 (К) кор.газ.50*60чуг.реш.крыш.эл.таймер эл.розжиг вертел гриль подсв.дух.,30600.0,3.0,"{""Остаток"": 3.0}",2026-05-15_13-06-12_unknown_supplier_праи_с_юлас_12_05.xls,443
yulas,unknown supplier праи с юлас 12 05,ПГ-4 GEFEST 5100-03-0002(С) белая газ.50*60 чуг.реш.ст.крышка эл.таймер эл.р.верт.гриль подсв.дух.,31500.0,1.0,"{""Остаток"": 1.0}",2026-05-15_13-06-12_unknown_supplier_праи_с_юлас_12_05.xls,444
yulas,unknown supplier праи с юлас 12 05,ПГ-4 GEFEST 5100-03-0004 нерж.газ.50*60 чуг.реш.ст.кр.г/к.эл.таймер эл.р.верт.гриль подсв.дух.ящик,34400.0,3.0,"{""Остаток"": 3.0}",2026-05-15_13-06-12_unknown_supplier_праи_с_юлас_12_05.xls,445
yulas,unknown supplier праи с юлас 12 05,ПГ-4 GEFEST 5100-04 белая газ.50*60 чуг.реш.шашлыч.эл.таймер эл.розжиг вертел гриль подсв.дух.,33050.0,2.0,"{""Остаток"": 2.0}",2026-05-15_13-06-12_unknown_supplier_праи_с_юлас_12_05.xls,446
yulas,unknown supplier праи с юлас 12 05,ПГ-4 GEFEST 5100-04-0004 нерж.газ.50*60 чуг.реш.шаш.э-тайм.г-к.э-р.в руч.верт.гриль подсв,38000.0,1.0,"{""Остаток"": 1.0}",2026-05-15_13-06-12_unknown_supplier_праи_с_юлас_12_05.xls,447
yulas,unknown supplier праи с юлас 12 05,"ПГ-4 GEFEST 5300-02-0040 бел.газ.50*60чуг.р.ст.фасад, эмал.стол,ст.кр.э-р.верт.гриль таймер подсв.",29450.0,3.0,"{""Остаток"": 3.0}",2026-05-15_13-06-12_unknown_supplier_праи_с_юлас_12_05.xls,448
yulas,unknown supplier праи с юлас 12 05,"ПГ-4 GEFEST 5300-02-0046 чер.газ.50*60чуг.р.ст.фасад, эмал.стол,ст.кр.э-р.верт.гриль таймер подсв.",29450.0,1.0,"{""Остаток"": 1.0}",2026-05-15_13-06-12_unknown_supplier_праи_с_юлас_12_05.xls,449
yulas,unknown supplier праи с юлас 12 05,"ПГ-4 GEFEST 5300-02-0047 кор.газ.50*60чуг.р.ст.фасад, эмал.стол,ст.кр.э-р.верт.гриль таймер подсв.",29450.0,2.0,"{""Остаток"": 2.0}",2026-05-15_13-06-12_unknown_supplier_праи_с_юлас_12_05.xls,450
yulas,unknown supplier праи с юлас 12 05,"ПГ-4 GEFEST 5300-03-0040 бел.газ.50*60чуг.р.ст.фасад, эмал.стол,ст.кр.э-р.верт.гриль э-тайм.г-к",33550.0,4.0,"{""Остаток"": 4.0}",2026-05-15_13-06-12_unknown_supplier_праи_с_юлас_12_05.xls,451
yulas,unknown supplier праи с юлас 12 05,"ПГ-4 GEFEST 5300-03-0046 чер.газ.50*60чуг.р.ст.фасад, эмал.стол,ст.кр.э-р.верт.гриль э-тайм.г-к",33550.0,2.0,"{""Остаток"": 2.0}",2026-05-15_13-06-12_unknown_supplier_праи_с_юлас_12_05.xls,452
yulas,unknown supplier праи с юлас 12 05,"ПГ-4 GEFEST 5500-02-0113 (3500)бел.мрамор.газ.50*60ст.стол и фасад,мех.тайм.э-р.вертел,гриль",32200.0,3.0,"{""Остаток"": 3.0}",2026-05-15_13-06-12_unknown_supplier_праи_с_юлас_12_05.xls,453
yulas,unknown supplier праи с юлас 12 05,"ПГ-4 GEFEST 5500-02-0114 (3500К19)кор.мрамор.газ.50*60ст.стол и фасад,мех.тайм.э-р.вертел,гриль",32200.0,,{},2026-05-15_13-06-12_unknown_supplier_праи_с_юлас_12_05.xls,454
yulas,unknown supplier праи с юлас 12 05,"ПГ-4 GEFEST 5500-02-0115 (3500К32)черн.газ.50*60ст.стол и фасад,мех.тайм.э-р.вертел,гриль",32200.0,4.0,"{""Остаток"": 4.0}",2026-05-15_13-06-12_unknown_supplier_праи_с_юлас_12_05.xls,455
yulas,unknown supplier праи с юлас 12 05,ПГ-4 GEFEST 5500-03-0042 (Д3) газ.50*60 белая эл.тайм.газ-к.эл.розж.вертел гриль,37500.0,3.0,"{""Остаток"": 3.0}",2026-05-15_13-06-12_unknown_supplier_праи_с_юлас_12_05.xls,456
yulas,unknown supplier праи с юлас 12 05,ПГ-4 GEFEST 5500-03-0044 (Д1А) газ.50*60 черн.ст.стол эл.тайм.газ-к везде эл.розж.вертел гриль,37500.0,3.0,"{""Остаток"": 3.0}",2026-05-15_13-06-12_unknown_supplier_праи_с_юлас_12_05.xls,457
yulas,unknown supplier праи с юлас 12 05,ПГ-4 GEFEST 6100-01 чугун.решетка белая газ.60*60 эл.розжиг подсв.дух.ящик,23700.0,23.0,"{""Остаток"": 23.0}",2026-05-15_13-06-12_unknown_supplier_праи_с_юлас_12_05.xls,458
yulas,unknown supplier праи с юлас 12 05,ПГ-4 GEFEST 6100-01-0001 (К) чугун.решетка коричневая газ.60*60 эл.розжиг подсв.дух.ящик,24200.0,19.0,"{""Остаток"": 19.0}",2026-05-15_13-06-12_unknown_supplier_праи_с_юлас_12_05.xls,459
yulas,unknown supplier праи с юлас 12 05,ПГ-4 GEFEST 6100-02 белая газ.60*60 мет.крышка таймер эл.розжиг вертел гриль подсв.дух.,29250.0,4.0,"{""Остаток"": 4.0}",2026-05-15_13-06-12_unknown_supplier_праи_с_юлас_12_05.xls,460
yulas,unknown supplier праи с юлас 12 05,ПГ-4 GEFEST 6100-02-0004 (СН2) нерж. газ.60*60 ст.крышка таймер эл.розжиг вертел гриль подсв.дух.,35300.0,2.0,"{""Остаток"": 2.0}",2026-05-15_13-06-12_unknown_supplier_праи_с_юлас_12_05.xls,461
yulas,unknown supplier праи с юлас 12 05,ПГ-4 GEFEST 6100-02-0009 (Т2)(стар.1200-С4) белая газ.60*60 эл.розжиг гриль подсв.дух.,26700.0,8.0,"{""Остаток"": 8.0}",2026-05-15_13-06-12_unknown_supplier_праи_с_юлас_12_05.xls,462
yulas,unknown supplier праи с юлас 12 05,ПГ-4 GEFEST 6100-02-0010 (Т2К) (стар.1200-С4К) коричневая газ.60*60 эл.розжиг гриль подсв.дух.,27200.0,8.0,"{""Остаток"": 8.0}",2026-05-15_13-06-12_unknown_supplier_праи_с_юлас_12_05.xls,463
yulas,unknown supplier праи с юлас 12 05,ПГ-4 GEFEST 6100-02-0068 серая газ.60*60крышка таймер эл.розжиг вертел гриль подсв.дух.,30700.0,,{},2026-05-15_13-06-12_unknown_supplier_праи_с_юлас_12_05.xls,464
yulas,unknown supplier праи с юлас 12 05,ПГ-4 GEFEST 6100-02-0167 беж. газ.60*60крышка таймер эл.розжиг вертел гриль подсв.дух.,30200.0,8.0,"{""Остаток"": 8.0}",2026-05-15_13-06-12_unknown_supplier_праи_с_юлас_12_05.xls,465
yulas,unknown supplier праи с юлас 12 05,"ПГ-4 GEFEST 6100-02-0181""ретро""бел.газ.60*60ст.кр.чуг.реш.мех.тайм.э-р.вертел гриль подсв.дух.двой",31100.0,2.0,"{""Остаток"": 2.0}",2026-05-15_13-06-12_unknown_supplier_праи_с_юлас_12_05.xls,466
yulas,unknown supplier праи с юлас 12 05,"ПГ-4 GEFEST 6100-02-0182""ретро""беж.газ.60*60ст.крышка таймер эл.розжиг вертел гриль подсв.дух.",31850.0,7.0,"{""Остаток"": 7.0}",2026-05-15_13-06-12_unknown_supplier_праи_с_юлас_12_05.xls,467
yulas,unknown supplier праи с юлас 12 05,"ПГ-4 GEFEST 6100-02-0183""ретро""черн.газ.60*60ст.кр.чуг.мехтайм.э-р. вертел гриль подсв.дух.",31950.0,2.0,"{""Остаток"": 2.0}",2026-05-15_13-06-12_unknown_supplier_праи_с_юлас_12_05.xls,468
yulas,unknown supplier праи с юлас 12 05,"ПГ-4 GEFEST 6100-02-0185""ретро""бел.бронз.газ.60*60кр.таймер эл.розжиг вертел гриль подсв.дух.",28250.0,3.0,"{""Остаток"": 3.0}",2026-05-15_13-06-12_unknown_supplier_праи_с_юлас_12_05.xls,469
yulas,unknown supplier праи с юлас 12 05,"ПГ-4 GEFEST 6100-02-0186""ретро""беж.газ.60*60крышка эл.розжиг гриль подсв.дух.",28250.0,5.0,"{""Остаток"": 5.0}",2026-05-15_13-06-12_unknown_supplier_праи_с_юлас_12_05.xls,470
yulas,unknown supplier праи с юлас 12 05,ПГ-4 GEFEST 6100-02-0187 ретро черная газ.60*60ч/р.ст.кр.эл.розжиг гриль подсв.дух.,30300.0,4.0,"{""Остаток"": 4.0}",2026-05-15_13-06-12_unknown_supplier_праи_с_юлас_12_05.xls,471
yulas,unknown supplier праи с юлас 12 05,ПГ-4 GEFEST 6100-03 белая газ.60*60 кр.эл.тайм.газ-к везде эл.розж.вертел гриль подсв.дух.,31750.0,9.0,"{""Остаток"": 9.0}",2026-05-15_13-06-12_unknown_supplier_праи_с_юлас_12_05.xls,472
yulas,unknown supplier праи с юлас 12 05,ПГ-4 GEFEST 6100-03-0001 (К) корич.газ.60*60 эл.тайм.газ-к везде эл.розж.вертел гриль подсв.дух.,32400.0,,{},2026-05-15_13-06-12_unknown_supplier_праи_с_юлас_12_05.xls,473
yulas,unknown supplier праи с юлас 12 05,ПГ-4 GEFEST 6100-03-0004(СН2)нерж.газ.60*60ст.кр.эл.тайм.газ-к везде эл.розж.вертел гриль подсв.,36450.0,5.0,"{""Остаток"": 5.0}",2026-05-15_13-06-12_unknown_supplier_праи_с_юлас_12_05.xls,474
yulas,unknown supplier праи с юлас 12 05,ПГ-4 GEFEST 6100-03-0179 черная ретро газ.ст.кр.чуг.р.аналог.тайм.г-к.э-р.вертел гриль подсв.дух.,34700.0,5.0,"{""Остаток"": 5.0}",2026-05-15_13-06-12_unknown_supplier_праи_с_юлас_12_05.xls,475
yulas,unknown supplier праи с юлас 12 05,ПГ-4 GEFEST 6100-03-0279 кремов.ретро газ.ст.кр.чуг.р.мех.тайм.г-к.э-р.вертел гриль подсв.дух.,34700.0,3.0,"{""Остаток"": 3.0}",2026-05-15_13-06-12_unknown_supplier_праи_с_юлас_12_05.xls,476
yulas,unknown supplier праи с юлас 12 05,ПГ-4 GEFEST 6100-04 белая газ.60*60 шашл.мультитайм.газ-к везде эл.розж.вертел гриль подсв.,34900.0,2.0,"{""Остаток"": 2.0}",2026-05-15_13-06-12_unknown_supplier_праи_с_юлас_12_05.xls,477
yulas,unknown supplier праи с юлас 12 05,ПГ-4 GEFEST 6100-04-0004(СН2)нерж.ст.кр.60*60 шашл.эл.тайм.газ-к везде эл.розж.верт.гриль подсв.,40150.0,4.0,"{""Остаток"": 4.0}",2026-05-15_13-06-12_unknown_supplier_праи_с_юлас_12_05.xls,478
yulas,unknown supplier праи с юлас 12 05,ПГ-4 GEFEST 6300-02-0040 белая газ.60*60 ч.р.ст.фасад.ст.кр.мех.т.э/р.вертел гриль подсв.,31500.0,6.0,"{""Остаток"": 6.0}",2026-05-15_13-06-12_unknown_supplier_праи_с_юлас_12_05.xls,479
yulas,unknown supplier праи с юлас 12 05,ПГ-4 GEFEST 6300-02-0046(СД1А) газ.60*60 ст.кр. черн.эл.тайм.газ-к.эл.розж.вертел гриль,31500.0,4.0,"{""Остаток"": 4.0}",2026-05-15_13-06-12_unknown_supplier_праи_с_юлас_12_05.xls,480
yulas,unknown supplier праи с юлас 12 05,ПГ-4 GEFEST 6300-02-0047(СД1К)(1300 К39)газ.60*60 ст.кр. кор.эл.тайм.газ-к.эл.розж.вертел гриль,31500.0,3.0,"{""Остаток"": 3.0}",2026-05-15_13-06-12_unknown_supplier_праи_с_юлас_12_05.xls,481
yulas,unknown supplier праи с юлас 12 05,ПГ-4 GEFEST 6300-03-0040 белая газ.60*60 ст.кр. эл.тайм.полный газ-к.автоподж.вертел гриль,35900.0,4.0,"{""Остаток"": 4.0}",2026-05-15_13-06-12_unknown_supplier_праи_с_юлас_12_05.xls,482
yulas,unknown supplier праи с юлас 12 05,ПГ-4 GEFEST 6300-03-0046 (СД1А) газ.60*60 ст.кр. черн.эл.тайм.полный газ-к.автоподж.вертел гриль,35900.0,2.0,"{""Остаток"": 2.0}",2026-05-15_13-06-12_unknown_supplier_праи_с_юлас_12_05.xls,483
yulas,unknown supplier праи с юлас 12 05,ПГ-4 GEFEST 6300-03-0047(СД1К) газ.60*60 ст.кр. кор.эл.тайм.полный газ-к.автоподж.вертел гриль,35900.0,3.0,"{""Остаток"": 3.0}",2026-05-15_13-06-12_unknown_supplier_праи_с_юлас_12_05.xls,484
yulas,unknown supplier праи с юлас 12 05,ПГ-4 GEFEST 6300-03-0053 черн.мрамор газ.60*60 ст.кр.эл.тайм.полный газ-к.автоподж.вертел гриль,35900.0,4.0,"{""Остаток"": 4.0}",2026-05-15_13-06-12_unknown_supplier_праи_с_юлас_12_05.xls,485
yulas,unknown supplier праи с юлас 12 05,ПГ-4 GEFEST 6300-03-0054 кор.мрамор газ.60*60 ст.кр.эл.тайм.полный газ-к.автоподж.вертел гриль,35900.0,1.0,"{""Остаток"": 1.0}",2026-05-15_13-06-12_unknown_supplier_праи_с_юлас_12_05.xls,486
yulas,unknown supplier праи с юлас 12 05,"ПГ-4 GEFEST 6500-02-0042 (Д3) газ.60*60 белая ст.стол и фасад, мех.тайм.эл.розж.вертел гриль",34850.0,3.0,"{""Остаток"": 3.0}",2026-05-15_13-06-12_unknown_supplier_праи_с_юлас_12_05.xls,487
yulas,unknown supplier праи с юлас 12 05,"ПГ-4 GEFEST 6500-02-0044 (Д1А)газ.60*60 чер.ст.стол и фасад,мех.тайм.эл.розж.вертел гриль",34850.0,3.0,"{""Остаток"": 3.0}",2026-05-15_13-06-12_unknown_supplier_праи_с_юлас_12_05.xls,488
yulas,unknown supplier праи с юлас 12 05,"ПГ-4 GEFEST 6500-02-0045 (Д1К) газ.60*60 кор.ст.стол и фасад,мех.тайм.эл.розж.вертел гриль",34850.0,2.0,"{""Остаток"": 2.0}",2026-05-15_13-06-12_unknown_supplier_праи_с_юлас_12_05.xls,489
yulas,unknown supplier праи с юлас 12 05,"ПГ-4 GEFEST 6500-02-0113 (1500)бел.мрамор.газ.60*60ст.стол и фасад,мех.тайм.э-р.вертел,гриль",34150.0,3.0,"{""Остаток"": 3.0}",2026-05-15_13-06-12_unknown_supplier_праи_с_юлас_12_05.xls,490
yulas,unknown supplier праи с юлас 12 05,"ПГ-4 GEFEST 6500-02-0114 (1500К19)кор.мрамор.газ.60*60ст.стол и фасад,мех.тайм.э-р.вертел,гриль",34150.0,,{},2026-05-15_13-06-12_unknown_supplier_праи_с_юлас_12_05.xls,491
yulas,unknown supplier праи с юлас 12 05,"ПГ-4 GEFEST 6500-02-0115 (1500К32) черн.мрам. газ.60*60ст.стол и фасад,мех.тайм.э-р.вертел,гриль",34150.0,4.0,"{""Остаток"": 4.0}",2026-05-15_13-06-12_unknown_supplier_праи_с_юлас_12_05.xls,492
yulas,unknown supplier праи с юлас 12 05,ПГ-4 GEFEST 6500-03-0042 (Д3) газ.60*60 белая эл.тайм.газ-к.эл.розж.вертел гриль,39150.0,3.0,"{""Остаток"": 3.0}",2026-05-15_13-06-12_unknown_supplier_праи_с_юлас_12_05.xls,493
yulas,unknown supplier праи с юлас 12 05,ПГ-4 GEFEST 6500-03-0044 (Д1А) газ.60*60 ст.стол ч-бел.эл.тайм.газ-к везде эл.розж.вертел гриль,39150.0,2.0,"{""Остаток"": 2.0}",2026-05-15_13-06-12_unknown_supplier_праи_с_юлас_12_05.xls,494
yulas,unknown supplier праи с юлас 12 05,ПГ-4 GEFEST 6500-03-0045 (Д1К) газ.60*60 ст.стол кор-беж.эл.тайм.газ-к везде эл.розж.вертел гриль,39150.0,3.0,"{""Остаток"": 3.0}",2026-05-15_13-06-12_unknown_supplier_праи_с_юлас_12_05.xls,495
yulas,unknown supplier праи с юлас 12 05,ПГ-4 GEFEST 6500-03-0053 черн.мрамор газ.60*60 ст.стол эл.тайм.газ-к везде эл.розж.вертел гриль,39150.0,2.0,"{""Остаток"": 2.0}",2026-05-15_13-06-12_unknown_supplier_праи_с_юлас_12_05.xls,496
yulas,unknown supplier праи с юлас 12 05,ПГ-4 GEFEST 6500-03-0054 кор.мрамор газ.60*60 ст.стол эл.тайм.газ-к везде эл.розж.вертел гриль,39150.0,2.0,"{""Остаток"": 2.0}",2026-05-15_13-06-12_unknown_supplier_праи_с_юлас_12_05.xls,497
yulas,unknown supplier праи с юлас 12 05,"ПГ-4 GEFEST 6500-04-0244 чер.газ.60*60ст.стол.ст.фас.э-тайм.г-к э-р.а руч.верт.гриль,шашл.",44000.0,1.0,"{""Остаток"": 1.0}",2026-05-15_13-06-12_unknown_supplier_праи_с_юлас_12_05.xls,498
yulas,unknown supplier праи с юлас 12 05,"ПГ-4 GEFEST 6500-04-0245 кор.газ.60*60ст.стол.ст.фас.э-тайм.г-к э-р.а руч.верт.гриль,шашл.",44000.0,1.0,"{""Остаток"": 1.0}",2026-05-15_13-06-12_unknown_supplier_праи_с_юлас_12_05.xls,499
yulas,unknown supplier праи с юлас 12 05,ПГЭ-4 GEFEST 5101-02 ПЛИТА белая газ.+эл.дух.50*60 чу.реш.мех.тайм.эл.розж.вертел подсв.ящик,27100.0,1.0,"{""Остаток"": 1.0}",2026-05-15_13-06-12_unknown_supplier_праи_с_юлас_12_05.xls,500
yulas,unknown supplier праи с юлас 12 05,ПГЭ-4 GEFEST 5101-02-0001 (К) кор.газ.+эл.дух.50*60 чуг.р.мех.тайм.эл.розж.верт.подсв.ящик,27650.0,1.0,"{""Остаток"": 1.0}",2026-05-15_13-06-12_unknown_supplier_праи_с_юлас_12_05.xls,501
yulas,unknown supplier праи с юлас 12 05,ПГЭ-4 GEFEST 5102-02 ПЛИТА белая газ.+эл.дух.50*60 чуг.реш. эл.мех.тайм.эл.розж.вертел подсв.ящик,28250.0,10.0,"{""Остаток"": 10.0}",2026-05-15_13-06-12_unknown_supplier_праи_с_юлас_12_05.xls,502
yulas,unknown supplier праи с юлас 12 05,ПГЭ-4 GEFEST 5102-02-0001 (К) кор.газ.+эл.дух.50*60 чуг.р. эл.мех.тайм.эл.розж.верт.подсв.ящик,28800.0,7.0,"{""Остаток"": 7.0}",2026-05-15_13-06-12_unknown_supplier_праи_с_юлас_12_05.xls,503
yulas,unknown supplier праи с юлас 12 05,"ПГЭ-4 GEFEST 5102-03 белая газ+эл.дух.50*60 чуг.реш.эл.тайм.э-р.г/к.вертел турбогриль,э-гриль.шашл.",33500.0,11.0,"{""Остаток"": 11.0}",2026-05-15_13-06-12_unknown_supplier_праи_с_юлас_12_05.xls,504
yulas,unknown supplier праи с юлас 12 05,ПГЭ-4 GEFEST 5102-03-0023 (Т5) бел.газ+эл.дух.50*60 чуг.реш.мех.тайм.э-р.э-гриль.вертел турбогриль,29350.0,11.0,"{""Остаток"": 11.0}",2026-05-15_13-06-12_unknown_supplier_праи_с_юлас_12_05.xls,505
yulas,unknown supplier праи с юлас 12 05,ПГЭ-4 GEFEST 5102-03-0027 нерж.газ+эл.дух.50*60ст.кр.чуг.реш.мех.тайм.э-р.э-гриль.вертел турбогриль,33800.0,5.0,"{""Остаток"": 5.0}",2026-05-15_13-06-12_unknown_supplier_праи_с_юлас_12_05.xls,506
yulas,unknown supplier праи с юлас 12 05,ПГЭ-4 GEFEST 5110-01 ПЛИТА белая 3газ.+1эл.50*60 мет.крышка эл.розжиг г/к.подсв.дух.ящик,21900.0,1.0,"{""Остаток"": 1.0}",2026-05-15_13-06-12_unknown_supplier_праи_с_юлас_12_05.xls,507
yulas,unknown supplier праи с юлас 12 05,ПГЭ-4 GEFEST 5112-02 ПЛИТА белая 3газ.+1эл.+эл.духов50*60 мет.кр.э-мех.тайм.верт.эл.р.подсв.дух.ящ.,27000.0,1.0,"{""Остаток"": 1.0}",2026-05-15_13-06-12_unknown_supplier_праи_с_юлас_12_05.xls,508
yulas,unknown supplier праи с юлас 12 05,ПГЭ-4 GEFEST 5302-03 0052 бел.мрамор ПЛИТА ст.фр.газ+эл.дух.50*60ч.р.ст.кр.э-мех.тайм.г-к.э-р.конв.,34150.0,5.0,"{""Остаток"": 5.0}",2026-05-15_13-06-12_unknown_supplier_праи_с_юлас_12_05.xls,509
yulas,unknown supplier праи с юлас 12 05,ПГЭ-4 GEFEST 5302-03 0053 ПЛИТА черн.мрам.ст.фр.газ+эл.дух.50*60ч.р.ст.кр.э-мех.тайм.г-к.э-р.конв.,34150.0,3.0,"{""Остаток"": 3.0}",2026-05-15_13-06-12_unknown_supplier_праи_с_юлас_12_05.xls,510
yulas,unknown supplier праи с юлас 12 05,ПГЭ-4 GEFEST 5302-03 0054 ПЛИТА кор.мрам.ст.фр.газ+эл.дух.50*60ч.р.ст.кр.э-мех.тайм.г-к.э-р.конв.,34150.0,3.0,"{""Остаток"": 3.0}",2026-05-15_13-06-12_unknown_supplier_праи_с_юлас_12_05.xls,511
yulas,unknown supplier праи с юлас 12 05,ПГЭ-4 GEFEST 5302-04 0267 ПЛИТА крем.ст.фр.газ+эл.дух.50*60ч.р.ст.кр.сенс.тайм.г-к.э-р.конв.шашл.,36600.0,5.0,"{""Остаток"": 5.0}",2026-05-15_13-06-12_unknown_supplier_праи_с_юлас_12_05.xls,512
yulas,unknown supplier праи с юлас 12 05,"ПГЭ-4 GEFEST 5502-02 0042 ПЛИТА ст.фронт,газ.+эл.дух.50*60ч.р.э-р эл.тайм. верт.гриль подсв.",33000.0,3.0,"{""Остаток"": 3.0}",2026-05-15_13-06-12_unknown_supplier_праи_с_юлас_12_05.xls,513
yulas,unknown supplier праи с юлас 12 05,"ПГЭ-4 GEFEST 5502-02 0044 ПЛИТА черная,ст.фронт,газ.+эл.дух.50*60ч.р.э-р эл.тайм. верт.гриль подсв.",33000.0,3.0,"{""Остаток"": 3.0}",2026-05-15_13-06-12_unknown_supplier_праи_с_юлас_12_05.xls,514
yulas,unknown supplier праи с юлас 12 05,"ПГЭ-4 GEFEST 5502-02 0045 ПЛИТА кор.ст.фронт,газ.+эл.дух.50*60ч.р.э-р эл.тайм. верт.гриль подсв.",33000.0,3.0,"{""Остаток"": 3.0}",2026-05-15_13-06-12_unknown_supplier_праи_с_юлас_12_05.xls,515
yulas,unknown supplier праи с юлас 12 05,"ПГЭ-4 GEFEST 5502-03 0042 ПЛИТА белая ст.фронт,газ.+эл.дух.50*60ч.р.э-р эл.тайм.конв.г\к верт.шашл",38250.0,4.0,"{""Остаток"": 4.0}",2026-05-15_13-06-12_unknown_supplier_праи_с_юлас_12_05.xls,516
yulas,unknown supplier праи с юлас 12 05,"ПГЭ-4 GEFEST 5502-03 0044 ПЛИТА черная,ст.фронт,газ.+эл.дух.50*60ч.р.э-р эл.тайм.конв.г\к верт.шашл",38250.0,3.0,"{""Остаток"": 3.0}",2026-05-15_13-06-12_unknown_supplier_праи_с_юлас_12_05.xls,517
yulas,unknown supplier праи с юлас 12 05,"ПГЭ-4 GEFEST 5502-03 0045 ПЛИТА кор.ст.фронт,газ.+эл.дух.50*60ч.р.э-р эл.тайм.конв.г\к верт.шашл",38250.0,3.0,"{""Остаток"": 3.0}",2026-05-15_13-06-12_unknown_supplier_праи_с_юлас_12_05.xls,518
yulas,unknown supplier праи с юлас 12 05,"ПГЭ-4 GEFEST 5502-04 0053 ПЛИТА чёр мр.ст.фронт,газ.+эл.дух.50*60ч.р.э-р эл.тайм.конв.г\к верт.шашл",38450.0,1.0,"{""Остаток"": 1.0}",2026-05-15_13-06-12_unknown_supplier_праи_с_юлас_12_05.xls,519
yulas,unknown supplier праи с юлас 12 05,"ПГЭ-4 GEFEST 5502-04 0054 ПЛИТА кор мр.ст.фронт,газ.+эл.дух.50*60ч.р.э-р эл.тайм.конв.г\к верт.шашл",38450.0,2.0,"{""Остаток"": 2.0}",2026-05-15_13-06-12_unknown_supplier_праи_с_юлас_12_05.xls,520
yulas,unknown supplier праи с юлас 12 05,ПГЭ-4 GEFEST 6101-02 белая газ.+газо-эл.дух.60*60 ч/р мех.тайм.э-р вертел подс.э-гриль ящик,28650.0,1.0,"{""Остаток"": 1.0}",2026-05-15_13-06-12_unknown_supplier_праи_с_юлас_12_05.xls,521
yulas,unknown supplier праи с юлас 12 05,ПГЭ-4 GEFEST 6101-02-0001(К) кор. газ.+газо-эл.дух.60*60 ч/р мех.тайм.э-р вертел подс.э-гриль ящик,29200.0,1.0,"{""Остаток"": 1.0}",2026-05-15_13-06-12_unknown_supplier_праи_с_юлас_12_05.xls,522
yulas,unknown supplier праи с юлас 12 05,ПГЭ-4 GEFEST 6102-02 ПЛИТА белая газ.+эл.дух.60*60 эл.тайм.эл.мех.розж.вертел подсв.ящик,29750.0,6.0,"{""Остаток"": 6.0}",2026-05-15_13-06-12_unknown_supplier_праи_с_юлас_12_05.xls,523
yulas,unknown supplier праи с юлас 12 05,ПГЭ-4 GEFEST 6102-02-0001 (К)коричневая газ.+эл.дух.60*60 эл.тайм.эл.мех.розж.вертел подсв.ящик,30300.0,7.0,"{""Остаток"": 7.0}",2026-05-15_13-06-12_unknown_supplier_праи_с_юлас_12_05.xls,524
yulas,unknown supplier праи с юлас 12 05,ПГЭ-4 GEFEST 6102-03 ПЛИТА.газ.+эл.дух60*60 мет.кр.эл.тайм.г-к стола эл.розж.вертел турбогриль шашл,35000.0,11.0,"{""Остаток"": 11.0}",2026-05-15_13-06-12_unknown_supplier_праи_с_юлас_12_05.xls,525
yulas,unknown supplier праи с юлас 12 05,ПГЭ-4 GEFEST 6102-03-0001 (К) кор.газ.+эл.дух60*60 мет.кр.эл.тайм.г-к стола э-р.верт.турбогр.шашл.,35750.0,7.0,"{""Остаток"": 7.0}",2026-05-15_13-06-12_unknown_supplier_праи_с_юлас_12_05.xls,526
yulas,unknown supplier праи с юлас 12 05,ПГЭ-4 GEFEST 6102-03-0027 нерж.газ.+эл.дух60*60 ст.кр.эл-мех.тайм.эл.розж.вертел турбогриль,35650.0,9.0,"{""Остаток"": 9.0}",2026-05-15_13-06-12_unknown_supplier_праи_с_юлас_12_05.xls,527
yulas,unknown supplier праи с юлас 12 05,ПГЭ-4 GEFEST 6102-03-0167 крем. газ.+эл.дух60*60 ст.кр.эл-мех.тайм.эл.розж.вертел турбогриль,36050.0,7.0,"{""Остаток"": 7.0}",2026-05-15_13-06-12_unknown_supplier_праи_с_юлас_12_05.xls,528
yulas,unknown supplier праи с юлас 12 05,ПГЭ-4 GEFEST 6110-01 ПЛИТА белая 3газ.+1эл. 60*60 мет.крышка эл.розжиг подсв.дух.,23800.0,1.0,"{""Остаток"": 1.0}",2026-05-15_13-06-12_unknown_supplier_праи_с_юлас_12_05.xls,529
yulas,unknown supplier праи с юлас 12 05,"ПГЭ-4 GEFEST 6110-02-0001(К) ПЛИТА кор3газ.+1эл. 60*60кр.эл.розж.подсв.дух.горелка-гриль, верт.",24150.0,,{},2026-05-15_13-06-12_unknown_supplier_праи_с_юлас_12_05.xls,530
yulas,unknown supplier праи с юлас 12 05,"ПГЭ-4 GEFEST 6112-02 ПЛИТА белая3газ.+1эл.+эл.дух.мет.кр.эл.розж. подсв.дух., горелка-гриль, вертел",28850.0,1.0,"{""Остаток"": 1.0}",2026-05-15_13-06-12_unknown_supplier_праи_с_юлас_12_05.xls,531
yulas,unknown supplier праи с юлас 12 05,"ПГЭ-4 GEFEST 6112-02-0112 белая 2газ.+2эл.+эл.дух.щиток.эл.розж. подсв.дух., горелка-гриль, вертел",31300.0,1.0,"{""Остаток"": 1.0}",2026-05-15_13-06-12_unknown_supplier_праи_с_юлас_12_05.xls,532
yulas,unknown supplier праи с юлас 12 05,"ПГЭ-4 GEFEST 6112-02-0137 кор.2газ.+2эл.+эл.дух.щиток.эл.розж. подсв.дух., горелка-гриль, вертел",31900.0,1.0,"{""Остаток"": 1.0}",2026-05-15_13-06-12_unknown_supplier_праи_с_юлас_12_05.xls,533
yulas,unknown supplier праи с юлас 12 05,"ПГЭ-4 GEFEST 6302-03 0052 бел.мрамор ст.фронт,газ.+эл.дух.60*60ч.р.эл-мех.тайм.г-к.э-р.конв.верт.",35750.0,5.0,"{""Остаток"": 5.0}",2026-05-15_13-06-12_unknown_supplier_праи_с_юлас_12_05.xls,534
yulas,unknown supplier праи с юлас 12 05,"ПГЭ-4 GEFEST 6302-03 0053 черн.мрамор ст.фронт,газ.+эл.дух.60*60ч.р.эл-мех.тайм.г-к.э-р.конв.верт.",35750.0,5.0,"{""Остаток"": 5.0}",2026-05-15_13-06-12_unknown_supplier_праи_с_юлас_12_05.xls,535
yulas,unknown supplier праи с юлас 12 05,"ПГЭ-4 GEFEST 6302-03 0054 кор.мрамор ст.фронт,газ.+эл.дух.60*60ч.р.эл-мех.тайм.г-к.э-р.конв.верт.",35750.0,5.0,"{""Остаток"": 5.0}",2026-05-15_13-06-12_unknown_supplier_праи_с_юлас_12_05.xls,536
yulas,unknown supplier праи с юлас 12 05,ПГЭ-4 GEFEST 6302-04 0267 крем.ст.фр.газ+эл.дух.60*60ч.р.ст.кр.сенс.тайм.г-к.э-р.конв.шашл.,38500.0,4.0,"{""Остаток"": 4.0}",2026-05-15_13-06-12_unknown_supplier_праи_с_юлас_12_05.xls,537
yulas,unknown supplier праи с юлас 12 05,"ПГЭ-4 GEFEST 6502-02 0042 ПЛИТА белая,ст.фронт,газ.+эл.дух.60*60чуг.э-р.э-мех.тайм.э-гриль,верт.ящ.",34900.0,3.0,"{""Остаток"": 3.0}",2026-05-15_13-06-12_unknown_supplier_праи_с_юлас_12_05.xls,538
yulas,unknown supplier праи с юлас 12 05,"ПГЭ-4 GEFEST 6502-02 0044(Д1А) ПЛИТА черная,ст.фронт,газ.+эл.дух.60*60 эл.мех.тайм.ящик",34900.0,3.0,"{""Остаток"": 3.0}",2026-05-15_13-06-12_unknown_supplier_праи_с_юлас_12_05.xls,539
yulas,unknown supplier праи с юлас 12 05,"ПГЭ-4 GEFEST 6502-02 0045(Д1К) ПЛИТА корич,ст.фронт,газ.+эл.дух.60*60 эл.мех.тайм.ящик",34900.0,2.0,"{""Остаток"": 2.0}",2026-05-15_13-06-12_unknown_supplier_праи_с_юлас_12_05.xls,540
yulas,unknown supplier праи с юлас 12 05,"ПГЭ-4 GEFEST 6502-03 0029 ПЛИТА черная,ст.фронт,газ.+эл.дух.60*60 эл.мех.тайм.э-р.конвекц.ящик",36450.0,10.0,"{""Остаток"": 10.0}",2026-05-15_13-06-12_unknown_supplier_праи_с_юлас_12_05.xls,541
yulas,unknown supplier праи с юлас 12 05,"ПГЭ-4 GEFEST 6502-03 0030 ПЛИТА кор,ст.фронт,газ.+эл.дух.60*60 эл.мех.тайм.э-р.конвекц.ящик",36450.0,8.0,"{""Остаток"": 8.0}",2026-05-15_13-06-12_unknown_supplier_праи_с_юлас_12_05.xls,542
yulas,unknown supplier праи с юлас 12 05,"ПГЭ-4 GEFEST 6502-03 0044(Д1А) ПЛИТА черная,ст.фронт,газ.+эл.дух.60*60 эл.тайм.шашл.конв.э-р.ящик",39650.0,3.0,"{""Остаток"": 3.0}",2026-05-15_13-06-12_unknown_supplier_праи_с_юлас_12_05.xls,543
yulas,unknown supplier праи с юлас 12 05,"ПГЭ-4 GEFEST 6502-03 0045(Д1К) корич,ст.фронт,газ.+эл.дух.60*60 эл.тайм.конв.шашл.г-к.э-р.ящик",39650.0,4.0,"{""Остаток"": 4.0}",2026-05-15_13-06-12_unknown_supplier_праи_с_юлас_12_05.xls,544
yulas,unknown supplier праи с юлас 12 05,"ПГЭ-4 GEFEST 6502-03 0242 белый с рис.ст.фронт,газ.+эл.дух.60*60чуг.р.сенс.тайм.шашл.г-к.э-р.гриль",40600.0,13.0,"{""Остаток"": 13.0}",2026-05-15_13-06-12_unknown_supplier_праи_с_юлас_12_05.xls,545
yulas,unknown supplier праи с юлас 12 05,"ПГЭ-4 GEFEST 6502-03 0244 черн. с рис.ст.фронт,газ.+эл.дух.60*60чуг.р.сенс.тайм.шашл.г-к.э-р.гриль",40600.0,7.0,"{""Остаток"": 7.0}",2026-05-15_13-06-12_unknown_supplier_праи_с_юлас_12_05.xls,546
yulas,unknown supplier праи с юлас 12 05,"ПГЭ-4 GEFEST 6502-03 0245 кор. с рис.ст.фронт,газ.+эл.дух.60*60чуг.р.сенс.тайм.шашл.г-к.э-р.гриль",40600.0,8.0,"{""Остаток"": 8.0}",2026-05-15_13-06-12_unknown_supplier_праи_с_юлас_12_05.xls,547
yulas,unknown supplier праи с юлас 12 05,ПЭ-3 GEFEST 5140 ПЛИТА белая эл.3 конфор.50*58 мет.крыш. подсв.дух провол.напр.ящик,17900.0,,{},2026-05-15_13-06-12_unknown_supplier_праи_с_юлас_12_05.xls,548
yulas,unknown supplier праи с юлас 12 05,ПЭ-3 GEFEST 5140-0001 ПЛИТА кор.эл.3 конфор.50*58 мет.крыш. подсв.дух провол.напр.ящик,18250.0,1.0,"{""Остаток"": 1.0}",2026-05-15_13-06-12_unknown_supplier_праи_с_юлас_12_05.xls,549
yulas,unknown supplier праи с юлас 12 05,ПЭ-4 GEFEST 5140-01 ПЛИТА белая 4-х конф.эл.50*58 мет.крыш. эл/гриль подсв.дух провол.напр.ящик,21350.0,1.0,"{""Остаток"": 1.0}",2026-05-15_13-06-12_unknown_supplier_праи_с_юлас_12_05.xls,550
yulas,unknown supplier праи с юлас 12 05,ПЭ-4 GEFEST 5140-01-0001 ПЛИТА кор.4-х конф.эл.50*58 мет.крыш. эл/гриль подсв.дух провол.напр.ящик,21800.0,1.0,"{""Остаток"": 1.0}",2026-05-15_13-06-12_unknown_supplier_праи_с_юлас_12_05.xls,551
yulas,unknown supplier праи с юлас 12 05,ПЭ-4 GEFEST 5140-01-0035 ПЛИТА белая 4-х конф.эл.50*58 щиток подсв.дух провол.напр.ящик,19350.0,,{},2026-05-15_13-06-12_unknown_supplier_праи_с_юлас_12_05.xls,552
yulas,unknown supplier праи с юлас 12 05,ПЭ-4 GEFEST 5140-01-0036 ПЛИТА кор.4-х конф.эл.50*58 щиток подсв.дух провол.напр.ящик,19700.0,1.0,"{""Остаток"": 1.0}",2026-05-15_13-06-12_unknown_supplier_праи_с_юлас_12_05.xls,553
yulas,unknown supplier праи с юлас 12 05,ПЭ-4 GEFEST 5140-01-0121 ПЛИТА белая ретро 4-х конф.эл.50*58 мет.кр.э-гр.подсв.дух провол.напр.ящик,22450.0,1.0,"{""Остаток"": 1.0}",2026-05-15_13-06-12_unknown_supplier_праи_с_юлас_12_05.xls,554
yulas,unknown supplier праи с юлас 12 05,"ПЭ-4 GEFEST 5140-02 ПЛИТА бел.4-х конф.эл.50*58 кр.эл-мех.тайм.усил.гриль,конв.верт.экспесс-конф.",24350.0,1.0,"{""Остаток"": 1.0}",2026-05-15_13-06-12_unknown_supplier_праи_с_юлас_12_05.xls,555
yulas,unknown supplier праи с юлас 12 05,"ПЭ-4 GEFEST 5140-02-0037 ПЛИТА бел.4-х конф.эл.50*58 крышка эл.мех.тайм.подсв.гриль,пров.напр.ящик",22400.0,,{},2026-05-15_13-06-12_unknown_supplier_праи_с_юлас_12_05.xls,556
yulas,unknown supplier праи с юлас 12 05,"ПЭ-4 GEFEST 5140-02-0038 ПЛИТА кор.4-х конф.эл.50*58 крышка эл.мех.тайм.подсв.гриль,пров.напр.ящик",22850.0,1.0,"{""Остаток"": 1.0}",2026-05-15_13-06-12_unknown_supplier_праи_с_юлас_12_05.xls,557
yulas,unknown supplier праи с юлас 12 05,"ПЭ-4 GEFEST 5160-01-0033 ПЛИТА белая 4-х конф.эл.50*58 стеклокерамика, подсв.дух",30450.0,,{},2026-05-15_13-06-12_unknown_supplier_праи_с_юлас_12_05.xls,558
yulas,unknown supplier праи с юлас 12 05,"ПЭ-4 GEFEST 5160-02-0095 ПЛИТА белая 4-х конф.эл.50*58 стеклокер.подсв.дух.эл.гриль,конвекция",31450.0,1.0,"{""Остаток"": 1.0}",2026-05-15_13-06-12_unknown_supplier_праи_с_юлас_12_05.xls,559
yulas,unknown supplier праи с юлас 12 05,"ПЭ-4 GEFEST 5560-03 0053 ПЛИТА чёрн мрам.ст.фас.стеклокер.эл.плита50*60эл.тайм.э-гр.конв.верт,шашл",37950.0,,{},2026-05-15_13-06-12_unknown_supplier_праи_с_юлас_12_05.xls,560
yulas,unknown supplier праи с юлас 12 05,"ПЭ-4 GEFEST 5560-03 0054 ПЛИТАкор.мрам.ст.фасад стеклокер.эл.плита50*60эл.тайм.э-гр.конв.верт,шашл",37950.0,1.0,"{""Остаток"": 1.0}",2026-05-15_13-06-12_unknown_supplier_праи_с_юлас_12_05.xls,561
yulas,unknown supplier праи с юлас 12 05,"ПЭ-4 GEFEST 5560-03 0057 ПЛИТА черная ст.фасад стеклокер.эл.плита50*60эл.тайм.э-гр.конв.верт,шашл",38850.0,1.0,"{""Остаток"": 1.0}",2026-05-15_13-06-12_unknown_supplier_праи_с_юлас_12_05.xls,562
yulas,unknown supplier праи с юлас 12 05,"ПЭ-4 GEFEST 6560-03 0053 ПЛИТА черн.мрам.ст.ф.стеклокер.эл60*60сенс.тайм.э-гр.конв.верт.турбо,шашл",38600.0,1.0,"{""Остаток"": 1.0}",2026-05-15_13-06-12_unknown_supplier_праи_с_юлас_12_05.xls,563
yulas,unknown supplier праи с юлас 12 05,"ПЭ-4 GEFEST 6560-03 0054 ПЛИТА кор.мрамор ст.ф.стеклокер.эл60*60сенс.тайм.э-гр.конв.верт.турбо,шашл",38600.0,,{},2026-05-15_13-06-12_unknown_supplier_праи_с_юлас_12_05.xls,564
yulas,unknown supplier праи с юлас 12 05,"ПЭ-4 GEFEST 6560-03 0057 ПЛИТА чер. ст.фас.стеклокер.эл60*60сенс.тайм.э-гр.конв.верт.турбо,шашл",39250.0,1.0,"{""Остаток"": 1.0}",2026-05-15_13-06-12_unknown_supplier_праи_с_юлас_12_05.xls,565
yulas,unknown supplier праи с юлас 12 05,ПЭ-4 GEFEST 6140-01 ПЛИТА белая эл60*60мет.крыш.ТЭНгриль ТЭНверх.подсв.дух ящик,22150.0,1.0,"{""Остаток"": 1.0}",2026-05-15_13-06-12_unknown_supplier_праи_с_юлас_12_05.xls,566
yulas,unknown supplier праи с юлас 12 05,ПЭ-4 GEFEST 6140-02 белая эл60*60мет.крыш.эл.мех.таймер вентилят.турбогриль ТЭНгриль подсв.дух ящик,25650.0,,{},2026-05-15_13-06-12_unknown_supplier_праи_с_юлас_12_05.xls,567
yulas,unknown supplier праи с юлас 12 05,ПЭ-4 GEFEST 6140-02-0001 (К)кор. эл60*60мет.кр..эл.мех.тайм. вент.турбогриль ТЭНгриль подсв.дух ящик,26200.0,,{},2026-05-15_13-06-12_unknown_supplier_праи_с_юлас_12_05.xls,568
yulas,unknown supplier праи с юлас 12 05,ПЭ-4 GEFEST 6140-03 .эл.60*60 мет.крыш.эл.таймер вентилятор турбогриль ТЭНгриль подсв.дух ящик,28500.0,,{},2026-05-15_13-06-12_unknown_supplier_праи_с_юлас_12_05.xls,569
yulas,unknown supplier праи с юлас 12 05,"ПЭ-4 GEFEST 6140-03-0001 (К) кор.эл.60*60 мет.кр.эл.тайм.вентил.турбогриль,ТЭНгриль подсв.дух",29050.0,,{},2026-05-15_13-06-12_unknown_supplier_праи_с_юлас_12_05.xls,570
yulas,unknown supplier праи с юлас 12 05,"ПГТ 1 802 GEFEST ПЛИТА (Турист) настольная коричневая 1 горелочная газовая 17*19,5*9,5 сжиж.газ",1300.0,2.0,"{""Остаток"": 2.0}",2026-05-15_13-06-12_unknown_supplier_праи_с_юлас_12_05.xls,572
yulas,unknown supplier праи с юлас 12 05,"ПГЭ 910-01 GEFEST ПЛИТА настольная белая 3газ+1эл.50*52*12,7",6250.0,2.0,"{""Остаток"": 2.0}",2026-05-15_13-06-12_unknown_supplier_праи_с_юлас_12_05.xls,573
yulas,unknown supplier праи с юлас 12 05,ПЭ 720 GEFEST ПЛИТА настольная белая 2-х горелочная 50*34*9 электрич.,4900.0,,{},2026-05-15_13-06-12_unknown_supplier_праи_с_юлас_12_05.xls,574
yulas,unknown supplier праи с юлас 12 05,ПГ 100 GEFEST настольная белая 2-х горелочная газовая с газ.духовкой 55*40*40 мет.крышка газ-к,10400.0,,{},2026-05-15_13-06-12_unknown_supplier_праи_с_юлас_12_05.xls,575
yulas,unknown supplier праи с юлас 12 05,ПГ 100 К19 GEFEST настольная кор. 2-х горелочная газовая с газ.духовкой 55*40*40 мет.крышка газ-к,10400.0,,{},2026-05-15_13-06-12_unknown_supplier_праи_с_юлас_12_05.xls,576
yulas,unknown supplier праи с юлас 12 05,"ПГ 700-02 GEFEST ПЛИТА настольная коричневая 2-х горелочная газовая 50*37,4*10 сжиж.газ",2550.0,47.0,"{""Остаток"": 47.0}",2026-05-15_13-06-12_unknown_supplier_праи_с_юлас_12_05.xls,577
yulas,unknown supplier праи с юлас 12 05,"ПГ 700-03 GEFEST ПЛИТА настольная белая 2-х горелочная газовая 50*37,4*10 сжиж.газ",2550.0,57.0,"{""Остаток"": 57.0}",2026-05-15_13-06-12_unknown_supplier_праи_с_юлас_12_05.xls,578
yulas,unknown supplier праи с юлас 12 05,"ПГ 900 GEFEST ПЛИТА настольная белая 4-х горелочная газовая 50*52*12,7 сжиж.газ",5250.0,10.0,"{""Остаток"": 10.0}",2026-05-15_13-06-12_unknown_supplier_праи_с_юлас_12_05.xls,579
yulas,unknown supplier праи с юлас 12 05,"ПГ 900- К17 GEFEST ПЛИТА настольная коричневая 4-х горелочная газовая 50*52*12,7 сжиж.газ",5250.0,24.0,"{""Остаток"": 24.0}",2026-05-15_13-06-12_unknown_supplier_праи_с_юлас_12_05.xls,580
yulas,unknown supplier праи с юлас 12 05,"ПГ 900-03 GEFEST ПЛИТА настольная белая 4-х горелочная газовая 50*52*12,7 Г/К сжиж.газ",6850.0,,{},2026-05-15_13-06-12_unknown_supplier_праи_с_юлас_12_05.xls,581
yulas,unknown supplier праи с юлас 12 05,"ПГ 900-03 К17 GEFEST ПЛИТА настольная белая 4-х горелочная газовая 50*52*12,7 Г/К сжиж.газ",6850.0,,{},2026-05-15_13-06-12_unknown_supplier_праи_с_юлас_12_05.xls,582
yulas,unknown supplier праи с юлас 12 05,ПГЭ-120 GEFEST ПЛИТА настольная белая 2 гор.газовая с эл.духовкой 55*39*40,12550.0,,{},2026-05-15_13-06-12_unknown_supplier_праи_с_юлас_12_05.xls,583
yulas,unknown supplier праи с юлас 12 05,ПГЭ-120-К19 GEFEST ПЛИТА настольная коричневая 2 гор.газовая с эл.духовкой 55*39*40,12550.0,,{},2026-05-15_13-06-12_unknown_supplier_праи_с_юлас_12_05.xls,584
yulas,unknown supplier праи с юлас 12 05,ПЭ-ЭП Д 420 GEFEST ПЛИТА настольная 2 эл. гор. с эл.духовкой 55*37*40,14350.0,,{},2026-05-15_13-06-12_unknown_supplier_праи_с_юлас_12_05.xls,585
yulas,unknown supplier праи с юлас 12 05,"ПЭ-ЭП Д 420 К19 GEFEST ПЛИТА кор.,настольная 2 эл. гор. с эл.духовкой 55*37*40",14350.0,,{},2026-05-15_13-06-12_unknown_supplier_праи_с_юлас_12_05.xls,586
yulas,unknown supplier праи с юлас 12 05,ГРЕТА 1470-Э-06 электроплита белая (ЕE 5001 NF 13(W)) щиток подсв.дух.,14350.0,,{},2026-05-15_13-06-12_unknown_supplier_праи_с_юлас_12_05.xls,587
yulas,unknown supplier праи с юлас 12 05,FLAMA AK1411-W белая газ+эл.дух кр.мет.р подсв (49),14000.0,,{},2026-05-15_13-06-12_unknown_supplier_праи_с_юлас_12_05.xls,589
yulas,unknown supplier праи с юлас 12 05,FLAMA AK1416-W белая газ+эл.дух щиток мет.р. подсв (407),13200.0,,{},2026-05-15_13-06-12_unknown_supplier_праи_с_юлас_12_05.xls,590
yulas,unknown supplier праи с юлас 12 05,FLAMA DVG4101-W (Очаг) белая плита газовая 51*61 прир.газ.,7000.0,,{},2026-05-15_13-06-12_unknown_supplier_праи_с_юлас_12_05.xls,591
yulas,unknown supplier праи с юлас 12 05,FLAMA FG24210-В кор.плита газ50*60.5 чуг.р. ст.крышка эл.р. подсв.дух,12400.0,,{},2026-05-15_13-06-12_unknown_supplier_праи_с_юлас_12_05.xls,592
yulas,unknown supplier праи с юлас 12 05,FLAMA FG24241 B(460) кор.плита газ50*60.5 чуг.р. ст.крышка эл.р.в ручке подсв.дух,13850.0,,{},2026-05-15_13-06-12_unknown_supplier_праи_с_юлас_12_05.xls,593
yulas,unknown supplier праи с юлас 12 05,FLAMA FG24241-W(459) белая плита газовая 50*60.5 чуг.р. ст.крышка эл.р.в ручке подсв.дух,13850.0,,{},2026-05-15_13-06-12_unknown_supplier_праи_с_юлас_12_05.xls,594
yulas,unknown supplier праи с юлас 12 05,FLAMA RG24042-W (431) г/к везде белая плита газовая 50*60.5*85,11800.0,,{},2026-05-15_13-06-12_unknown_supplier_праи_с_юлас_12_05.xls,595
yulas,unknown supplier праи с юлас 12 05,FLAMA RK2211-W(1465-K-2) белая плита 2газ+2эл.+эл.дух.50*60.5 мет.крышка проф.реш.эл.дух,13850.0,,{},2026-05-15_13-06-12_unknown_supplier_праи_с_юлас_12_05.xls,596
yulas,unknown supplier праи с юлас 12 05,FLAMA RK2211-В(1465-K-2) кор. плита 2газ+2эл.+эл.дух.50*60.5 мет.крышка проф.реш.эл.дух,13850.0,,{},2026-05-15_13-06-12_unknown_supplier_праи_с_юлас_12_05.xls,597
yulas,unknown supplier праи с юлас 12 05,FLAMA RK23-101W( K-3) 3газ+1эл.+эл.дух. белая плита50*60.5 мет.крышка проф.реш.эл.дух,13050.0,,{},2026-05-15_13-06-12_unknown_supplier_праи_с_юлас_12_05.xls,598
yulas,unknown supplier праи с юлас 12 05,FLAMA RK23-105W( K-3) 3газ+1эл.+эл.дух. белая плита50*60.5 щиток проф.реш.эл.дух (410),14300.0,,{},2026-05-15_13-06-12_unknown_supplier_праи_с_юлас_12_05.xls,599
yulas,unknown supplier праи с юлас 12 05,"FLAMA АVG1401-W (""ДАЧНИЦА"") КРЫШКА белая плита газовая напоольн. без дух.шкафа 51*61 (природный газ)",7550.0,,{},2026-05-15_13-06-12_unknown_supplier_праи_с_юлас_12_05.xls,600
yulas,unknown supplier праи с юлас 12 05,"FLAMA АVG1402-W (""ДАЧНИЦА"") ЩИТОК прир.газ белая газовая без дух.шкафа 51*61 (природный газ)",8650.0,17.0,"{""Остаток"": 17.0}",2026-05-15_13-06-12_unknown_supplier_праи_с_юлас_12_05.xls,601
yulas,unknown supplier праи с юлас 12 05,"FLAMA АVG1402-W (""ДАЧНИЦА"") ЩИТОК сжиж.газ белая газовая без дух.шкафа 51*61",7150.0,,{},2026-05-15_13-06-12_unknown_supplier_праи_с_юлас_12_05.xls,602
yulas,unknown supplier праи с юлас 12 05,"FLAMA АЕ1403 В (ЭБЧШ узкая) кор. 50*50 мет.кр.,подсв.дух.",12500.0,,{},2026-05-15_13-06-12_unknown_supplier_праи_с_юлас_12_05.xls,603
yulas,unknown supplier праи с юлас 12 05,FLAMA СK2202-W белая газ+эл.дух 2-х конф.толстая стальная решетка (379),12800.0,10.0,"{""Остаток"": 10.0}",2026-05-15_13-06-12_unknown_supplier_праи_с_юлас_12_05.xls,604
yulas,unknown supplier праи с юлас 12 05,ЛАДА Nova CG 32013 ПГ-2 W(433) белая (аналог 3202) - 41,12850.0,,{},2026-05-15_13-06-12_unknown_supplier_праи_с_юлас_12_05.xls,605
yulas,unknown supplier праи с юлас 12 05,ЛАДА Nova CG 32013 ПГ-2 В(434) кор. (аналог 3202) - 42,12850.0,3.0,"{""Остаток"": 3.0}",2026-05-15_13-06-12_unknown_supplier_праи_с_юлас_12_05.xls,606
yulas,unknown supplier праи с юлас 12 05,ЛАДА Nova RG 24044 W белая (аналог 2401 (426)) - 61,14950.0,13.0,"{""Остаток"": 13.0}",2026-05-15_13-06-12_unknown_supplier_праи_с_юлас_12_05.xls,607
yulas,unknown supplier праи с юлас 12 05,ЛАДА Nova RG 24044 В кор.(аналог 2401 (427)) - 62,14950.0,14.0,"{""Остаток"": 14.0}",2026-05-15_13-06-12_unknown_supplier_праи_с_юлас_12_05.xls,608
yulas,unknown supplier праи с юлас 12 05,"ВОЗДУХОВОД ГОФРА диам- 80 L-3,0м",135.0,,{},2026-05-15_13-06-12_unknown_supplier_праи_с_юлас_12_05.xls,610
yulas,unknown supplier праи с юлас 12 05,"ВОЗДУХОВОД ГОФРА диам-100 L-3,0м",135.0,,{},2026-05-15_13-06-12_unknown_supplier_праи_с_юлас_12_05.xls,611
yulas,unknown supplier праи с юлас 12 05,"ВОЗДУХОВОД ГОФРА диам-110 L-3,0м",145.0,,{},2026-05-15_13-06-12_unknown_supplier_праи_с_юлас_12_05.xls,612
yulas,unknown supplier праи с юлас 12 05,"ВОЗДУХОВОД ГОФРА диам-115 L-3,0м",150.0,,{},2026-05-15_13-06-12_unknown_supplier_праи_с_юлас_12_05.xls,613
yulas,unknown supplier праи с юлас 12 05,"ВОЗДУХОВОД ГОФРА диам-120 L-3,0м",155.0,,{},2026-05-15_13-06-12_unknown_supplier_праи_с_юлас_12_05.xls,614
yulas,unknown supplier праи с юлас 12 05,"ВОЗДУХОВОД ГОФРА диам-125 L-3,0м",160.0,11.0,"{""Остаток"": 11.0}",2026-05-15_13-06-12_unknown_supplier_праи_с_юлас_12_05.xls,615
yulas,unknown supplier праи с юлас 12 05,"ВОЗДУХОВОД ГОФРА диам-130 L-3,0м",170.0,9.0,"{""Остаток"": 9.0}",2026-05-15_13-06-12_unknown_supplier_праи_с_юлас_12_05.xls,616
yulas,unknown supplier праи с юлас 12 05,"ВОЗДУХОВОД ГОФРА диам-135 L-3,0м",180.0,43.0,"{""Остаток"": 43.0}",2026-05-15_13-06-12_unknown_supplier_праи_с_юлас_12_05.xls,617
yulas,unknown supplier праи с юлас 12 05,"ВОЗДУХОВОД ГОФРА диам-140 L-3,0м",190.0,50.0,"{""Остаток"": 50.0}",2026-05-15_13-06-12_unknown_supplier_праи_с_юлас_12_05.xls,618
yulas,unknown supplier праи с юлас 12 05,"ВОЗДУХОВОД ГОФРА диам-150 L-3,0м",200.0,,{},2026-05-15_13-06-12_unknown_supplier_праи_с_юлас_12_05.xls,619
yulas,unknown supplier праи с юлас 12 05,"ВОЗДУХОВОД ГОФРА диам-160 L-3,0м",300.0,,{},2026-05-15_13-06-12_unknown_supplier_праи_с_юлас_12_05.xls,620
yulas,unknown supplier праи с юлас 12 05,"ДЫМОХОД диаметр- 80 L-0,25м",140.0,27.0,"{""Остаток"": 27.0}",2026-05-15_13-06-12_unknown_supplier_праи_с_юлас_12_05.xls,622
yulas,unknown supplier праи с юлас 12 05,"ДЫМОХОД диаметр- 80 L-0,5м",220.0,26.0,"{""Остаток"": 26.0}",2026-05-15_13-06-12_unknown_supplier_праи_с_юлас_12_05.xls,623
yulas,unknown supplier праи с юлас 12 05,"ДЫМОХОД диаметр- 80 L-1,0м",330.0,22.0,"{""Остаток"": 22.0}",2026-05-15_13-06-12_unknown_supplier_праи_с_юлас_12_05.xls,624
yulas,unknown supplier праи с юлас 12 05,"ДЫМОХОД диаметр-110 L-0,25м",140.0,10.0,"{""Остаток"": 10.0}",2026-05-15_13-06-12_unknown_supplier_праи_с_юлас_12_05.xls,625
yulas,unknown supplier праи с юлас 12 05,"ДЫМОХОД диаметр-110 L-1,0м",330.0,6.0,"{""Остаток"": 6.0}",2026-05-15_13-06-12_unknown_supplier_праи_с_юлас_12_05.xls,626
yulas,unknown supplier праи с юлас 12 05,"ДЫМОХОД диаметр-115 L-0,25м",200.0,4.0,"{""Остаток"": 4.0}",2026-05-15_13-06-12_unknown_supplier_праи_с_юлас_12_05.xls,627
yulas,unknown supplier праи с юлас 12 05,"ДЫМОХОД диаметр-115 L-0,5м",220.0,2.0,"{""Остаток"": 2.0}",2026-05-15_13-06-12_unknown_supplier_праи_с_юлас_12_05.xls,628
yulas,unknown supplier праи с юлас 12 05,"ДЫМОХОД диаметр-125 L-0,5м",240.0,20.0,"{""Остаток"": 20.0}",2026-05-15_13-06-12_unknown_supplier_праи_с_юлас_12_05.xls,629
yulas,unknown supplier праи с юлас 12 05,"ДЫМОХОД диаметр-130 L-0,5м",250.0,1.0,"{""Остаток"": 1.0}",2026-05-15_13-06-12_unknown_supplier_праи_с_юлас_12_05.xls,630
yulas,unknown supplier праи с юлас 12 05,"ДЫМОХОД диаметр-130 L-1,0м",390.0,6.0,"{""Остаток"": 6.0}",2026-05-15_13-06-12_unknown_supplier_праи_с_юлас_12_05.xls,631
yulas,unknown supplier праи с юлас 12 05,"ДЫМОХОД диаметр-135 L-0,25м",160.0,14.0,"{""Остаток"": 14.0}",2026-05-15_13-06-12_unknown_supplier_праи_с_юлас_12_05.xls,632
yulas,unknown supplier праи с юлас 12 05,"ДЫМОХОД диаметр-135 L-0,5м",260.0,33.0,"{""Остаток"": 33.0}",2026-05-15_13-06-12_unknown_supplier_праи_с_юлас_12_05.xls,633
yulas,unknown supplier праи с юлас 12 05,"ДЫМОХОД диаметр-135 L-1,0м",400.0,38.0,"{""Остаток"": 38.0}",2026-05-15_13-06-12_unknown_supplier_праи_с_юлас_12_05.xls,634
yulas,unknown supplier праи с юлас 12 05,"ДЫМОХОД диаметр-140 L-0,25м",170.0,5.0,"{""Остаток"": 5.0}",2026-05-15_13-06-12_unknown_supplier_праи_с_юлас_12_05.xls,635
yulas,unknown supplier праи с юлас 12 05,"ДЫМОХОД диаметр-140 L-0,5м",270.0,3.0,"{""Остаток"": 3.0}",2026-05-15_13-06-12_unknown_supplier_праи_с_юлас_12_05.xls,636
yulas,unknown supplier праи с юлас 12 05,ДЫМОХОДА ЗОНТ диаметр- 80,410.0,5.0,"{""Остаток"": 5.0}",2026-05-15_13-06-12_unknown_supplier_праи_с_юлас_12_05.xls,637
yulas,unknown supplier праи с юлас 12 05,ДЫМОХОДА ЗОНТ диаметр- 115,410.0,1.0,"{""Остаток"": 1.0}",2026-05-15_13-06-12_unknown_supplier_праи_с_юлас_12_05.xls,638
yulas,unknown supplier праи с юлас 12 05,ДЫМОХОДА ЗОНТ диаметр- 125,430.0,2.0,"{""Остаток"": 2.0}",2026-05-15_13-06-12_unknown_supplier_праи_с_юлас_12_05.xls,639
yulas,unknown supplier праи с юлас 12 05,ДЫМОХОДА ЗОНТ диаметр- 135,450.0,3.0,"{""Остаток"": 3.0}",2026-05-15_13-06-12_unknown_supplier_праи_с_юлас_12_05.xls,640
yulas,unknown supplier праи с юлас 12 05,ДЫМОХОДА ЗОНТ диаметр- 140,460.0,2.0,"{""Остаток"": 2.0}",2026-05-15_13-06-12_unknown_supplier_праи_с_юлас_12_05.xls,641
yulas,unknown supplier праи с юлас 12 05,ДЫМОХОДА КОЛЕНО диам- 80 90град,290.0,1.0,"{""Остаток"": 1.0}",2026-05-15_13-06-12_unknown_supplier_праи_с_юлас_12_05.xls,642
yulas,unknown supplier праи с юлас 12 05,ДЫМОХОДА КОЛЕНО диам-135 90град,360.0,27.0,"{""Остаток"": 27.0}",2026-05-15_13-06-12_unknown_supplier_праи_с_юлас_12_05.xls,643
yulas,unknown supplier праи с юлас 12 05,ДЫМОХОДА КОЛЕНО диам-140 90град,370.0,4.0,"{""Остаток"": 4.0}",2026-05-15_13-06-12_unknown_supplier_праи_с_юлас_12_05.xls,644
yulas,unknown supplier праи с юлас 12 05,ДЫМОХОДА КОЛЕНО диам-150 90град,370.0,1.0,"{""Остаток"": 1.0}",2026-05-15_13-06-12_unknown_supplier_праи_с_юлас_12_05.xls,645
yulas,unknown supplier праи с юлас 12 05,ДЫМОХОДА ТР.ЗАГЛУШКА глухая 100,150.0,1.0,"{""Остаток"": 1.0}",2026-05-15_13-06-12_unknown_supplier_праи_с_юлас_12_05.xls,646
yulas,unknown supplier праи с юлас 12 05,ДЫМОХОДА ТР.ЗАГЛУШКА глухая 115,150.0,1.0,"{""Остаток"": 1.0}",2026-05-15_13-06-12_unknown_supplier_праи_с_юлас_12_05.xls,647
yulas,unknown supplier праи с юлас 12 05,ДЫМОХОДА ТРОЙНИК диам- 80 90град,360.0,4.0,"{""Остаток"": 4.0}",2026-05-15_13-06-12_unknown_supplier_праи_с_юлас_12_05.xls,648
yulas,unknown supplier праи с юлас 12 05,ДЫМОХОДА ТРОЙНИК диам-100 90град,360.0,1.0,"{""Остаток"": 1.0}",2026-05-15_13-06-12_unknown_supplier_праи_с_юлас_12_05.xls,649
yulas,unknown supplier праи с юлас 12 05,ДЫМОХОДА ТРОЙНИК диам-110 90град,360.0,1.0,"{""Остаток"": 1.0}",2026-05-15_13-06-12_unknown_supplier_праи_с_юлас_12_05.xls,650
yulas,unknown supplier праи с юлас 12 05,ДЫМОХОДА ТРОЙНИК диам-115 90град,370.0,3.0,"{""Остаток"": 3.0}",2026-05-15_13-06-12_unknown_supplier_праи_с_юлас_12_05.xls,651
yulas,unknown supplier праи с юлас 12 05,ДЫМОХОДА ТРОЙНИК диам-115 90град с заглушкой,370.0,3.0,"{""Остаток"": 3.0}",2026-05-15_13-06-12_unknown_supplier_праи_с_юлас_12_05.xls,652
yulas,unknown supplier праи с юлас 12 05,ДЫМОХОДА ТРОЙНИК диам-120 90град,390.0,3.0,"{""Остаток"": 3.0}",2026-05-15_13-06-12_unknown_supplier_праи_с_юлас_12_05.xls,653
yulas,unknown supplier праи с юлас 12 05,ДЫМОХОДА ТРОЙНИК диам-125 90град,400.0,1.0,"{""Остаток"": 1.0}",2026-05-15_13-06-12_unknown_supplier_праи_с_юлас_12_05.xls,654
yulas,unknown supplier праи с юлас 12 05,ДЫМОХОДА ТРОЙНИК диам-135 90град,420.0,2.0,"{""Остаток"": 2.0}",2026-05-15_13-06-12_unknown_supplier_праи_с_юлас_12_05.xls,655
yulas,unknown supplier праи с юлас 12 05,ДЫМОХОДА ТРОЙНИК диам-140 90град,430.0,2.0,"{""Остаток"": 2.0}",2026-05-15_13-06-12_unknown_supplier_праи_с_юлас_12_05.xls,656
yulas,unknown supplier праи с юлас 12 05,ДЫМОХОДА ТРОЙНИК диам-150 90град,440.0,2.0,"{""Остаток"": 2.0}",2026-05-15_13-06-12_unknown_supplier_праи_с_юлас_12_05.xls,657
yulas,unknown supplier праи с юлас 12 05,ДЫМОХОДА ФЛАНЕЦ диаметр- 95мм,60.0,1.0,"{""Остаток"": 1.0}",2026-05-15_13-06-12_unknown_supplier_праи_с_юлас_12_05.xls,658
yulas,unknown supplier праи с юлас 12 05,ДЫМОХОДА ФЛАНЕЦ диаметр-120мм,80.0,1.0,"{""Остаток"": 1.0}",2026-05-15_13-06-12_unknown_supplier_праи_с_юлас_12_05.xls,659
yulas,unknown supplier праи с юлас 12 05,ДЫМОХОДА ФЛАНЕЦ диаметр-125мм,60.0,94.0,"{""Остаток"": 94.0}",2026-05-15_13-06-12_unknown_supplier_праи_с_юлас_12_05.xls,660
yulas,unknown supplier праи с юлас 12 05,ДЫМОХОДА ФЛАНЕЦ диаметр-130мм,80.0,1.0,"{""Остаток"": 1.0}",2026-05-15_13-06-12_unknown_supplier_праи_с_юлас_12_05.xls,661
yulas,unknown supplier праи с юлас 12 05,ДЫМОХОДА ФЛАНЕЦ диаметр-135мм,60.0,2.0,"{""Остаток"": 2.0}",2026-05-15_13-06-12_unknown_supplier_праи_с_юлас_12_05.xls,662
yulas,unknown supplier праи с юлас 12 05,ДЫМОХОДА ФЛАНЕЦ диаметр-150мм,90.0,,{},2026-05-15_13-06-12_unknown_supplier_праи_с_юлас_12_05.xls,663
yulas,unknown supplier праи с юлас 12 05,ORSO КСГ-10 SIT (Вертик.) котел до 100кв.м,23700.0,27.0,"{""Остаток"": 27.0}",2026-05-15_13-06-12_unknown_supplier_праи_с_юлас_12_05.xls,666
yulas,unknown supplier праи с юлас 12 05,ORSO КСГ-10 SIT (Гор.) котел до 100кв.м,23700.0,,{},2026-05-15_13-06-12_unknown_supplier_праи_с_юлас_12_05.xls,667
yulas,unknown supplier праи с юлас 12 05,ORSO КСГ-12 SIT (Вертик.) котел до 120кв.м,24950.0,27.0,"{""Остаток"": 27.0}",2026-05-15_13-06-12_unknown_supplier_праи_с_юлас_12_05.xls,668
yulas,unknown supplier праи с юлас 12 05,ORSO КСГ-12 SIT (Гор.) котел до 120кв.м,24950.0,6.0,"{""Остаток"": 6.0}",2026-05-15_13-06-12_unknown_supplier_праи_с_юлас_12_05.xls,669
yulas,unknown supplier праи с юлас 12 05,ORSO КСГ-16 SIT (Вертик.) котел до 160кв.м,28050.0,13.0,"{""Остаток"": 13.0}",2026-05-15_13-06-12_unknown_supplier_праи_с_юлас_12_05.xls,670
yulas,unknown supplier праи с юлас 12 05,ORSO КСГ-16 SIT (Гор.) котел до 160кв.м,28050.0,4.0,"{""Остаток"": 4.0}",2026-05-15_13-06-12_unknown_supplier_праи_с_юлас_12_05.xls,671
yulas,unknown supplier праи с юлас 12 05,ORSO КСГВ-12 SIT (Вертик.) котел до 120кв.м+гор.вода,30000.0,3.0,"{""Остаток"": 3.0}",2026-05-15_13-06-12_unknown_supplier_праи_с_юлас_12_05.xls,672
yulas,unknown supplier праи с юлас 12 05,ORSO КСГВ-16 SIT (Вертик.) котел до 160кв.м+гор.вода,33950.0,,{},2026-05-15_13-06-12_unknown_supplier_праи_с_юлас_12_05.xls,673
yulas,unknown supplier праи с юлас 12 05,ORSO КСГВ-16 SIT (Гор.) котел до 160кв.м+гор.вода,33950.0,3.0,"{""Остаток"": 3.0}",2026-05-15_13-06-12_unknown_supplier_праи_с_юлас_12_05.xls,674
yulas,unknown supplier праи с юлас 12 05,ORSO КСГ-10 TGV (Вертик.) котел до 100кв.м TGV-307,19800.0,62.0,"{""Остаток"": 62.0}",2026-05-15_13-06-12_unknown_supplier_праи_с_юлас_12_05.xls,676
yulas,unknown supplier праи с юлас 12 05,ORSO КСГ-10 TGV (Гор.) котел до 100кв.м TGV-307,19800.0,5.0,"{""Остаток"": 5.0}",2026-05-15_13-06-12_unknown_supplier_праи_с_юлас_12_05.xls,677
yulas,unknown supplier праи с юлас 12 05,ORSO КСГ-12 TGV (Вертик.) котел до 120кв.м TGV-307,21650.0,101.0,"{""Остаток"": 101.0}",2026-05-15_13-06-12_unknown_supplier_праи_с_юлас_12_05.xls,678
yulas,unknown supplier праи с юлас 12 05,ORSO КСГ-12 TGV (Гор.) котел до 120кв.м TGV-307,21650.0,30.0,"{""Остаток"": 30.0}",2026-05-15_13-06-12_unknown_supplier_праи_с_юлас_12_05.xls,679
yulas,unknown supplier праи с юлас 12 05,ORSO КСГ-16 TGV (Вертик.) котел до 160кв.м TGV-307,24750.0,109.0,"{""Остаток"": 109.0}",2026-05-15_13-06-12_unknown_supplier_праи_с_юлас_12_05.xls,680
yulas,unknown supplier праи с юлас 12 05,ORSO КСГ-16 TGV (Гор.) котел до 160кв.м TGV-307,24750.0,17.0,"{""Остаток"": 17.0}",2026-05-15_13-06-12_unknown_supplier_праи_с_юлас_12_05.xls,681
yulas,unknown supplier праи с юлас 12 05,ORSO КСГ-20 TGV (Вертик.) котел до 200кв.м TGV-307,27700.0,37.0,"{""Остаток"": 37.0}",2026-05-15_13-06-12_unknown_supplier_праи_с_юлас_12_05.xls,682
yulas,unknown supplier праи с юлас 12 05,ORSO КСГ-20 TGV (Гор.) котел до 200кв.м TGV-307,27700.0,4.0,"{""Остаток"": 4.0}",2026-05-15_13-06-12_unknown_supplier_праи_с_юлас_12_05.xls,683
yulas,unknown supplier праи с юлас 12 05,ORSO КСГ-30 TGV (Вертик.) котел до 300кв.м TGV-310,35100.0,16.0,"{""Остаток"": 16.0}",2026-05-15_13-06-12_unknown_supplier_праи_с_юлас_12_05.xls,684
yulas,unknown supplier праи с юлас 12 05,ORSO КСГ-30 TGV (Гор.) котел до 300кв.м TGV-310,35100.0,2.0,"{""Остаток"": 2.0}",2026-05-15_13-06-12_unknown_supplier_праи_с_юлас_12_05.xls,685
yulas,unknown supplier праи с юлас 12 05,ORSO КСГВ-12 TGV (Вертик.) котел до 120кв.м TGV-307+гор.вода,26750.0,21.0,"{""Остаток"": 21.0}",2026-05-15_13-06-12_unknown_supplier_праи_с_юлас_12_05.xls,686
yulas,unknown supplier праи с юлас 12 05,ORSO КСГВ-12 TGV (Гор.) котел до 120кв.м TGV-307+гор.вода,26750.0,11.0,"{""Остаток"": 11.0}",2026-05-15_13-06-12_unknown_supplier_праи_с_юлас_12_05.xls,687
yulas,unknown supplier праи с юлас 12 05,ORSO КСГВ-16 TGV (Вертик.) котел до 160кв.м TGV-307+гор.вода,30700.0,20.0,"{""Остаток"": 20.0}",2026-05-15_13-06-12_unknown_supplier_праи_с_юлас_12_05.xls,688
yulas,unknown supplier праи с юлас 12 05,ORSO КСГВ-16 TGV (Гор.) котел до 160кв.м TGV-307+гор.вода,30700.0,,{},2026-05-15_13-06-12_unknown_supplier_праи_с_юлас_12_05.xls,689
yulas,unknown supplier праи с юлас 12 05,ORSO КСГВ-20 TGV (Вертик.) котел до 200кв.м TGV-307+гор.вода,32500.0,6.0,"{""Остаток"": 6.0}",2026-05-15_13-06-12_unknown_supplier_праи_с_юлас_12_05.xls,690
yulas,unknown supplier праи с юлас 12 05,ORSO КСГВ-20 TGV (Гор.) котел до 200кв.м TGV-307+гор.вода,32500.0,2.0,"{""Остаток"": 2.0}",2026-05-15_13-06-12_unknown_supplier_праи_с_юлас_12_05.xls,691
yulas,unknown supplier праи с юлас 12 05,ORSO КСГВ-30 TGV (Вертик.) котел до 300кв.м TGV-310+гор.вода,41100.0,3.0,"{""Остаток"": 3.0}",2026-05-15_13-06-12_unknown_supplier_праи_с_юлас_12_05.xls,692
yulas,unknown supplier праи с юлас 12 05,ORSO КСГВ-30 TGV (Гор.) котел до 300кв.м TGV-310+гор.вода,41100.0,,{},2026-05-15_13-06-12_unknown_supplier_праи_с_юлас_12_05.xls,693
yulas,unknown supplier праи с юлас 12 05,"Дакор КСГВ-12,5 (Вертик.) котел до 125кв.м+гор.вода",27650.0,1.0,"{""Остаток"": 1.0}",2026-05-15_13-06-12_unknown_supplier_праи_с_юлас_12_05.xls,695
yulas,unknown supplier праи с юлас 12 05,"Дакор КСГВ-12,5 (Горизонт.) котел до 125кв.м+гор.вода",27650.0,4.0,"{""Остаток"": 4.0}",2026-05-15_13-06-12_unknown_supplier_праи_с_юлас_12_05.xls,696
yulas,unknown supplier праи с юлас 12 05,Дакор КСГВ-16 (Горизонт.) котел до 160кв.м+гор.вода,30850.0,1.0,"{""Остаток"": 1.0}",2026-05-15_13-06-12_unknown_supplier_праи_с_юлас_12_05.xls,697
yulas,unknown supplier праи с юлас 12 05,Siber КС-Г-10 котел до 100кв.м,22600.0,3.0,"{""Остаток"": 3.0}",2026-05-15_13-06-12_unknown_supplier_праи_с_юлас_12_05.xls,699
yulas,unknown supplier праи с юлас 12 05,"ALMAZ КСГ- 7,5 (Вертик.) котел до 75кв.м TGV-307",18850.0,1.0,"{""Остаток"": 1.0}",2026-05-15_13-06-12_unknown_supplier_праи_с_юлас_12_05.xls,701
yulas,unknown supplier праи с юлас 12 05,ALMAZ КСГ-30 (Вертик.) котел до 300кв.м TGV-310,30000.0,2.0,"{""Остаток"": 2.0}",2026-05-15_13-06-12_unknown_supplier_праи_с_юлас_12_05.xls,702
yulas,unknown supplier праи с юлас 12 05,"ARTU S11 (АОГВ-11,6) котел",31500.0,10.0,"{""Остаток"": 10.0}",2026-05-15_13-06-12_unknown_supplier_праи_с_юлас_12_05.xls,705
yulas,unknown supplier праи с юлас 12 05,"ARTU S11К (АОГВК-11,6) котел + гор.вода",38200.0,6.0,"{""Остаток"": 6.0}",2026-05-15_13-06-12_unknown_supplier_праи_с_юлас_12_05.xls,706
yulas,unknown supplier праи с юлас 12 05,"ARTU S17 (АОГВ-17,4) котел",34500.0,10.0,"{""Остаток"": 10.0}",2026-05-15_13-06-12_unknown_supplier_праи_с_юлас_12_05.xls,707
yulas,unknown supplier праи с юлас 12 05,"ARTU S17К (АОГВК-17,4) котел + гор.вода",41000.0,1.0,"{""Остаток"": 1.0}",2026-05-15_13-06-12_unknown_supplier_праи_с_юлас_12_05.xls,708
yulas,unknown supplier праи с юлас 12 05,"ARTU S23 (АОГВ-23,2) котел",40200.0,5.0,"{""Остаток"": 5.0}",2026-05-15_13-06-12_unknown_supplier_праи_с_юлас_12_05.xls,709
yulas,unknown supplier праи с юлас 12 05,"ARTU S23K (АОГВK-23,2) котел + гор.вода",49800.0,2.0,"{""Остаток"": 2.0}",2026-05-15_13-06-12_unknown_supplier_праи_с_юлас_12_05.xls,710
yulas,unknown supplier праи с юлас 12 05,ARTU S29 (АОГВ-29) котел,46700.0,3.0,"{""Остаток"": 3.0}",2026-05-15_13-06-12_unknown_supplier_праи_с_юлас_12_05.xls,711
yulas,unknown supplier праи с юлас 12 05,ARTU S29К (АОГВК-29) котел + гор.вода,58000.0,1.0,"{""Остаток"": 1.0}",2026-05-15_13-06-12_unknown_supplier_праи_с_юлас_12_05.xls,712
yulas,unknown supplier праи с юлас 12 05,ARTU S35 (АОГВ-35) котел,54000.0,1.0,"{""Остаток"": 1.0}",2026-05-15_13-06-12_unknown_supplier_праи_с_юлас_12_05.xls,713
yulas,unknown supplier праи с юлас 12 05,ARTU S35К (АОГВК-35) котел + гор.вода,68900.0,1.0,"{""Остаток"": 1.0}",2026-05-15_13-06-12_unknown_supplier_праи_с_юлас_12_05.xls,714
yulas,unknown supplier праи с юлас 12 05,ARTU S50 (АОГВ-50) котел,69900.0,,{},2026-05-15_13-06-12_unknown_supplier_праи_с_юлас_12_05.xls,715
yulas,unknown supplier праи с юлас 12 05,"ARTU R11 (АОГВ-11,6) TGV котел",28800.0,4.0,"{""Остаток"": 4.0}",2026-05-15_13-06-12_unknown_supplier_праи_с_юлас_12_05.xls,717
yulas,unknown supplier праи с юлас 12 05,"ARTU R11К (АОГВК-11,6) TGV котел + гор.вода",35600.0,2.0,"{""Остаток"": 2.0}",2026-05-15_13-06-12_unknown_supplier_праи_с_юлас_12_05.xls,718
yulas,unknown supplier праи с юлас 12 05,"ARTU R17 (АОГВ-17,4) TGV котел",31800.0,6.0,"{""Остаток"": 6.0}",2026-05-15_13-06-12_unknown_supplier_праи_с_юлас_12_05.xls,719
yulas,unknown supplier праи с юлас 12 05,"ARTU R17К (АОГВК-17,4) TGV котел + гор.вода",38400.0,2.0,"{""Остаток"": 2.0}",2026-05-15_13-06-12_unknown_supplier_праи_с_юлас_12_05.xls,720
yulas,unknown supplier праи с юлас 12 05,"ARTU R23 (АОГВ-23,2) TGV котел",36100.0,6.0,"{""Остаток"": 6.0}",2026-05-15_13-06-12_unknown_supplier_праи_с_юлас_12_05.xls,721
yulas,unknown supplier праи с юлас 12 05,ARTU R29 (АОГВ-29) TGV котел,42800.0,1.0,"{""Остаток"": 1.0}",2026-05-15_13-06-12_unknown_supplier_праи_с_юлас_12_05.xls,722
yulas,unknown supplier праи с юлас 12 05,BURAN АОГВ-11 SIT котел 100 кв.м дым.100мм,25850.0,25.0,"{""Остаток"": 25.0}",2026-05-15_13-06-12_unknown_supplier_праи_с_юлас_12_05.xls,724
yulas,unknown supplier праи с юлас 12 05,BURAN АОГВ-17 SIT котел 160 кв.м дым.120мм,31850.0,5.0,"{""Остаток"": 5.0}",2026-05-15_13-06-12_unknown_supplier_праи_с_юлас_12_05.xls,725
yulas,unknown supplier праи с юлас 12 05,BURAN АОГВ-23 SIT 200 кв.м дым.140 мм.,36050.0,9.0,"{""Остаток"": 9.0}",2026-05-15_13-06-12_unknown_supplier_праи_с_юлас_12_05.xls,726
yulas,unknown supplier праи с юлас 12 05,BURAN АОГВ-23 TGV котел 200 кв.м дым.140мм,35200.0,9.0,"{""Остаток"": 9.0}",2026-05-15_13-06-12_unknown_supplier_праи_с_юлас_12_05.xls,727
yulas,unknown supplier праи с юлас 12 05,BURAN АОГВ-29 SIT котел 250 кв.м дым 140мм,44900.0,5.0,"{""Остаток"": 5.0}",2026-05-15_13-06-12_unknown_supplier_праи_с_юлас_12_05.xls,728
yulas,unknown supplier праи с юлас 12 05,BURAN АКГВ-11 SIT котел 100 кв.м + гор.вода дым.100мм,36500.0,5.0,"{""Остаток"": 5.0}",2026-05-15_13-06-12_unknown_supplier_праи_с_юлас_12_05.xls,729
yulas,unknown supplier праи с юлас 12 05,BURAN АКГВ-17 SIT котел 160 кв.м + гор.вода дым 120мм,41250.0,1.0,"{""Остаток"": 1.0}",2026-05-15_13-06-12_unknown_supplier_праи_с_юлас_12_05.xls,730
yulas,unknown supplier праи с юлас 12 05,BURAN АКГВ-23 SIT котел 200 кв.м + гор.вода дым.140мм,47450.0,3.0,"{""Остаток"": 3.0}",2026-05-15_13-06-12_unknown_supplier_праи_с_юлас_12_05.xls,731
yulas,unknown supplier праи с юлас 12 05,BURAN АКГВ-29 SIT котел 250 кв.м + гор.вода дым.140мм,56250.0,1.0,"{""Остаток"": 1.0}",2026-05-15_13-06-12_unknown_supplier_праи_с_юлас_12_05.xls,732
yulas,unknown supplier праи с юлас 12 05,"RGA CLASSIK-11 TGV (АОГВ-11,6-3 исп.11)",29150.0,6.0,"{""Остаток"": 6.0}",2026-05-15_13-06-12_unknown_supplier_праи_с_юлас_12_05.xls,734
yulas,unknown supplier праи с юлас 12 05,"RGA CLASSIK-11K TGV (АОГВК-11,6-3 исп.11)",36450.0,4.0,"{""Остаток"": 4.0}",2026-05-15_13-06-12_unknown_supplier_праи_с_юлас_12_05.xls,735
yulas,unknown supplier праи с юлас 12 05,"RGA CLASSIK-17 TGV (АОГВ-17,4-3 исп.10)",34100.0,12.0,"{""Остаток"": 12.0}",2026-05-15_13-06-12_unknown_supplier_праи_с_юлас_12_05.xls,736
yulas,unknown supplier праи с юлас 12 05,"RGA CLASSIK-17K TGV (АОГВК-17,4-3 исп.10)",43800.0,4.0,"{""Остаток"": 4.0}",2026-05-15_13-06-12_unknown_supplier_праи_с_юлас_12_05.xls,737
yulas,unknown supplier праи с юлас 12 05,"РОСТОВ CLASSIK-11 TGV (АОГВ-11,6-3 исп.11)",23550.0,5.0,"{""Остаток"": 5.0}",2026-05-15_13-06-12_unknown_supplier_праи_с_юлас_12_05.xls,739
yulas,unknown supplier праи с юлас 12 05,"РОСТОВ CLASSIK-11К TGV (АКГВ-11,6-3 исп.11) + гор.вода",30600.0,2.0,"{""Остаток"": 2.0}",2026-05-15_13-06-12_unknown_supplier_праи_с_юлас_12_05.xls,740
yulas,unknown supplier праи с юлас 12 05,RGA РОСТОВ АОГВ- 8 (исп6) котел до 80кв.м,17650.0,,{},2026-05-15_13-06-12_unknown_supplier_праи_с_юлас_12_05.xls,743
yulas,unknown supplier праи с юлас 12 05,RGA РОСТОВ АОГВ-11 (исп6) котел до 125кв.м,19200.0,,{},2026-05-15_13-06-12_unknown_supplier_праи_с_юлас_12_05.xls,744
yulas,unknown supplier праи с юлас 12 05,RGA РОСТОВ АОГВ-17 (исп6) котел до 200кв.м,21950.0,,{},2026-05-15_13-06-12_unknown_supplier_праи_с_юлас_12_05.xls,745
yulas,unknown supplier праи с юлас 12 05,RGA РОСТОВ АОГВК-11К (исп6) котел до 125кв.м+гор.вода,26750.0,1.0,"{""Остаток"": 1.0}",2026-05-15_13-06-12_unknown_supplier_праи_с_юлас_12_05.xls,746
yulas,unknown supplier праи с юлас 12 05,RGA РОСТОВ АОГВК-17К (исп6) котел до 200кв.м+гор.вода,26500.0,,{},2026-05-15_13-06-12_unknown_supplier_праи_с_юлас_12_05.xls,747
yulas,unknown supplier праи с юлас 12 05,Бок.RGA РОСТОВ АОГВ-11 (исп7) котел до 125кв.м боковой подвод,19200.0,,{},2026-05-15_13-06-12_unknown_supplier_праи_с_юлас_12_05.xls,748
yulas,unknown supplier праи с юлас 12 05,Бок.RGA РОСТОВ АОГВ-17 (исп7) котел до 200кв.м боковой подвод,21750.0,,{},2026-05-15_13-06-12_unknown_supplier_праи_с_юлас_12_05.xls,749
yulas,unknown supplier праи с юлас 12 05,Бок.RGA РОСТОВ АОГВК-11К (исп7) котел до 125кв.м+гор.вода боковой подвод,24350.0,,{},2026-05-15_13-06-12_unknown_supplier_праи_с_юлас_12_05.xls,750
yulas,unknown supplier праи с юлас 12 05,Бок.RGA РОСТОВ АОГВК-17К (исп7) котел до 200кв.м+гор.вода боковой подвод,26500.0,,{},2026-05-15_13-06-12_unknown_supplier_праи_с_юлас_12_05.xls,751
yulas,unknown supplier праи с юлас 12 05,RGA АОГВ- 8 (исп6) TGV котел до 80кв.м,21050.0,1.0,"{""Остаток"": 1.0}",2026-05-15_13-06-12_unknown_supplier_праи_с_юлас_12_05.xls,753
yulas,unknown supplier праи с юлас 12 05,RGA АОГВ-11 TGV (исп6) котел до 125кв.м,23700.0,8.0,"{""Остаток"": 8.0}",2026-05-15_13-06-12_unknown_supplier_праи_с_юлас_12_05.xls,754
yulas,unknown supplier праи с юлас 12 05,RGA АОГВ-17 (исп6) TGV котел до 200кв.м,27450.0,8.0,"{""Остаток"": 8.0}",2026-05-15_13-06-12_unknown_supplier_праи_с_юлас_12_05.xls,755
yulas,unknown supplier праи с юлас 12 05,RGA АОГВК-11К TGV (исп6) котел до 125кв.м+гор.вода,31750.0,1.0,"{""Остаток"": 1.0}",2026-05-15_13-06-12_unknown_supplier_праи_с_юлас_12_05.xls,756
yulas,unknown supplier праи с юлас 12 05,RGA АОГВК-17К (исп6) TGV котел до 200кв.м+гор.вода,33650.0,8.0,"{""Остаток"": 8.0}",2026-05-15_13-06-12_unknown_supplier_праи_с_юлас_12_05.xls,757
yulas,unknown supplier праи с юлас 12 05,Бок.RGA xChange АОГВ-11 TGV (исп7) котел до 125кв.м боковой подвод,23700.0,2.0,"{""Остаток"": 2.0}",2026-05-15_13-06-12_unknown_supplier_праи_с_юлас_12_05.xls,758
yulas,unknown supplier праи с юлас 12 05,Бок.RGA xChange АОГВ-17 TGV (исп7) котел до 200кв.м боковой подвод,27450.0,4.0,"{""Остаток"": 4.0}",2026-05-15_13-06-12_unknown_supplier_праи_с_юлас_12_05.xls,759
yulas,unknown supplier праи с юлас 12 05,Бок.RGA xChange АОГВК-11К TGV (исп7) котел до 125кв.м+гор.вода боковой подвод,31750.0,5.0,"{""Остаток"": 5.0}",2026-05-15_13-06-12_unknown_supplier_праи_с_юлас_12_05.xls,760
yulas,unknown supplier праи с юлас 12 05,Бок.RGA xChange АОГВК-17К TGV (исп7) котел до 200кв.м боковой подвод+гор.вода,33650.0,,{},2026-05-15_13-06-12_unknown_supplier_праи_с_юлас_12_05.xls,761
yulas,unknown supplier праи с юлас 12 05,SIBERIA 11 котел до 125кв.м,35750.0,1.0,"{""Остаток"": 1.0}",2026-05-15_13-06-12_unknown_supplier_праи_с_юлас_12_05.xls,764
yulas,unknown supplier праи с юлас 12 05,SIBERIA 11К котел до 125кв.м+гор.вода,46450.0,,{},2026-05-15_13-06-12_unknown_supplier_праи_с_юлас_12_05.xls,765
yulas,unknown supplier праи с юлас 12 05,SIBERIA 17 котел до 200кв.м,42000.0,2.0,"{""Остаток"": 2.0}",2026-05-15_13-06-12_unknown_supplier_праи_с_юлас_12_05.xls,766
yulas,unknown supplier праи с юлас 12 05,SIBERIA 17К котел до 200кв.м+гор.вода,51400.0,2.0,"{""Остаток"": 2.0}",2026-05-15_13-06-12_unknown_supplier_праи_с_юлас_12_05.xls,767
yulas,unknown supplier праи с юлас 12 05,SIBERIA 23 котел до 250кв.м,50050.0,1.0,"{""Остаток"": 1.0}",2026-05-15_13-06-12_unknown_supplier_праи_с_юлас_12_05.xls,768
yulas,unknown supplier праи с юлас 12 05,SIBERIA 23К котел до 250кв.м+гор.вода,59150.0,,{},2026-05-15_13-06-12_unknown_supplier_праи_с_юлас_12_05.xls,769
yulas,unknown supplier праи с юлас 12 05,SIBERIA 29 котел до 300кв.м,53200.0,,{},2026-05-15_13-06-12_unknown_supplier_праи_с_юлас_12_05.xls,770
yulas,unknown supplier праи с юлас 12 05,SIBERIA 29К котел до 300кв.м+гор.вода,62050.0,,{},2026-05-15_13-06-12_unknown_supplier_праи_с_юлас_12_05.xls,771
yulas,unknown supplier праи с юлас 12 05,SIBERIA 35 котел до 400кв.м,64000.0,,{},2026-05-15_13-06-12_unknown_supplier_праи_с_юлас_12_05.xls,772
yulas,unknown supplier праи с юлас 12 05,SIBERIA КЧГО-16 котел с чугунным теплообменником до 200кв.м,53750.0,,{},2026-05-15_13-06-12_unknown_supplier_праи_с_юлас_12_05.xls,773
yulas,unknown supplier праи с юлас 12 05,SIBERIA КЧГО-25 котел с чугунным теплообменником до 270кв.м,64800.0,,{},2026-05-15_13-06-12_unknown_supplier_праи_с_юлас_12_05.xls,774
yulas,unknown supplier праи с юлас 12 05,SIBERIA КЧГО-40 котел с чугунным теплообменником до 450кв.м,93300.0,,{},2026-05-15_13-06-12_unknown_supplier_праи_с_юлас_12_05.xls,775
yulas,unknown supplier праи с юлас 12 05,SIBERIA КЧГО-50 котел с чугунным теплообменником до 600кв.м,102750.0,,{},2026-05-15_13-06-12_unknown_supplier_праи_с_юлас_12_05.xls,776
yulas,unknown supplier праи с юлас 12 05,SIBERIA 23 TGV котел до 250кв.м,39300.0,,{},2026-05-15_13-06-12_unknown_supplier_праи_с_юлас_12_05.xls,778
yulas,unknown supplier праи с юлас 12 05,SIBERIA 23К TGV котел до 250кв.м=гор.вода,46900.0,,{},2026-05-15_13-06-12_unknown_supplier_праи_с_юлас_12_05.xls,779
yulas,unknown supplier праи с юлас 12 05,SIBERIA 29 TGV котел до 300кв.м,41950.0,,{},2026-05-15_13-06-12_unknown_supplier_праи_с_юлас_12_05.xls,780
yulas,unknown supplier праи с юлас 12 05,"VARGAZ TGV АОГВ-11,6 котел круглый 100кв.м",23600.0,56.0,"{""Остаток"": 56.0}",2026-05-15_13-06-12_unknown_supplier_праи_с_юлас_12_05.xls,783
yulas,unknown supplier праи с юлас 12 05,"VARGAZ TGV АОГВ-17,4 котел круглый 170кв.м",26200.0,10.0,"{""Остаток"": 10.0}",2026-05-15_13-06-12_unknown_supplier_праи_с_юлас_12_05.xls,784
yulas,unknown supplier праи с юлас 12 05,"VARGAZ TGV АОГВК-11,6 котел круглый 100кв.м+гор.вода",30400.0,12.0,"{""Остаток"": 12.0}",2026-05-15_13-06-12_unknown_supplier_праи_с_юлас_12_05.xls,785
yulas,unknown supplier праи с юлас 12 05,"VARGAZ TGV АОГВК-17,4 котел круглый 170кв.м+гор.вода",32450.0,4.0,"{""Остаток"": 4.0}",2026-05-15_13-06-12_unknown_supplier_праи_с_юлас_12_05.xls,786
yulas,unknown supplier праи с юлас 12 05,"VARGAZ-S TGV АОГВ-11,6 котел прямоугольный 100кв.м (RGA)",23200.0,2.0,"{""Остаток"": 2.0}",2026-05-15_13-06-12_unknown_supplier_праи_с_юлас_12_05.xls,788
yulas,unknown supplier праи с юлас 12 05,"VARGAZ-S TGV АОГВ-17,4 котел прямоугольный 170кв.м (RGA)",26400.0,2.0,"{""Остаток"": 2.0}",2026-05-15_13-06-12_unknown_supplier_праи_с_юлас_12_05.xls,789
yulas,unknown supplier праи с юлас 12 05,"VARGAZ-S TGV АОГВК-11,6 котел прямоугольный 100кв.м+гор.вода (RGA)",29550.0,2.0,"{""Остаток"": 2.0}",2026-05-15_13-06-12_unknown_supplier_праи_с_юлас_12_05.xls,790
yulas,unknown supplier праи с юлас 12 05,"VARGAZ-S TGV АОГВК-17,4 котел прямоугольный 170кв.м+гор.вода (RGA)",32400.0,2.0,"{""Остаток"": 2.0}",2026-05-15_13-06-12_unknown_supplier_праи_с_юлас_12_05.xls,791
yulas,unknown supplier праи с юлас 12 05,Артек парапет. КСГЗ- 7-А котел 70кв.м дым.228 SIT 3 бара,32000.0,2.0,"{""Остаток"": 2.0}",2026-05-15_13-06-12_unknown_supplier_праи_с_юлас_12_05.xls,793
yulas,unknown supplier праи с юлас 12 05,Артек парапет. КСГЗ-10-А котел 100кв.м дым.228 SIT 3 бара,34000.0,28.0,"{""Остаток"": 28.0}",2026-05-15_13-06-12_unknown_supplier_праи_с_юлас_12_05.xls,794
yulas,unknown supplier праи с юлас 12 05,"Артек парапет. КСГЗ-12,5-А котел 125кв.м дым.228 SIT 3 бара",35450.0,35.0,"{""Остаток"": 35.0}",2026-05-15_13-06-12_unknown_supplier_праи_с_юлас_12_05.xls,795
yulas,unknown supplier праи с юлас 12 05,Артек парапет. КСГЗ-16-А котел 160кв.м дым.228 SIT 3 бара,40700.0,24.0,"{""Остаток"": 24.0}",2026-05-15_13-06-12_unknown_supplier_праи_с_юлас_12_05.xls,796
yulas,unknown supplier праи с юлас 12 05,Артек парапет. КСГЗ-20-А котел 200кв.м дым.228 SIT 3 бара,44250.0,22.0,"{""Остаток"": 22.0}",2026-05-15_13-06-12_unknown_supplier_праи_с_юлас_12_05.xls,797
yulas,unknown supplier праи с юлас 12 05,"Артек КСГ- 7,5-А котел 75кв.м дым.верт-гориз.100 SIT 3 бара",27050.0,11.0,"{""Остаток"": 11.0}",2026-05-15_13-06-12_unknown_supplier_праи_с_юлас_12_05.xls,798
yulas,unknown supplier праи с юлас 12 05,Артек КСГ- 10-А котел 100кв.м дым верт-гориз.100 SIT 3 бара,29250.0,31.0,"{""Остаток"": 31.0}",2026-05-15_13-06-12_unknown_supplier_праи_с_юлас_12_05.xls,799
yulas,unknown supplier праи с юлас 12 05,"Артек КСГ- 12,5-А котел 125кв.м дым.верт-гориз.100 SIT 3 бара",31350.0,75.0,"{""Остаток"": 75.0}",2026-05-15_13-06-12_unknown_supplier_праи_с_юлас_12_05.xls,800
yulas,unknown supplier праи с юлас 12 05,Артек КСГ- 16-А котел 160кв.м дым.верт-гориз.120 SIT 3 бара,35450.0,83.0,"{""Остаток"": 83.0}",2026-05-15_13-06-12_unknown_supplier_праи_с_юлас_12_05.xls,801
yulas,unknown supplier праи с юлас 12 05,Артек КСГ- 20-А котел 200кв.м дым.верт.140 SIT 3 бара,38150.0,10.0,"{""Остаток"": 10.0}",2026-05-15_13-06-12_unknown_supplier_праи_с_юлас_12_05.xls,802
yulas,unknown supplier праи с юлас 12 05,Артек КСГ- 25-А котел 250кв.м дым.верт.140 SIT 3 бара,44050.0,6.0,"{""Остаток"": 6.0}",2026-05-15_13-06-12_unknown_supplier_праи_с_юлас_12_05.xls,803
yulas,unknown supplier праи с юлас 12 05,Артек КСГ- 30-А котел 300кв.м дым.верт.160 SIT 3 бара,45100.0,5.0,"{""Остаток"": 5.0}",2026-05-15_13-06-12_unknown_supplier_праи_с_юлас_12_05.xls,804
yulas,unknown supplier праи с юлас 12 05,Артек КСГ- 35-А котел 350кв.м дым.верт.160 SIT 3 бара,61950.0,7.0,"{""Остаток"": 7.0}",2026-05-15_13-06-12_unknown_supplier_праи_с_юлас_12_05.xls,805
yulas,unknown supplier праи с юлас 12 05,Артек КСГ- 40-А котел 400кв.м дым.верт.160 SIT 3 бара,65400.0,7.0,"{""Остаток"": 7.0}",2026-05-15_13-06-12_unknown_supplier_праи_с_юлас_12_05.xls,806
yulas,unknown supplier праи с юлас 12 05,Артек КСГ- 50-А котел 500кв.м дым.верт.220 SIT 3 бара,91850.0,5.0,"{""Остаток"": 5.0}",2026-05-15_13-06-12_unknown_supplier_праи_с_юлас_12_05.xls,807
yulas,unknown supplier праи с юлас 12 05,Артек КСГ- 60-А котел 600кв.м дым.верт.220 SIT 3 бара,93300.0,3.0,"{""Остаток"": 3.0}",2026-05-15_13-06-12_unknown_supplier_праи_с_юлас_12_05.xls,808
yulas,unknown supplier праи с юлас 12 05,Артек КСГ- 80-А котел 800кв.м дым.верт.200 SIT 3 бара,129050.0,3.0,"{""Остаток"": 3.0}",2026-05-15_13-06-12_unknown_supplier_праи_с_юлас_12_05.xls,809
yulas,unknown supplier праи с юлас 12 05,Артек КСГ-100-А котел 1000кв.м дым.верт.200 SIT 3 бара,164950.0,3.0,"{""Остаток"": 3.0}",2026-05-15_13-06-12_unknown_supplier_праи_с_юлас_12_05.xls,810
yulas,unknown supplier праи с юлас 12 05,"Комплект жеклёров КСГ- 7,5",350.0,1.0,"{""Остаток"": 1.0}",2026-05-15_13-06-12_unknown_supplier_праи_с_юлас_12_05.xls,811
yulas,unknown supplier праи с юлас 12 05,Комплект жеклёров КСГ-10,400.0,6.0,"{""Остаток"": 6.0}",2026-05-15_13-06-12_unknown_supplier_праи_с_юлас_12_05.xls,812
yulas,unknown supplier праи с юлас 12 05,"Комплект жеклеров КСГ-12,5",500.0,5.0,"{""Остаток"": 5.0}",2026-05-15_13-06-12_unknown_supplier_праи_с_юлас_12_05.xls,813
yulas,unknown supplier праи с юлас 12 05,Комплект жеклёров КСГ-16,550.0,3.0,"{""Остаток"": 3.0}",2026-05-15_13-06-12_unknown_supplier_праи_с_юлас_12_05.xls,814
yulas,unknown supplier праи с юлас 12 05,Комплект жеклеров КСГ-20,550.0,2.0,"{""Остаток"": 2.0}",2026-05-15_13-06-12_unknown_supplier_праи_с_юлас_12_05.xls,815
yulas,unknown supplier праи с юлас 12 05,"АКГВ 11,6 SIT НМ Боринское (аналог ЖМЗ)",34250.0,3.0,"{""Остаток"": 3.0}",2026-05-15_13-06-12_unknown_supplier_праи_с_юлас_12_05.xls,817
yulas,unknown supplier праи с юлас 12 05,"АКГВ 17,4 SIT НМ Боринское (аналог ЖМЗ)",38150.0,4.0,"{""Остаток"": 4.0}",2026-05-15_13-06-12_unknown_supplier_праи_с_юлас_12_05.xls,818
yulas,unknown supplier праи с юлас 12 05,"АКГВ 23,2 SIT НМ Боринское (аналог ЖМЗ)",41500.0,1.0,"{""Остаток"": 1.0}",2026-05-15_13-06-12_unknown_supplier_праи_с_юлас_12_05.xls,819
yulas,unknown supplier праи с юлас 12 05,"АКГВ 29,1 SIT НР Боринское (аналог ЖМЗ)",51400.0,,{},2026-05-15_13-06-12_unknown_supplier_праи_с_юлас_12_05.xls,820
yulas,unknown supplier праи с юлас 12 05,"АОГВ 11,6 SIT НМ Боринское (аналог ЖМЗ)",28550.0,3.0,"{""Остаток"": 3.0}",2026-05-15_13-06-12_unknown_supplier_праи_с_юлас_12_05.xls,821
yulas,unknown supplier праи с юлас 12 05,"АОГВ 17,4 SIT НМ Боринское (аналог ЖМЗ)",31400.0,,{},2026-05-15_13-06-12_unknown_supplier_праи_с_юлас_12_05.xls,822
yulas,unknown supplier праи с юлас 12 05,"АОГВ 23,2 SIT НМ Боринское (аналог ЖМЗ)",35450.0,6.0,"{""Остаток"": 6.0}",2026-05-15_13-06-12_unknown_supplier_праи_с_юлас_12_05.xls,823
yulas,unknown supplier праи с юлас 12 05,"АОГВ 29,1 SIT НР Боринское (аналог ЖМЗ)",44400.0,1.0,"{""Остаток"": 1.0}",2026-05-15_13-06-12_unknown_supplier_праи_с_юлас_12_05.xls,824
yulas,unknown supplier праи с юлас 12 05,Заглушка на АНГАРУ,75.0,77.0,"{""Остаток"": 77.0}",2026-05-15_13-06-12_unknown_supplier_праи_с_юлас_12_05.xls,825
yulas,unknown supplier праи с юлас 12 05,BURAN -10F котел настенный закр.камера сгор.двухконт.разд теплообм.панель упр.,34300.0,30.0,"{""Остаток"": 30.0}",2026-05-15_13-06-12_unknown_supplier_праи_с_юлас_12_05.xls,827
yulas,unknown supplier праи с юлас 12 05,BURAN -13F котел настенный закр.камера сгор.двухконт.разд теплообм.панель упр.,34400.0,21.0,"{""Остаток"": 21.0}",2026-05-15_13-06-12_unknown_supplier_праи_с_юлас_12_05.xls,828
yulas,unknown supplier праи с юлас 12 05,BURAN -16F котел настенный закр.камера сгор.двухконт.разд теплообм.панель упр.,34400.0,,{},2026-05-15_13-06-12_unknown_supplier_праи_с_юлас_12_05.xls,829
yulas,unknown supplier праи с юлас 12 05,BURAN -16Е котел настенный закр.камера сгор.двухконт.разд теплообм.удаленное упр.,35450.0,4.0,"{""Остаток"": 4.0}",2026-05-15_13-06-12_unknown_supplier_праи_с_юлас_12_05.xls,830
yulas,unknown supplier праи с юлас 12 05,BURAN -20F котел настенный закр.камера сгор.двухконт.разд теплообм.панель упр.,34500.0,5.0,"{""Остаток"": 5.0}",2026-05-15_13-06-12_unknown_supplier_праи_с_юлас_12_05.xls,831
yulas,unknown supplier праи с юлас 12 05,BURAN -24F котел настенный закр.камера сгор.двухконт.разд теплообм.панель упр.,34500.0,1.0,"{""Остаток"": 1.0}",2026-05-15_13-06-12_unknown_supplier_праи_с_юлас_12_05.xls,832
yulas,unknown supplier праи с юлас 12 05,BURAN -24Е котел настенный закр.камера сгор.двухконт.разд теплообм.удаленное упр.,35550.0,19.0,"{""Остаток"": 19.0}",2026-05-15_13-06-12_unknown_supplier_праи_с_юлас_12_05.xls,833
yulas,unknown supplier праи с юлас 12 05,BURAN комплект жиклеров,1500.0,5.0,"{""Остаток"": 5.0}",2026-05-15_13-06-12_unknown_supplier_праи_с_юлас_12_05.xls,834
yulas,unknown supplier праи с юлас 12 05,IMMERGAS Коаксиальный дымоход для Eolo Star,1600.0,,{},2026-05-15_13-06-12_unknown_supplier_праи_с_юлас_12_05.xls,836
yulas,unknown supplier праи с юлас 12 05,IMMERGAS битерм.Eolo Star 14 3 R (КСГВ-13) турбированный + гор.вода 11л/мин 75*44*24см,20800.0,,{},2026-05-15_13-06-12_unknown_supplier_праи_с_юлас_12_05.xls,837
yulas,unknown supplier праи с юлас 12 05,IMMERGAS битерм.Eolo Star 24 3 Е (КСГВ-24) турбированный + гор.вода 11л/мин 75*44*24см,20800.0,,{},2026-05-15_13-06-12_unknown_supplier_праи_с_юлас_12_05.xls,838
yulas,unknown supplier праи с юлас 12 05,IMMERGAS битерм.Nike Star 24 3 Е (КСГВ-24) атмосферный + гор.вода 11л/мин 75*44*24см,19800.0,,{},2026-05-15_13-06-12_unknown_supplier_праи_с_юлас_12_05.xls,839
yulas,unknown supplier праи с юлас 12 05,IMMERGAS вторич.Eolo Mythos 24 kW,24550.0,,{},2026-05-15_13-06-12_unknown_supplier_праи_с_юлас_12_05.xls,840
yulas,unknown supplier праи с юлас 12 05,IMMERGAS вторич.Maior Eolo 28 4 Е,37800.0,,{},2026-05-15_13-06-12_unknown_supplier_праи_с_юлас_12_05.xls,841
yulas,unknown supplier праи с юлас 12 05,IMMERGAS вторич.Maior Eolo 32 4 Е,42000.0,,{},2026-05-15_13-06-12_unknown_supplier_праи_с_юлас_12_05.xls,842
yulas,unknown supplier праи с юлас 12 05,IMMERGAS вторич.Mini Eolo 24 3 Е,25800.0,,{},2026-05-15_13-06-12_unknown_supplier_праи_с_юлас_12_05.xls,843
yulas,unknown supplier праи с юлас 12 05,IMMERGAS вторич.Mini Eolo 28 3 Е,29600.0,,{},2026-05-15_13-06-12_unknown_supplier_праи_с_юлас_12_05.xls,844
yulas,unknown supplier праи с юлас 12 05,IMMERGAS вторич.Mini Nike 24 3 Е,22200.0,,{},2026-05-15_13-06-12_unknown_supplier_праи_с_юлас_12_05.xls,845
yulas,unknown supplier праи с юлас 12 05,IMMERGAS вторич.Nike Mini 28 kW Special,31150.0,,{},2026-05-15_13-06-12_unknown_supplier_праи_с_юлас_12_05.xls,846
yulas,unknown supplier праи с юлас 12 05,IMMERGAS вторич.Nike Mythos 24 kW+гор.вода,21100.0,,{},2026-05-15_13-06-12_unknown_supplier_праи_с_юлас_12_05.xls,847
yulas,unknown supplier праи с юлас 12 05,IMMERGAS конденс.Victrix 50 kW E,94500.0,,{},2026-05-15_13-06-12_unknown_supplier_праи_с_юлас_12_05.xls,848
yulas,unknown supplier праи с юлас 12 05,IMMERGAS конденс.Victrix 75 kW E,141750.0,,{},2026-05-15_13-06-12_unknown_supplier_праи_с_юлас_12_05.xls,849
yulas,unknown supplier праи с юлас 12 05,IMMERGAS конденс.Victrix 90 1,175100.0,,{},2026-05-15_13-06-12_unknown_supplier_праи_с_юлас_12_05.xls,850
yulas,unknown supplier праи с юлас 12 05,IMMERGAS с встр.баком Zeus 24 kW E,47850.0,,{},2026-05-15_13-06-12_unknown_supplier_праи_с_юлас_12_05.xls,851
yulas,unknown supplier праи с юлас 12 05,IMMERGAS с встр.баком Zeus 28 kW E,52300.0,,{},2026-05-15_13-06-12_unknown_supplier_праи_с_юлас_12_05.xls,852
yulas,unknown supplier праи с юлас 12 05,IMMERGAS с встр.баком Zeus Superior 28 kW E,6300.0,,{},2026-05-15_13-06-12_unknown_supplier_праи_с_юлас_12_05.xls,853
yulas,unknown supplier праи с юлас 12 05,IMMERGAS с встр.баком Zeus Superior 32 kW E,68000.0,,{},2026-05-15_13-06-12_unknown_supplier_праи_с_юлас_12_05.xls,854
yulas,unknown supplier праи с юлас 12 05,NAVIEN COAXIAL DELUXE C 13K турбо настен.котел,40800.0,,{},2026-05-15_13-06-12_unknown_supplier_праи_с_юлас_12_05.xls,856
yulas,unknown supplier праи с юлас 12 05,NAVIEN COAXIAL DELUXE C 16K турбо настен.котел,41050.0,,{},2026-05-15_13-06-12_unknown_supplier_праи_с_юлас_12_05.xls,857
yulas,unknown supplier праи с юлас 12 05,NAVIEN COAXIAL DELUXE C 24K турбо настен.котел,40250.0,,{},2026-05-15_13-06-12_unknown_supplier_праи_с_юлас_12_05.xls,858
yulas,unknown supplier праи с юлас 12 05,Коаксиальный дымоход для DAEWOO 110.80 KFC(евро) настен.котлов,1600.0,1.0,"{""Остаток"": 1.0}",2026-05-15_13-06-12_unknown_supplier_праи_с_юлас_12_05.xls,859
yulas,unknown supplier праи с юлас 12 05,"Переходник печной с шибером для СИБИРЬ КВО-10,15,20 ТПЭ вертикальный прямоуг/круглый",2700.0,,{},2026-05-15_13-06-12_unknown_supplier_праи_с_юлас_12_05.xls,861
yulas,unknown supplier праи с юлас 12 05,"Переходник печной с шибером для СИБИРЬ КВО-10,15,20 ТПЭ горизонт.",1850.0,,{},2026-05-15_13-06-12_unknown_supplier_праи_с_юлас_12_05.xls,862
yulas,unknown supplier праи с юлас 12 05,Переходник печной с шибером для СИБИРЬ КВО-12 ТПЭ,2700.0,4.0,"{""Остаток"": 4.0}",2026-05-15_13-06-12_unknown_supplier_праи_с_юлас_12_05.xls,863
yulas,unknown supplier праи с юлас 12 05,"Переходник печной с шибером КРУГЛЫЙ\круглый для СИБИРЬ КВО-15,20,30 ТПЭ вертикальный",3150.0,68.0,"{""Остаток"": 68.0}",2026-05-15_13-06-12_unknown_supplier_праи_с_юлас_12_05.xls,864
yulas,unknown supplier праи с юлас 12 05,"Переходник печной с шибером КРУГЛЫЙ\круглый для СИБИРЬ КВО-15,20,30 ТПЭ горизонтальный",2700.0,,{},2026-05-15_13-06-12_unknown_supplier_праи_с_юлас_12_05.xls,865
yulas,unknown supplier праи с юлас 12 05,Регулятор тяги Termomat TRTC 3/4,3600.0,29.0,"{""Остаток"": 29.0}",2026-05-15_13-06-12_unknown_supplier_праи_с_юлас_12_05.xls,866
yulas,unknown supplier праи с юлас 12 05,"СИБИРЬ КВО- 8 ТПЭ котел серый 80 кв.м верт.дым сверху-115, топка 40см с вар.поверх.",19500.0,,{},2026-05-15_13-06-12_unknown_supplier_праи_с_юлас_12_05.xls,867
yulas,unknown supplier праи с юлас 12 05,"СИБИРЬ КВО-10 ТПЭ котел серый 100 кв.м горизонт.дым-150, топка 40см с вар.поверх.",25500.0,2.0,"{""Остаток"": 2.0}",2026-05-15_13-06-12_unknown_supplier_праи_с_юлас_12_05.xls,868
yulas,unknown supplier праи с юлас 12 05,"СИБИРЬ КВО-12 ТПЭ левый горизонт.дым-150, котел серый 120 кв.м топка 60см с вар.поверх.",29800.0,3.0,"{""Остаток"": 3.0}",2026-05-15_13-06-12_unknown_supplier_праи_с_юлас_12_05.xls,869
yulas,unknown supplier праи с юлас 12 05,"СИБИРЬ КВО-12 ТПЭ правый горизонт.дым-150, котел серый 120 кв.м топка 60см с вар.поверх.",29800.0,,{},2026-05-15_13-06-12_unknown_supplier_праи_с_юлас_12_05.xls,870
yulas,unknown supplier праи с юлас 12 05,"СИБИРЬ КВО-15 ТПЭ котел серый 150 кв.м горизонт.дым-150, топка 60см с вар.поверх.",29800.0,5.0,"{""Остаток"": 5.0}",2026-05-15_13-06-12_unknown_supplier_праи_с_юлас_12_05.xls,871
yulas,unknown supplier праи с юлас 12 05,"СИБИРЬ КВО-20 ТПЭ котел серый 200 кв.м горизонт.дым-150, топка 60см с вар.поверх.2кружка",32300.0,,{},2026-05-15_13-06-12_unknown_supplier_праи_с_юлас_12_05.xls,872
yulas,unknown supplier праи с юлас 12 05,"СИБИРЬ-GEFEST КВО-15 ТЭ котел 150 кв.м горизонт.дым-150, топка 50см",33700.0,,{},2026-05-15_13-06-12_unknown_supplier_праи_с_юлас_12_05.xls,873
yulas,unknown supplier праи с юлас 12 05,"СИБИРЬ-GEFEST КВО-20 ТЭ котел 200 кв.м горизонт.дым-150, топка 50см",39400.0,10.0,"{""Остаток"": 10.0}",2026-05-15_13-06-12_unknown_supplier_праи_с_юлас_12_05.xls,874
yulas,unknown supplier праи с юлас 12 05,"СИБИРЬ-GEFEST КВО-30 ТЭ котел 300 кв.м горизонт.дым-150, топка 55см",47850.0,,{},2026-05-15_13-06-12_unknown_supplier_праи_с_юлас_12_05.xls,875
yulas,unknown supplier праи с юлас 12 05,"СИБИРЬ-GEFEST КВО-40 ТЭ котел 400 кв.м горизонт.дым-150, топка 55см",62900.0,,{},2026-05-15_13-06-12_unknown_supplier_праи_с_юлас_12_05.xls,876
yulas,unknown supplier праи с юлас 12 05,ATUM-55T котел 250-500 кв.м дымоход 150 автомат угольный,296600.0,,{},2026-05-15_13-06-12_unknown_supplier_праи_с_юлас_12_05.xls,877
yulas,unknown supplier праи с юлас 12 05,"SUNFIRE КВО- 45Т котел с терморег.400 кв.м дымоход 200 сзади,подача сверху,обратка сзади,тонпка 59см",105700.0,,{},2026-05-15_13-06-12_unknown_supplier_праи_с_юлас_12_05.xls,878
yulas,unknown supplier праи с юлас 12 05,"SUNFIRE КВО- 60Т котел с терморег. 550 кв.м дымоход 200 сзади,подача сверху,обратка сзади,топка 69см",137950.0,,{},2026-05-15_13-06-12_unknown_supplier_праи_с_юлас_12_05.xls,879
yulas,unknown supplier праи с юлас 12 05,"SUNFIRE КВО- 75Т котел с терморег. 700 кв.м дымоход 250 сзади,подача сверху,обратка сзади,топка 69см",173050.0,,{},2026-05-15_13-06-12_unknown_supplier_праи_с_юлас_12_05.xls,880
yulas,unknown supplier праи с юлас 12 05,Бак для печи банной КОПЕЕЧКА,1750.0,,{},2026-05-15_13-06-12_unknown_supplier_праи_с_юлас_12_05.xls,881
yulas,unknown supplier праи с юлас 12 05,Блок-тен-6кВт,1000.0,2.0,"{""Остаток"": 2.0}",2026-05-15_13-06-12_unknown_supplier_праи_с_юлас_12_05.xls,882
yulas,unknown supplier праи с юлас 12 05,"КАЗАН-Гриль ""Дачный""",21050.0,18.0,"{""Остаток"": 18.0}",2026-05-15_13-06-12_unknown_supplier_праи_с_юлас_12_05.xls,883
yulas,unknown supplier праи с юлас 12 05,"КАЗАН-МАНГАЛ ""Сибирь""",18400.0,15.0,"{""Остаток"": 15.0}",2026-05-15_13-06-12_unknown_supplier_праи_с_юлас_12_05.xls,884
yulas,unknown supplier праи с юлас 12 05,МАГНУМ (КГД) КВО-15 ТЭ котел с терморег. длит.горения(уголь) 50-120 кв.м дым-150 Vтопки 35л.,60750.0,,{},2026-05-15_13-06-12_unknown_supplier_праи_с_юлас_12_05.xls,885
yulas,unknown supplier праи с юлас 12 05,МАГНУМ (КГД) КВО-20 ТЭ котел с терморег. длит.горения(уголь) 100-180кв.м дым-150 Vтопки 49л,69700.0,,{},2026-05-15_13-06-12_unknown_supplier_праи_с_юлас_12_05.xls,886
yulas,unknown supplier праи с юлас 12 05,МАГНУМ (КГД) КВО-30 ТЭ котел с терморег. длит.горения(уголь) 200-300кв.м дым-150 Vтопки 100л,87500.0,,{},2026-05-15_13-06-12_unknown_supplier_праи_с_юлас_12_05.xls,887
yulas,unknown supplier праи с юлас 12 05,"МАНГАЛ ""Сибирь""3мм разборный",3450.0,9.0,"{""Остаток"": 9.0}",2026-05-15_13-06-12_unknown_supplier_праи_с_юлас_12_05.xls,888
yulas,unknown supplier праи с юлас 12 05,Печь банная КАТУНЬ со стеклом до 24куб.м топка 40см,36950.0,,{},2026-05-15_13-06-12_unknown_supplier_праи_с_юлас_12_05.xls,889
yulas,unknown supplier праи с юлас 12 05,Печь банная КОПЕЕЧКА 15куб.м топка 30см,15000.0,,{},2026-05-15_13-06-12_unknown_supplier_праи_с_юлас_12_05.xls,890
yulas,unknown supplier праи с юлас 12 05,Печь банная КОПЕЕЧКА с выносной топкой 15куб.м топка 30см,16100.0,,{},2026-05-15_13-06-12_unknown_supplier_праи_с_юлас_12_05.xls,891
yulas,unknown supplier праи с юлас 12 05,Печь банная КУБАНЬ со стеклом 24куб.м топка 40см,32100.0,,{},2026-05-15_13-06-12_unknown_supplier_праи_с_юлас_12_05.xls,892
yulas,unknown supplier праи с юлас 12 05,Печь банная чугунная СИБИРЬ-18 с чугунной дверцей 18куб.м топка 40см,26250.0,,{},2026-05-15_13-06-12_unknown_supplier_праи_с_юлас_12_05.xls,893
yulas,unknown supplier праи с юлас 12 05,Печь банная чугунная СИБИРЬ-24 с чугунной дверцей 24куб.м топка 40см,38250.0,,{},2026-05-15_13-06-12_unknown_supplier_праи_с_юлас_12_05.xls,894
yulas,unknown supplier праи с юлас 12 05,"Печь под КАЗАН ""Сибирь"" дым-115см",12300.0,,{},2026-05-15_13-06-12_unknown_supplier_праи_с_юлас_12_05.xls,895
yulas,unknown supplier праи с юлас 12 05,"Решетка колосниковая РК-1 (Неокрашенная) для гриль-барбекю ""Дачный""",2100.0,1.0,"{""Остаток"": 1.0}",2026-05-15_13-06-12_unknown_supplier_праи_с_юлас_12_05.xls,896
yulas,unknown supplier праи с юлас 12 05,Решетка-Гриль (Нерж. сталь),1750.0,4.0,"{""Остаток"": 4.0}",2026-05-15_13-06-12_unknown_supplier_праи_с_юлас_12_05.xls,897
yulas,unknown supplier праи с юлас 12 05,"Решетка-гриль чугун РГ-1 для гриль-барбекю ""Дачный""",1650.0,4.0,"{""Остаток"": 4.0}",2026-05-15_13-06-12_unknown_supplier_праи_с_юлас_12_05.xls,898
yulas,unknown supplier праи с юлас 12 05,СИБИРЬ печь БВ-100 100 куб.м топка 39см,13450.0,5.0,"{""Остаток"": 5.0}",2026-05-15_13-06-12_unknown_supplier_праи_с_юлас_12_05.xls,899
yulas,unknown supplier праи с юлас 12 05,СИБИРЬ печь БВ-120 120 куб.м топка 39см,18350.0,8.0,"{""Остаток"": 8.0}",2026-05-15_13-06-12_unknown_supplier_праи_с_юлас_12_05.xls,900
yulas,unknown supplier праи с юлас 12 05,СИБИРЬ печь БВ-180 180 куб.м топка 39см,23650.0,8.0,"{""Остаток"": 8.0}",2026-05-15_13-06-12_unknown_supplier_праи_с_юлас_12_05.xls,901
yulas,unknown supplier праи с юлас 12 05,СИБИРЬ печь БВ-480 480 куб.м топка 59см,29200.0,,{},2026-05-15_13-06-12_unknown_supplier_праи_с_юлас_12_05.xls,902
yulas,unknown supplier праи с юлас 12 05,СИБИРЬ печь БВ-720 720 куб.м топка 91см,39450.0,6.0,"{""Остаток"": 6.0}",2026-05-15_13-06-12_unknown_supplier_праи_с_юлас_12_05.xls,903
yulas,unknown supplier праи с юлас 12 05,СИБИРЬ печь-камин СИБИРЬ-12 до 150куб.м дымоход-150,54000.0,,{},2026-05-15_13-06-12_unknown_supplier_праи_с_юлас_12_05.xls,904
yulas,unknown supplier праи с юлас 12 05,СИБИРЬ печь-камин СИБИРЬ-15 до 250куб.м дымоход-150,69450.0,,{},2026-05-15_13-06-12_unknown_supplier_праи_с_юлас_12_05.xls,905
yulas,unknown supplier праи с юлас 12 05,СИБИРЬ печь-камин СИБИРЬ-6 до чугун 120куб.м дымоход-115,32000.0,1.0,"{""Остаток"": 1.0}",2026-05-15_13-06-12_unknown_supplier_праи_с_юлас_12_05.xls,906
yulas,unknown supplier праи с юлас 12 05,СИБИРЬ печь-камин СИБИРЬ-7 до чугун 120куб.м дымоход-150,42950.0,,{},2026-05-15_13-06-12_unknown_supplier_праи_с_юлас_12_05.xls,907
yulas,unknown supplier праи с юлас 12 05,СИБИРЬ стартовая труба для печи-камина СИБИРЬ-6 дымоход-115,3400.0,1.0,"{""Остаток"": 1.0}",2026-05-15_13-06-12_unknown_supplier_праи_с_юлас_12_05.xls,908
yulas,unknown supplier праи с юлас 12 05,СИБИРЬ-ПОЛИГОН печь,5750.0,,{},2026-05-15_13-06-12_unknown_supplier_праи_с_юлас_12_05.xls,909
yulas,unknown supplier праи с юлас 12 05,"СИБИРЯЧКА-6 печь с кожухом из нерж.100 куб.м топка 35,5см дым-115",19700.0,2.0,"{""Остаток"": 2.0}",2026-05-15_13-06-12_unknown_supplier_праи_с_юлас_12_05.xls,910
yulas,unknown supplier праи с юлас 12 05,СИБИРЯЧКА-9 печь с кожухом из нерж.150 куб.м топка 45см дым-115,21400.0,2.0,"{""Остаток"": 2.0}",2026-05-15_13-06-12_unknown_supplier_праи_с_юлас_12_05.xls,911
yulas,unknown supplier праи с юлас 12 05,"Тандыра ""Семейного"" чехол большой",1750.0,1.0,"{""Остаток"": 1.0}",2026-05-15_13-06-12_unknown_supplier_праи_с_юлас_12_05.xls,912
yulas,unknown supplier праи с юлас 12 05,Тандыра подставка под крышку,2600.0,2.0,"{""Остаток"": 2.0}",2026-05-15_13-06-12_unknown_supplier_праи_с_юлас_12_05.xls,913
yulas,unknown supplier праи с юлас 12 05,Термометр ТБП 63Ю/Тр30-(0-120)С,1000.0,5.0,"{""Остаток"": 5.0}",2026-05-15_13-06-12_unknown_supplier_праи_с_юлас_12_05.xls,914
yulas,unknown supplier праи с юлас 12 05,Насос для повышения давления OASIS CRР-15/9,2900.0,22.0,"{""Остаток"": 22.0}",2026-05-15_13-06-12_unknown_supplier_праи_с_юлас_12_05.xls,916
yulas,unknown supplier праи с юлас 12 05,Насос циркуляционный OASIS CR 25/4,1950.0,7.0,"{""Остаток"": 7.0}",2026-05-15_13-06-12_unknown_supplier_праи_с_юлас_12_05.xls,917
yulas,unknown supplier праи с юлас 12 05,Насос циркуляционный OASIS CR 25/6,2150.0,,{},2026-05-15_13-06-12_unknown_supplier_праи_с_юлас_12_05.xls,918
yulas,unknown supplier праи с юлас 12 05,Насос циркуляционный OASIS CR 32/4,2150.0,14.0,"{""Остаток"": 14.0}",2026-05-15_13-06-12_unknown_supplier_праи_с_юлас_12_05.xls,919
yulas,unknown supplier праи с юлас 12 05,Насос циркуляционный OASIS CR 32/6,2200.0,6.0,"{""Остаток"": 6.0}",2026-05-15_13-06-12_unknown_supplier_праи_с_юлас_12_05.xls,920
yulas,unknown supplier праи с юлас 12 05,"Ящик (ПЛАСТИКОВ.) для счетчиков узких G-4,G-4T 1.2л",450.0,,{},2026-05-15_13-06-12_unknown_supplier_праи_с_юлас_12_05.xls,921
yulas,unknown supplier праи с юлас 12 05,"Ящик (УЗКИЙ) для счетчиков узких G-4,G-4T 1.2л",950.0,,{},2026-05-15_13-06-12_unknown_supplier_праи_с_юлас_12_05.xls,922
yulas,unknown supplier праи с юлас 12 05,"Ящик (ШИРОКИЙ) для счетчиков широких G-4,G-4T(2,0л), G-6,G-6T",1050.0,,{},2026-05-15_13-06-12_unknown_supplier_праи_с_юлас_12_05.xls,923
yulas,unknown supplier праи с юлас 12 05,"Ящик (ШИРОКИЙ) МИНСКИЙ для счетчиков широких G-4,G-4T(2,0л), G-6,G-6T",1200.0,,{},2026-05-15_13-06-12_unknown_supplier_праи_с_юлас_12_05.xls,924
yulas,unknown supplier праи с юлас 12 05,"EURO FLEX Газовая подводка1/2"" 3.5 м г/ш",180.0,7.0,"{""Остаток"": 7.0}",2026-05-15_13-06-12_unknown_supplier_праи_с_юлас_12_05.xls,926
yulas,unknown supplier праи с юлас 12 05,"EURO FLEX Газовая подводка1/2"" 5.0м г/г",500.0,1.0,"{""Остаток"": 1.0}",2026-05-15_13-06-12_unknown_supplier_праи_с_юлас_12_05.xls,927
yulas,unknown supplier праи с юлас 12 05,"Газ.подводка TUBO 3/4"" 0,8м г/ш (фикс.)",210.0,,{},2026-05-15_13-06-12_unknown_supplier_праи_с_юлас_12_05.xls,929
yulas,unknown supplier праи с юлас 12 05,"Газ.подводка TUBO 3/4"" 1,2м г/ш (фикс.)",310.0,,{},2026-05-15_13-06-12_unknown_supplier_праи_с_юлас_12_05.xls,930
yulas,unknown supplier праи с юлас 12 05,"Газ.подводка TUBO 3/4"" 2,0м г/ш (фикс.)",460.0,6.0,"{""Остаток"": 6.0}",2026-05-15_13-06-12_unknown_supplier_праи_с_юлас_12_05.xls,931
yulas,unknown supplier праи с юлас 12 05,"Газ.подводка TUBO 3/4"" 2,5м г/ш (фикс.)",490.0,12.0,"{""Остаток"": 12.0}",2026-05-15_13-06-12_unknown_supplier_праи_с_юлас_12_05.xls,932
yulas,unknown supplier праи с юлас 12 05,"Газ.подводка TUBO 3/4"" 3,0м г/ш (фикс.)",530.0,15.0,"{""Остаток"": 15.0}",2026-05-15_13-06-12_unknown_supplier_праи_с_юлас_12_05.xls,933
yulas,unknown supplier праи с юлас 12 05,CТАНЦИЯ ВОД.МАСТЕР-ЛИДЕР 120-Ч-24 чугун.корп.насоса 1160Вт напор-50м подача 120л/мин hвсас-12м,4200.0,1.0,"{""Остаток"": 1.0}",2026-05-15_13-06-12_unknown_supplier_праи_с_юлас_12_05.xls,935
yulas,unknown supplier праи с юлас 12 05,MAN-50 вытяжка коричневая,1750.0,1.0,"{""Остаток"": 1.0}",2026-05-15_13-06-12_unknown_supplier_праи_с_юлас_12_05.xls,936
yulas,unknown supplier праи с юлас 12 05,"ВСТАВКА (муфта) диэлектр.1/2""х1/2""",70.0,,{},2026-05-15_13-06-12_unknown_supplier_праи_с_юлас_12_05.xls,937
yulas,unknown supplier праи с юлас 12 05,"ВСТАВКА (муфта) диэлектр.3/4""х3/4""",100.0,13.0,"{""Остаток"": 13.0}",2026-05-15_13-06-12_unknown_supplier_праи_с_юлас_12_05.xls,938
yulas,unknown supplier праи с юлас 12 05,КТЗ-15-00 внутр/нар. клапан термозапорный,150.0,,{},2026-05-15_13-06-12_unknown_supplier_праи_с_юлас_12_05.xls,939
yulas,unknown supplier праи с юлас 12 05,КТЗ-15-01 внутр/внутр. клапан термозапорный,150.0,113.0,"{""Остаток"": 113.0}",2026-05-15_13-06-12_unknown_supplier_праи_с_юлас_12_05.xls,940
yulas,unknown supplier праи с юлас 12 05,КТЗ-20-00 внутр/нар. клапан термозапорный,220.0,,{},2026-05-15_13-06-12_unknown_supplier_праи_с_юлас_12_05.xls,941
yulas,unknown supplier праи с юлас 12 05,КТЗ-20-01 внутр/внутр. клапан термозапорный,220.0,12.0,"{""Остаток"": 12.0}",2026-05-15_13-06-12_unknown_supplier_праи_с_юлас_12_05.xls,942
yulas,unknown supplier праи с юлас 12 05,КТЗ-25 внутр/нар. клапан термозапорный,300.0,,{},2026-05-15_13-06-12_unknown_supplier_праи_с_юлас_12_05.xls,943
yulas,unknown supplier праи с юлас 12 05,КТЗ-25-01 внутр/внутр.. клапан термозапорный,300.0,,{},2026-05-15_13-06-12_unknown_supplier_праи_с_юлас_12_05.xls,944
yulas,unknown supplier праи с юлас 12 05,КТЗ-32 внутр/нар. клапан термозапорный,500.0,18.0,"{""Остаток"": 18.0}",2026-05-15_13-06-12_unknown_supplier_праи_с_юлас_12_05.xls,945
yulas,unknown supplier праи с юлас 12 05,КТЗ-32-01 внутр/внутр. клапан термозапорный,500.0,7.0,"{""Остаток"": 7.0}",2026-05-15_13-06-12_unknown_supplier_праи_с_юлас_12_05.xls,946
yulas,unknown supplier праи с юлас 12 05,СТИРАЛЬНАЯ МАШИНА TM FRESHHXPB605-578 SEwith pump (6 кг),3900.0,1.0,"{""Остаток"": 1.0}",2026-05-15_13-06-12_unknown_supplier_праи_с_юлас_12_05.xls,947
yulas,unknown supplier праи с юлас 12 05,ТЕПЛОВЕНТИЛЯТОР ДАРЛАЙН,1500.0,1.0,"{""Остаток"": 1.0}",2026-05-15_13-06-12_unknown_supplier_праи_с_юлас_12_05.xls,948
yulas,unknown supplier праи с юлас 12 05,УГОЛОК - 90 кор.(МАН),80.0,1.0,"{""Остаток"": 1.0}",2026-05-15_13-06-12_unknown_supplier_праи_с_юлас_12_05.xls,949
yulas,unknown supplier праи с юлас 12 05,Фильтр газовый,50.0,,{},2026-05-15_13-06-12_unknown_supplier_праи_с_юлас_12_05.xls,950
yulas,unknown supplier праи с юлас 12 05,Фильтр газовый колба,25.0,,{},2026-05-15_13-06-12_unknown_supplier_праи_с_юлас_12_05.xls,951
yulas,unknown supplier праи с юлас 12 05,"Штуцера ""25 паранитов. (пара) для счетчиков G-4,G-6",150.0,2.0,"{""Остаток"": 2.0}",2026-05-15_13-06-12_unknown_supplier_праи_с_юлас_12_05.xls,952
yulas,unknown supplier праи с юлас 12 05,"Штуцера ""25 резинов. (пара) для счетчиков G-4,G-6",110.0,,{},2026-05-15_13-06-12_unknown_supplier_праи_с_юлас_12_05.xls,953
yulas,unknown supplier праи с юлас 12 05,"Штуцера ""32 (пара) для счетчика G-10",500.0,,{},2026-05-15_13-06-12_unknown_supplier_праи_с_юлас_12_05.xls,954
yulas,unknown supplier праи с юлас 12 05,"Газ.подводка ELITELINE 1/2"" 4,0м г/ш (фикс.)",400.0,3.0,"{""Остаток"": 3.0}",2026-05-15_13-06-12_unknown_supplier_праи_с_юлас_12_05.xls,955
yulas,unknown supplier праи с юлас 12 05,"Газ.подводка IDROS 1/2"" 0,5-1,0м г/г (сжатый)",300.0,12.0,"{""Остаток"": 12.0}",2026-05-15_13-06-12_unknown_supplier_праи_с_юлас_12_05.xls,956
yulas,unknown supplier праи с юлас 12 05,"КИТ-ПРОМ газ.шланг мод.G, 1/2 100см ГГ черный",190.0,,{},2026-05-15_13-06-12_unknown_supplier_праи_с_юлас_12_05.xls,958
yulas,unknown supplier праи с юлас 12 05,"КИТ-ПРОМ газ.шланг мод.G, 1/2 100см ГШ черный",190.0,29.0,"{""Остаток"": 29.0}",2026-05-15_13-06-12_unknown_supplier_праи_с_юлас_12_05.xls,959
yulas,unknown supplier праи с юлас 12 05,"КИТ-ПРОМ газ.шланг мод.G, 1/2 150см ГГ черный",230.0,,{},2026-05-15_13-06-12_unknown_supplier_праи_с_юлас_12_05.xls,960
yulas,unknown supplier праи с юлас 12 05,"КИТ-ПРОМ газ.шланг мод.G, 1/2 150см ГШ черный",230.0,,{},2026-05-15_13-06-12_unknown_supplier_праи_с_юлас_12_05.xls,961
yulas,unknown supplier праи с юлас 12 05,"КИТ-ПРОМ газ.шланг мод.G, 1/2 200см ГГ черный",250.0,,{},2026-05-15_13-06-12_unknown_supplier_праи_с_юлас_12_05.xls,962
yulas,unknown supplier праи с юлас 12 05,"КИТ-ПРОМ газ.шланг мод.G, 1/2 200см ГШ черный",250.0,14.0,"{""Остаток"": 14.0}",2026-05-15_13-06-12_unknown_supplier_праи_с_юлас_12_05.xls,963
yulas,unknown supplier праи с юлас 12 05,"КИТ-ПРОМ газ.шланг мод.G, 1/2 250см ГГ черный",280.0,,{},2026-05-15_13-06-12_unknown_supplier_праи_с_юлас_12_05.xls,964
yulas,unknown supplier праи с юлас 12 05,"КИТ-ПРОМ газ.шланг мод.G, 1/2 250см ГШ черный",280.0,72.0,"{""Остаток"": 72.0}",2026-05-15_13-06-12_unknown_supplier_праи_с_юлас_12_05.xls,965
yulas,unknown supplier праи с юлас 12 05,"КИТ-ПРОМ газ.шланг мод.G, 1/2 300см ГГ черный",380.0,,{},2026-05-15_13-06-12_unknown_supplier_праи_с_юлас_12_05.xls,966
yulas,unknown supplier праи с юлас 12 05,"КИТ-ПРОМ газ.шланг мод.G, 1/2 300см ГШ черный",380.0,23.0,"{""Остаток"": 23.0}",2026-05-15_13-06-12_unknown_supplier_праи_с_юлас_12_05.xls,967
yulas,unknown supplier праи с юлас 12 05,"КИТ-ПРОМ газ.шланг мод.G, 1/2 400см ГГ черный",400.0,11.0,"{""Остаток"": 11.0}",2026-05-15_13-06-12_unknown_supplier_праи_с_юлас_12_05.xls,968
yulas,unknown supplier праи с юлас 12 05,"КИТ-ПРОМ газ.шланг мод.G, 1/2 400см ГШ черный",400.0,4.0,"{""Остаток"": 4.0}",2026-05-15_13-06-12_unknown_supplier_праи_с_юлас_12_05.xls,969
yulas,unknown supplier праи с юлас 12 05,"КИТ-ПРОМ газ.шланг мод.G, 1/2 500см ГГ черный",500.0,,{},2026-05-15_13-06-12_unknown_supplier_праи_с_юлас_12_05.xls,970
yulas,unknown supplier праи с юлас 12 05,"КИТ-ПРОМ газ.шланг мод.G, 1/2 500см ГШ черный",500.0,,{},2026-05-15_13-06-12_unknown_supplier_праи_с_юлас_12_05.xls,971
yulas,unknown supplier праи с юлас 12 05,"КИТ-ПРОМ газ.шланг мод.G, 1/2 600см ГГ черный",550.0,,{},2026-05-15_13-06-12_unknown_supplier_праи_с_юлас_12_05.xls,972
yulas,unknown supplier праи с юлас 12 05,"КИТ-ПРОМ газ.шланг мод.G, 1/2 600см ГШ черный",550.0,13.0,"{""Остаток"": 13.0}",2026-05-15_13-06-12_unknown_supplier_праи_с_юлас_12_05.xls,973
yulas,unknown supplier праи с юлас 12 05,"КИТ-ПРОМ газ.шланг мод.G, 1/2 700см ГГ черный",630.0,,{},2026-05-15_13-06-12_unknown_supplier_праи_с_юлас_12_05.xls,974
yulas,unknown supplier праи с юлас 12 05,"КИТ-ПРОМ газ.шланг мод.G, 1/2 700см ГШ черный",630.0,4.0,"{""Остаток"": 4.0}",2026-05-15_13-06-12_unknown_supplier_праи_с_юлас_12_05.xls,975
yulas,unknown supplier праи с юлас 12 05,"КИТ-ПРОМ газ.шланг мод.G, 1/2 800см ГГ черный",700.0,,{},2026-05-15_13-06-12_unknown_supplier_праи_с_юлас_12_05.xls,976
yulas,unknown supplier праи с юлас 12 05,"КИТ-ПРОМ газ.шланг мод.G, 1/2 800см ГШ черный",700.0,4.0,"{""Остаток"": 4.0}",2026-05-15_13-06-12_unknown_supplier_праи_с_юлас_12_05.xls,977
yulas,unknown supplier праи с юлас 12 05,"КИТ-ПРОМ газ.шланг мод.Т, 1/2 100см ГГ белый",190.0,,{},2026-05-15_13-06-12_unknown_supplier_праи_с_юлас_12_05.xls,978
yulas,unknown supplier праи с юлас 12 05,"КИТ-ПРОМ газ.шланг мод.Т, 1/2 100см ГШ белый",190.0,7.0,"{""Остаток"": 7.0}",2026-05-15_13-06-12_unknown_supplier_праи_с_юлас_12_05.xls,979
yulas,unknown supplier праи с юлас 12 05,"КИТ-ПРОМ газ.шланг мод.Т, 1/2 150см ГГ белый",230.0,,{},2026-05-15_13-06-12_unknown_supplier_праи_с_юлас_12_05.xls,980
yulas,unknown supplier праи с юлас 12 05,"КИТ-ПРОМ газ.шланг мод.Т, 1/2 150см ГШ белый",230.0,,{},2026-05-15_13-06-12_unknown_supplier_праи_с_юлас_12_05.xls,981
yulas,unknown supplier праи с юлас 12 05,"КИТ-ПРОМ газ.шланг мод.Т, 1/2 200см ГГ белый",250.0,,{},2026-05-15_13-06-12_unknown_supplier_праи_с_юлас_12_05.xls,982
yulas,unknown supplier праи с юлас 12 05,"КИТ-ПРОМ газ.шланг мод.Т, 1/2 200см ГШ белый",250.0,,{},2026-05-15_13-06-12_unknown_supplier_праи_с_юлас_12_05.xls,983
yulas,unknown supplier праи с юлас 12 05,"КИТ-ПРОМ газ.шланг мод.Т, 1/2 250см ГГ белый",280.0,,{},2026-05-15_13-06-12_unknown_supplier_праи_с_юлас_12_05.xls,984
yulas,unknown supplier праи с юлас 12 05,"КИТ-ПРОМ газ.шланг мод.Т, 1/2 250см ГШ белый",280.0,,{},2026-05-15_13-06-12_unknown_supplier_праи_с_юлас_12_05.xls,985
yulas,unknown supplier праи с юлас 12 05,"КИТ-ПРОМ газ.шланг мод.Т, 1/2 300см ГГ белый",380.0,,{},2026-05-15_13-06-12_unknown_supplier_праи_с_юлас_12_05.xls,986
yulas,unknown supplier праи с юлас 12 05,"КИТ-ПРОМ газ.шланг мод.Т, 1/2 300см ГШ белый",380.0,,{},2026-05-15_13-06-12_unknown_supplier_праи_с_юлас_12_05.xls,987
yulas,unknown supplier праи с юлас 12 05,"КИТ-ПРОМ газ.шланг мод.Т, 1/2 400см ГГ белый",400.0,6.0,"{""Остаток"": 6.0}",2026-05-15_13-06-12_unknown_supplier_праи_с_юлас_12_05.xls,988
yulas,unknown supplier праи с юлас 12 05,"КИТ-ПРОМ газ.шланг мод.Т, 1/2 400см ГШ белый",400.0,2.0,"{""Остаток"": 2.0}",2026-05-15_13-06-12_unknown_supplier_праи_с_юлас_12_05.xls,989
yulas,unknown supplier праи с юлас 12 05,"КИТ-ПРОМ газ.шланг мод.Т, 1/2 500см ГГ белый",500.0,6.0,"{""Остаток"": 6.0}",2026-05-15_13-06-12_unknown_supplier_праи_с_юлас_12_05.xls,990
yulas,unknown supplier праи с юлас 12 05,"КИТ-ПРОМ газ.шланг мод.Т, 1/2 500см ГШ белый",500.0,6.0,"{""Остаток"": 6.0}",2026-05-15_13-06-12_unknown_supplier_праи_с_юлас_12_05.xls,991
yulas,unknown supplier праи с юлас 12 05,КОНСТРУКТ 1/2 Шланг 100см ГГ белый,190.0,,{},2026-05-15_13-06-12_unknown_supplier_праи_с_юлас_12_05.xls,993
yulas,unknown supplier праи с юлас 12 05,КОНСТРУКТ 1/2 Шланг 100см ГШ белый,190.0,,{},2026-05-15_13-06-12_unknown_supplier_праи_с_юлас_12_05.xls,994
yulas,unknown supplier праи с юлас 12 05,КОНСТРУКТ 1/2 Шланг 120см ГГ белый,210.0,,{},2026-05-15_13-06-12_unknown_supplier_праи_с_юлас_12_05.xls,995
yulas,unknown supplier праи с юлас 12 05,КОНСТРУКТ 1/2 Шланг 120см ГШ белый,210.0,,{},2026-05-15_13-06-12_unknown_supplier_праи_с_юлас_12_05.xls,996
yulas,unknown supplier праи с юлас 12 05,КОНСТРУКТ 1/2 Шланг 150см ГГ белый,230.0,,{},2026-05-15_13-06-12_unknown_supplier_праи_с_юлас_12_05.xls,997
yulas,unknown supplier праи с юлас 12 05,КОНСТРУКТ 1/2 Шланг 150см ГШ белый,230.0,,{},2026-05-15_13-06-12_unknown_supplier_праи_с_юлас_12_05.xls,998
yulas,unknown supplier праи с юлас 12 05,КОНСТРУКТ 1/2 Шланг 200см ГГ белый,250.0,,{},2026-05-15_13-06-12_unknown_supplier_праи_с_юлас_12_05.xls,999
yulas,unknown supplier праи с юлас 12 05,КОНСТРУКТ 1/2 Шланг 200см ГШ белый,250.0,,{},2026-05-15_13-06-12_unknown_supplier_праи_с_юлас_12_05.xls,1000
yulas,unknown supplier праи с юлас 12 05,КОНСТРУКТ 1/2 Шланг 250см ГГ белый,280.0,,{},2026-05-15_13-06-12_unknown_supplier_праи_с_юлас_12_05.xls,1001
yulas,unknown supplier праи с юлас 12 05,КОНСТРУКТ 1/2 Шланг 250см ГШ белый,280.0,,{},2026-05-15_13-06-12_unknown_supplier_праи_с_юлас_12_05.xls,1002
yulas,unknown supplier праи с юлас 12 05,КОНСТРУКТ 1/2 Шланг 300см ГГ белый,320.0,1.0,"{""Остаток"": 1.0}",2026-05-15_13-06-12_unknown_supplier_праи_с_юлас_12_05.xls,1003
yulas,unknown supplier праи с юлас 12 05,КОНСТРУКТ 1/2 Шланг 300см ГШ белый,320.0,,{},2026-05-15_13-06-12_unknown_supplier_праи_с_юлас_12_05.xls,1004
yulas,unknown supplier праи с юлас 12 05,КОНСТРУКТ 1/2 Шланг 350см ГГ белый,360.0,19.0,"{""Остаток"": 19.0}",2026-05-15_13-06-12_unknown_supplier_праи_с_юлас_12_05.xls,1005
yulas,unknown supplier праи с юлас 12 05,КОНСТРУКТ 1/2 Шланг 350см ГШ белый,360.0,,{},2026-05-15_13-06-12_unknown_supplier_праи_с_юлас_12_05.xls,1006
yulas,unknown supplier праи с юлас 12 05,КОНСТРУКТ 1/2 Шланг 400см ГГ белый,400.0,4.0,"{""Остаток"": 4.0}",2026-05-15_13-06-12_unknown_supplier_праи_с_юлас_12_05.xls,1007
yulas,unknown supplier праи с юлас 12 05,КОНСТРУКТ 1/2 Шланг 400см ГШ белый,400.0,,{},2026-05-15_13-06-12_unknown_supplier_праи_с_юлас_12_05.xls,1008
yulas,unknown supplier праи с юлас 12 05,КОНСТРУКТ 1/2 Шланг 500см ГГ белый,500.0,,{},2026-05-15_13-06-12_unknown_supplier_праи_с_юлас_12_05.xls,1009
yulas,unknown supplier праи с юлас 12 05,КОНСТРУКТ 1/2 Шланг 500см ГШ белый,500.0,,{},2026-05-15_13-06-12_unknown_supplier_праи_с_юлас_12_05.xls,1010
yulas,unknown supplier праи с юлас 12 05,КОНСТРУКТ 3/4 Шланг 100см ГГ черный,230.0,,{},2026-05-15_13-06-12_unknown_supplier_праи_с_юлас_12_05.xls,1011
yulas,unknown supplier праи с юлас 12 05,КОНСТРУКТ 3/4 Шланг 100см ГШ черный,230.0,,{},2026-05-15_13-06-12_unknown_supplier_праи_с_юлас_12_05.xls,1012
yulas,unknown supplier праи с юлас 12 05,КОНСТРУКТ 3/4 Шланг 120см ГГ черный,250.0,6.0,"{""Остаток"": 6.0}",2026-05-15_13-06-12_unknown_supplier_праи_с_юлас_12_05.xls,1013
yulas,unknown supplier праи с юлас 12 05,КОНСТРУКТ 3/4 Шланг 120см ГШ черный,250.0,,{},2026-05-15_13-06-12_unknown_supplier_праи_с_юлас_12_05.xls,1014
yulas,unknown supplier праи с юлас 12 05,КОНСТРУКТ 3/4 Шланг 150см ГГ черный,270.0,,{},2026-05-15_13-06-12_unknown_supplier_праи_с_юлас_12_05.xls,1015
yulas,unknown supplier праи с юлас 12 05,КОНСТРУКТ 3/4 Шланг 150см ГШ черный,270.0,1.0,"{""Остаток"": 1.0}",2026-05-15_13-06-12_unknown_supplier_праи_с_юлас_12_05.xls,1016
